orderID,productID,unitPrice,quantity,discount,customerID,employeeID,orderDate,requiredDate,shippedDate,freight,shipCity,shipCountry,customerCompany,customerContact,customerCity,customerCountry,productName,supplierID,categoryID,quantityPerUnit,discontinued,categoryName,supplierCompany,supplierCountry,employeeName,employeeTitle,shipperName,lineTotal
10248,11,14.0,12,0.0,VINET,5,1996-07-04,1996-08-01,1996-07-16,32.38,Reims,France,Vins et alcools Chevalier,Paul Henriot,Reims,France,Queso Cabrales,5,4,1 kg pkg.,0,Dairy Products,Cooperativa de Quesos 'Las Cabras',Spain,Steven Buchanan,Sales Manager,Federal Shipping,168.0
10248,42,9.8,10,0.0,VINET,5,1996-07-04,1996-08-01,1996-07-16,32.38,Reims,France,Vins et alcools Chevalier,Paul Henriot,Reims,France,Singaporean Hokkien Fried Mee,20,5,32 - 1 kg pkgs.,1,Grains/Cereals,Leka Trading,Singapore,Steven Buchanan,Sales Manager,Federal Shipping,98.0
10248,72,34.8,5,0.0,VINET,5,1996-07-04,1996-08-01,1996-07-16,32.38,Reims,France,Vins et alcools Chevalier,Paul Henriot,Reims,France,Mozzarella di Giovanni,14,4,24 - 200 g pkgs.,0,Dairy Products,Formaggi Fortini s.r.l.,Italy,Steven Buchanan,Sales Manager,Federal Shipping,174.0
10249,14,18.6,9,0.0,TOMSP,6,1996-07-05,1996-08-16,1996-07-10,11.61,Münster,Germany,Toms Spezialitäten,Karin Josephs,Münster,Germany,Tofu,6,7,40 - 100 g pkgs.,0,Produce,Mayumi's,Japan,Michael Suyama,Sales Representative,Speedy Express,167.4
10249,51,42.4,40,0.0,TOMSP,6,1996-07-05,1996-08-16,1996-07-10,11.61,Münster,Germany,Toms Spezialitäten,Karin Josephs,Münster,Germany,Manjimup Dried Apples,24,7,50 - 300 g pkgs.,0,Produce,G'day Mate,Australia,Michael Suyama,Sales Representative,Speedy Express,1696.0
10250,41,7.7,10,0.0,HANAR,4,1996-07-08,1996-08-05,1996-07-12,65.83,Rio de Janeiro,Brazil,Hanari Carnes,Mario Pontes,Rio de Janeiro,Brazil,Jack's New England Clam Chowder,19,8,12 - 12 oz cans,0,Seafood,New England Seafood Cannery,USA,Margaret Peacock,Sales Representative,United Package,77.0
10250,51,42.4,35,0.15,HANAR,4,1996-07-08,1996-08-05,1996-07-12,65.83,Rio de Janeiro,Brazil,Hanari Carnes,Mario Pontes,Rio de Janeiro,Brazil,Manjimup Dried Apples,24,7,50 - 300 g pkgs.,0,Produce,G'day Mate,Australia,Margaret Peacock,Sales Representative,United Package,1261.4
10250,65,16.8,15,0.15,HANAR,4,1996-07-08,1996-08-05,1996-07-12,65.83,Rio de Janeiro,Brazil,Hanari Carnes,Mario Pontes,Rio de Janeiro,Brazil,Louisiana Fiery Hot Pepper Sauce,2,2,32 - 8 oz bottles,0,Condiments,New Orleans Cajun Delights,USA,Margaret Peacock,Sales Representative,United Package,214.2
10251,22,16.8,6,0.05,VICTE,3,1996-07-08,1996-08-05,1996-07-15,41.34,Lyon,France,Victuailles en stock,Mary Saveley,Lyon,France,Gustaf's Knäckebröd,9,5,24 - 500 g pkgs.,0,Grains/Cereals,PB Knäckebröd AB,Sweden,Janet Leverling,Sales Representative,Speedy Express,95.76
10251,57,15.6,15,0.05,VICTE,3,1996-07-08,1996-08-05,1996-07-15,41.34,Lyon,France,Victuailles en stock,Mary Saveley,Lyon,France,Ravioli Angelo,26,5,24 - 250 g pkgs.,0,Grains/Cereals,Pasta Buttini s.r.l.,Italy,Janet Leverling,Sales Representative,Speedy Express,222.3
10251,65,16.8,20,0.0,VICTE,3,1996-07-08,1996-08-05,1996-07-15,41.34,Lyon,France,Victuailles en stock,Mary Saveley,Lyon,France,Louisiana Fiery Hot Pepper Sauce,2,2,32 - 8 oz bottles,0,Condiments,New Orleans Cajun Delights,USA,Janet Leverling,Sales Representative,Speedy Express,336.0
10252,20,64.8,40,0.05,SUPRD,4,1996-07-09,1996-08-06,1996-07-11,51.3,Charleroi,Belgium,Suprêmes délices,Pascale Cartrain,Charleroi,Belgium,Sir Rodney's Marmalade,8,3,30 gift boxes,0,Confections,Specialty Biscuits Ltd.,UK,Margaret Peacock,Sales Representative,United Package,2462.4
10252,33,2.0,25,0.05,SUPRD,4,1996-07-09,1996-08-06,1996-07-11,51.3,Charleroi,Belgium,Suprêmes délices,Pascale Cartrain,Charleroi,Belgium,Geitost,15,4,500 g,0,Dairy Products,Norske Meierier,Norway,Margaret Peacock,Sales Representative,United Package,47.5
10252,60,27.2,40,0.0,SUPRD,4,1996-07-09,1996-08-06,1996-07-11,51.3,Charleroi,Belgium,Suprêmes délices,Pascale Cartrain,Charleroi,Belgium,Camembert Pierrot,28,4,15 - 300 g rounds,0,Dairy Products,Gai pâturage,France,Margaret Peacock,Sales Representative,United Package,1088.0
10253,31,10.0,20,0.0,HANAR,3,1996-07-10,1996-07-24,1996-07-16,58.17,Rio de Janeiro,Brazil,Hanari Carnes,Mario Pontes,Rio de Janeiro,Brazil,Gorgonzola Telino,14,4,12 - 100 g pkgs,0,Dairy Products,Formaggi Fortini s.r.l.,Italy,Janet Leverling,Sales Representative,United Package,200.0
10253,39,14.4,42,0.0,HANAR,3,1996-07-10,1996-07-24,1996-07-16,58.17,Rio de Janeiro,Brazil,Hanari Carnes,Mario Pontes,Rio de Janeiro,Brazil,Chartreuse verte,18,1,750 cc per bottle,0,Beverages,Aux joyeux ecclésiastiques,France,Janet Leverling,Sales Representative,United Package,604.8
10253,49,16.0,40,0.0,HANAR,3,1996-07-10,1996-07-24,1996-07-16,58.17,Rio de Janeiro,Brazil,Hanari Carnes,Mario Pontes,Rio de Janeiro,Brazil,Maxilaku,23,3,24 - 50 g pkgs.,0,Confections,Karkki Oy,Finland,Janet Leverling,Sales Representative,United Package,640.0
10254,24,3.6,15,0.15,CHOPS,5,1996-07-11,1996-08-08,1996-07-23,22.98,Bern,Switzerland,Chop-suey Chinese,Yang Wang,Bern,Switzerland,Guaraná Fantástica,10,1,12 - 355 ml cans,1,Beverages,Refrescos Americanas LTDA,Brazil,Steven Buchanan,Sales Manager,United Package,45.9
10254,55,19.2,21,0.15,CHOPS,5,1996-07-11,1996-08-08,1996-07-23,22.98,Bern,Switzerland,Chop-suey Chinese,Yang Wang,Bern,Switzerland,Pâté chinois,25,6,24 boxes x 2 pies,0,Meat/Poultry,Ma Maison,Canada,Steven Buchanan,Sales Manager,United Package,342.72
10254,74,8.0,21,0.0,CHOPS,5,1996-07-11,1996-08-08,1996-07-23,22.98,Bern,Switzerland,Chop-suey Chinese,Yang Wang,Bern,Switzerland,Longlife Tofu,4,7,5 kg pkg.,0,Produce,Tokyo Traders,Japan,Steven Buchanan,Sales Manager,United Package,168.0
10255,2,15.2,20,0.0,RICSU,9,1996-07-12,1996-08-09,1996-07-15,148.33,Genève,Switzerland,Richter Supermarkt,Michael Holz,Genève,Switzerland,Chang,1,1,24 - 12 oz bottles,0,Beverages,Exotic Liquids,UK,Anne Dodsworth,Sales Representative,Federal Shipping,304.0
10255,16,13.9,35,0.0,RICSU,9,1996-07-12,1996-08-09,1996-07-15,148.33,Genève,Switzerland,Richter Supermarkt,Michael Holz,Genève,Switzerland,Pavlova,7,3,32 - 500 g boxes,0,Confections,Pavlova Ltd.,Australia,Anne Dodsworth,Sales Representative,Federal Shipping,486.5
10255,36,15.2,25,0.0,RICSU,9,1996-07-12,1996-08-09,1996-07-15,148.33,Genève,Switzerland,Richter Supermarkt,Michael Holz,Genève,Switzerland,Inlagd Sill,17,8,24 - 250 g  jars,0,Seafood,Svensk Sjöföda AB,Sweden,Anne Dodsworth,Sales Representative,Federal Shipping,380.0
10255,59,44.0,30,0.0,RICSU,9,1996-07-12,1996-08-09,1996-07-15,148.33,Genève,Switzerland,Richter Supermarkt,Michael Holz,Genève,Switzerland,Raclette Courdavault,28,4,5 kg pkg.,0,Dairy Products,Gai pâturage,France,Anne Dodsworth,Sales Representative,Federal Shipping,1320.0
10256,53,26.2,15,0.0,WELLI,3,1996-07-15,1996-08-12,1996-07-17,13.97,Resende,Brazil,Wellington Importadora,Paula Parente,Resende,Brazil,Perth Pasties,24,6,48 pieces,1,Meat/Poultry,G'day Mate,Australia,Janet Leverling,Sales Representative,United Package,393.0
10256,77,10.4,12,0.0,WELLI,3,1996-07-15,1996-08-12,1996-07-17,13.97,Resende,Brazil,Wellington Importadora,Paula Parente,Resende,Brazil,Original Frankfurter grüne Soße,12,2,12 boxes,0,Condiments,Plutzer Lebensmittelgroßmärkte AG,Germany,Janet Leverling,Sales Representative,United Package,124.8
10257,27,35.1,25,0.0,HILAA,4,1996-07-16,1996-08-13,1996-07-22,81.91,San Cristóbal,Venezuela,HILARION-Abastos,Carlos Hernández,San Cristóbal,Venezuela,Schoggi Schokolade,11,3,100 - 100 g pieces,0,Confections,Heli Süßwaren GmbH & Co. KG,Germany,Margaret Peacock,Sales Representative,Federal Shipping,877.5
10257,39,14.4,6,0.0,HILAA,4,1996-07-16,1996-08-13,1996-07-22,81.91,San Cristóbal,Venezuela,HILARION-Abastos,Carlos Hernández,San Cristóbal,Venezuela,Chartreuse verte,18,1,750 cc per bottle,0,Beverages,Aux joyeux ecclésiastiques,France,Margaret Peacock,Sales Representative,Federal Shipping,86.4
10257,77,10.4,15,0.0,HILAA,4,1996-07-16,1996-08-13,1996-07-22,81.91,San Cristóbal,Venezuela,HILARION-Abastos,Carlos Hernández,San Cristóbal,Venezuela,Original Frankfurter grüne Soße,12,2,12 boxes,0,Condiments,Plutzer Lebensmittelgroßmärkte AG,Germany,Margaret Peacock,Sales Representative,Federal Shipping,156.0
10258,2,15.2,50,0.2,ERNSH,1,1996-07-17,1996-08-14,1996-07-23,140.51,Graz,Austria,Ernst Handel,Roland Mendel,Graz,Austria,Chang,1,1,24 - 12 oz bottles,0,Beverages,Exotic Liquids,UK,Nancy Davolio,Sales Representative,Speedy Express,608.0
10258,5,17.0,65,0.2,ERNSH,1,1996-07-17,1996-08-14,1996-07-23,140.51,Graz,Austria,Ernst Handel,Roland Mendel,Graz,Austria,Chef Anton's Gumbo Mix,2,2,36 boxes,1,Condiments,New Orleans Cajun Delights,USA,Nancy Davolio,Sales Representative,Speedy Express,884.0
10258,32,25.6,6,0.2,ERNSH,1,1996-07-17,1996-08-14,1996-07-23,140.51,Graz,Austria,Ernst Handel,Roland Mendel,Graz,Austria,Mascarpone Fabioli,14,4,24 - 200 g pkgs.,0,Dairy Products,Formaggi Fortini s.r.l.,Italy,Nancy Davolio,Sales Representative,Speedy Express,122.88
10259,21,8.0,10,0.0,CENTC,4,1996-07-18,1996-08-15,1996-07-25,3.25,México D.F.,Mexico,Centro comercial Moctezuma,Francisco Chang,México D.F.,Mexico,Sir Rodney's Scones,8,3,24 pkgs. x 4 pieces,0,Confections,Specialty Biscuits Ltd.,UK,Margaret Peacock,Sales Representative,Federal Shipping,80.0
10259,37,20.8,1,0.0,CENTC,4,1996-07-18,1996-08-15,1996-07-25,3.25,México D.F.,Mexico,Centro comercial Moctezuma,Francisco Chang,México D.F.,Mexico,Gravad lax,17,8,12 - 500 g pkgs.,0,Seafood,Svensk Sjöföda AB,Sweden,Margaret Peacock,Sales Representative,Federal Shipping,20.8
10260,41,7.7,16,0.25,OTTIK,4,1996-07-19,1996-08-16,1996-07-29,55.09,Köln,Germany,Ottilies Käseladen,Henriette Pfalzheim,Köln,Germany,Jack's New England Clam Chowder,19,8,12 - 12 oz cans,0,Seafood,New England Seafood Cannery,USA,Margaret Peacock,Sales Representative,Speedy Express,92.4
10260,57,15.6,50,0.0,OTTIK,4,1996-07-19,1996-08-16,1996-07-29,55.09,Köln,Germany,Ottilies Käseladen,Henriette Pfalzheim,Köln,Germany,Ravioli Angelo,26,5,24 - 250 g pkgs.,0,Grains/Cereals,Pasta Buttini s.r.l.,Italy,Margaret Peacock,Sales Representative,Speedy Express,780.0
10260,62,39.4,15,0.25,OTTIK,4,1996-07-19,1996-08-16,1996-07-29,55.09,Köln,Germany,Ottilies Käseladen,Henriette Pfalzheim,Köln,Germany,Tarte au sucre,29,3,48 pies,0,Confections,Forêts d'érables,Canada,Margaret Peacock,Sales Representative,Speedy Express,443.25
10260,70,12.0,21,0.25,OTTIK,4,1996-07-19,1996-08-16,1996-07-29,55.09,Köln,Germany,Ottilies Käseladen,Henriette Pfalzheim,Köln,Germany,Outback Lager,7,1,24 - 355 ml bottles,0,Beverages,Pavlova Ltd.,Australia,Margaret Peacock,Sales Representative,Speedy Express,189.0
10261,21,8.0,20,0.0,QUEDE,4,1996-07-19,1996-08-16,1996-07-30,3.05,Rio de Janeiro,Brazil,Que Delícia,Bernardo Batista, 12Rio de Janeiro,Brazil,Sir Rodney's Scones,8,3,24 pkgs. x 4 pieces,0,Confections,Specialty Biscuits Ltd.,UK,Margaret Peacock,Sales Representative,United Package,160.0
10261,35,14.4,20,0.0,QUEDE,4,1996-07-19,1996-08-16,1996-07-30,3.05,Rio de Janeiro,Brazil,Que Delícia,Bernardo Batista, 12Rio de Janeiro,Brazil,Steeleye Stout,16,1,24 - 12 oz bottles,0,Beverages,Bigfoot Breweries,USA,Margaret Peacock,Sales Representative,United Package,288.0
10262,5,17.0,12,0.2,RATTC,8,1996-07-22,1996-08-19,1996-07-25,48.29,Albuquerque,USA,Rattlesnake Canyon Grocery,Paula Wilson,Albuquerque,USA,Chef Anton's Gumbo Mix,2,2,36 boxes,1,Condiments,New Orleans Cajun Delights,USA,Laura Callahan,Inside Sales Coordinator,Federal Shipping,163.2
10262,7,24.0,15,0.0,RATTC,8,1996-07-22,1996-08-19,1996-07-25,48.29,Albuquerque,USA,Rattlesnake Canyon Grocery,Paula Wilson,Albuquerque,USA,Uncle Bob's Organic Dried Pears,3,7,12 - 1 lb pkgs.,0,Produce,Grandma Kelly's Homestead,USA,Laura Callahan,Inside Sales Coordinator,Federal Shipping,360.0
10262,56,30.4,2,0.0,RATTC,8,1996-07-22,1996-08-19,1996-07-25,48.29,Albuquerque,USA,Rattlesnake Canyon Grocery,Paula Wilson,Albuquerque,USA,Gnocchi di nonna Alice,26,5,24 - 250 g pkgs.,0,Grains/Cereals,Pasta Buttini s.r.l.,Italy,Laura Callahan,Inside Sales Coordinator,Federal Shipping,60.8
10263,16,13.9,60,0.25,ERNSH,9,1996-07-23,1996-08-20,1996-07-31,146.06,Graz,Austria,Ernst Handel,Roland Mendel,Graz,Austria,Pavlova,7,3,32 - 500 g boxes,0,Confections,Pavlova Ltd.,Australia,Anne Dodsworth,Sales Representative,Federal Shipping,625.5
10263,24,3.6,28,0.0,ERNSH,9,1996-07-23,1996-08-20,1996-07-31,146.06,Graz,Austria,Ernst Handel,Roland Mendel,Graz,Austria,Guaraná Fantástica,10,1,12 - 355 ml cans,1,Beverages,Refrescos Americanas LTDA,Brazil,Anne Dodsworth,Sales Representative,Federal Shipping,100.8
10263,30,20.7,60,0.25,ERNSH,9,1996-07-23,1996-08-20,1996-07-31,146.06,Graz,Austria,Ernst Handel,Roland Mendel,Graz,Austria,Nord-Ost Matjeshering,13,8,10 - 200 g glasses,0,Seafood,Nord-Ost-Fisch Handelsgesellschaft mbH,Germany,Anne Dodsworth,Sales Representative,Federal Shipping,931.5
10263,74,8.0,36,0.25,ERNSH,9,1996-07-23,1996-08-20,1996-07-31,146.06,Graz,Austria,Ernst Handel,Roland Mendel,Graz,Austria,Longlife Tofu,4,7,5 kg pkg.,0,Produce,Tokyo Traders,Japan,Anne Dodsworth,Sales Representative,Federal Shipping,216.0
10264,2,15.2,35,0.0,FOLKO,6,1996-07-24,1996-08-21,1996-08-23,3.67,Bräcke,Sweden,Folk och fä HB,Maria Larsson,Bräcke,Sweden,Chang,1,1,24 - 12 oz bottles,0,Beverages,Exotic Liquids,UK,Michael Suyama,Sales Representative,Federal Shipping,532.0
10264,41,7.7,25,0.15,FOLKO,6,1996-07-24,1996-08-21,1996-08-23,3.67,Bräcke,Sweden,Folk och fä HB,Maria Larsson,Bräcke,Sweden,Jack's New England Clam Chowder,19,8,12 - 12 oz cans,0,Seafood,New England Seafood Cannery,USA,Michael Suyama,Sales Representative,Federal Shipping,163.62
10265,17,31.2,30,0.0,BLONP,2,1996-07-25,1996-08-22,1996-08-12,55.28,Strasbourg,France,Blondesddsl père et fils,Frédérique Citeaux,Strasbourg,France,Alice Mutton,7,6,20 - 1 kg tins,1,Meat/Poultry,Pavlova Ltd.,Australia,Andrew Fuller,Vice President Sales,Speedy Express,936.0
10265,70,12.0,20,0.0,BLONP,2,1996-07-25,1996-08-22,1996-08-12,55.28,Strasbourg,France,Blondesddsl père et fils,Frédérique Citeaux,Strasbourg,France,Outback Lager,7,1,24 - 355 ml bottles,0,Beverages,Pavlova Ltd.,Australia,Andrew Fuller,Vice President Sales,Speedy Express,240.0
10266,12,30.4,12,0.05,WARTH,3,1996-07-26,1996-09-06,1996-07-31,25.73,Oulu,Finland,Wartian Herkku,Pirkko Koskitalo,Oulu,Finland,Queso Manchego La Pastora,5,4,10 - 500 g pkgs.,0,Dairy Products,Cooperativa de Quesos 'Las Cabras',Spain,Janet Leverling,Sales Representative,Federal Shipping,346.56
10267,40,14.7,50,0.0,FRANK,4,1996-07-29,1996-08-26,1996-08-06,208.58,München,Germany,Frankenversand,Peter Franken,München,Germany,Boston Crab Meat,19,8,24 - 4 oz tins,0,Seafood,New England Seafood Cannery,USA,Margaret Peacock,Sales Representative,Speedy Express,735.0
10267,59,44.0,70,0.15,FRANK,4,1996-07-29,1996-08-26,1996-08-06,208.58,München,Germany,Frankenversand,Peter Franken,München,Germany,Raclette Courdavault,28,4,5 kg pkg.,0,Dairy Products,Gai pâturage,France,Margaret Peacock,Sales Representative,Speedy Express,2618.0
10267,76,14.4,15,0.15,FRANK,4,1996-07-29,1996-08-26,1996-08-06,208.58,München,Germany,Frankenversand,Peter Franken,München,Germany,Lakkalikööri,23,1,500 ml,0,Beverages,Karkki Oy,Finland,Margaret Peacock,Sales Representative,Speedy Express,183.6
10268,29,99.0,10,0.0,GROSR,8,1996-07-30,1996-08-27,1996-08-02,66.29,Caracas,Venezuela,GROSELLA-Restaurante,Manuel Pereira,Caracas,Venezuela,Thüringer Rostbratwurst,12,6,50 bags x 30 sausgs.,1,Meat/Poultry,Plutzer Lebensmittelgroßmärkte AG,Germany,Laura Callahan,Inside Sales Coordinator,Federal Shipping,990.0
10268,72,27.8,4,0.0,GROSR,8,1996-07-30,1996-08-27,1996-08-02,66.29,Caracas,Venezuela,GROSELLA-Restaurante,Manuel Pereira,Caracas,Venezuela,Mozzarella di Giovanni,14,4,24 - 200 g pkgs.,0,Dairy Products,Formaggi Fortini s.r.l.,Italy,Laura Callahan,Inside Sales Coordinator,Federal Shipping,111.2
10269,33,2.0,60,0.05,WHITC,5,1996-07-31,1996-08-14,1996-08-09,4.56,Seattle,USA,White Clover Markets,Karl Jablonski,Seattle,USA,Geitost,15,4,500 g,0,Dairy Products,Norske Meierier,Norway,Steven Buchanan,Sales Manager,Speedy Express,114.0
10269,72,27.8,20,0.05,WHITC,5,1996-07-31,1996-08-14,1996-08-09,4.56,Seattle,USA,White Clover Markets,Karl Jablonski,Seattle,USA,Mozzarella di Giovanni,14,4,24 - 200 g pkgs.,0,Dairy Products,Formaggi Fortini s.r.l.,Italy,Steven Buchanan,Sales Manager,Speedy Express,528.2
10270,36,15.2,30,0.0,WARTH,1,1996-08-01,1996-08-29,1996-08-02,136.54,Oulu,Finland,Wartian Herkku,Pirkko Koskitalo,Oulu,Finland,Inlagd Sill,17,8,24 - 250 g  jars,0,Seafood,Svensk Sjöföda AB,Sweden,Nancy Davolio,Sales Representative,Speedy Express,456.0
10270,43,36.8,25,0.0,WARTH,1,1996-08-01,1996-08-29,1996-08-02,136.54,Oulu,Finland,Wartian Herkku,Pirkko Koskitalo,Oulu,Finland,Ipoh Coffee,20,1,16 - 500 g tins,0,Beverages,Leka Trading,Singapore,Nancy Davolio,Sales Representative,Speedy Express,920.0
10271,33,2.0,24,0.0,SPLIR,6,1996-08-01,1996-08-29,1996-08-30,4.54,Lander,USA,Split Rail Beer & Ale,Art Braunschweiger,Lander,USA,Geitost,15,4,500 g,0,Dairy Products,Norske Meierier,Norway,Michael Suyama,Sales Representative,United Package,48.0
10272,20,64.8,6,0.0,RATTC,6,1996-08-02,1996-08-30,1996-08-06,98.03,Albuquerque,USA,Rattlesnake Canyon Grocery,Paula Wilson,Albuquerque,USA,Sir Rodney's Marmalade,8,3,30 gift boxes,0,Confections,Specialty Biscuits Ltd.,UK,Michael Suyama,Sales Representative,United Package,388.8
10272,31,10.0,40,0.0,RATTC,6,1996-08-02,1996-08-30,1996-08-06,98.03,Albuquerque,USA,Rattlesnake Canyon Grocery,Paula Wilson,Albuquerque,USA,Gorgonzola Telino,14,4,12 - 100 g pkgs,0,Dairy Products,Formaggi Fortini s.r.l.,Italy,Michael Suyama,Sales Representative,United Package,400.0
10272,72,27.8,24,0.0,RATTC,6,1996-08-02,1996-08-30,1996-08-06,98.03,Albuquerque,USA,Rattlesnake Canyon Grocery,Paula Wilson,Albuquerque,USA,Mozzarella di Giovanni,14,4,24 - 200 g pkgs.,0,Dairy Products,Formaggi Fortini s.r.l.,Italy,Michael Suyama,Sales Representative,United Package,667.2
10273,10,24.8,24,0.05,QUICK,3,1996-08-05,1996-09-02,1996-08-12,76.07,Cunewalde,Germany,QUICK-Stop,Horst Kloss,Cunewalde,Germany,Ikura,4,8,12 - 200 ml jars,0,Seafood,Tokyo Traders,Japan,Janet Leverling,Sales Representative,Federal Shipping,565.44
10273,31,10.0,15,0.05,QUICK,3,1996-08-05,1996-09-02,1996-08-12,76.07,Cunewalde,Germany,QUICK-Stop,Horst Kloss,Cunewalde,Germany,Gorgonzola Telino,14,4,12 - 100 g pkgs,0,Dairy Products,Formaggi Fortini s.r.l.,Italy,Janet Leverling,Sales Representative,Federal Shipping,142.5
10273,33,2.0,20,0.0,QUICK,3,1996-08-05,1996-09-02,1996-08-12,76.07,Cunewalde,Germany,QUICK-Stop,Horst Kloss,Cunewalde,Germany,Geitost,15,4,500 g,0,Dairy Products,Norske Meierier,Norway,Janet Leverling,Sales Representative,Federal Shipping,40.0
10273,40,14.7,60,0.05,QUICK,3,1996-08-05,1996-09-02,1996-08-12,76.07,Cunewalde,Germany,QUICK-Stop,Horst Kloss,Cunewalde,Germany,Boston Crab Meat,19,8,24 - 4 oz tins,0,Seafood,New England Seafood Cannery,USA,Janet Leverling,Sales Representative,Federal Shipping,837.9
10273,76,14.4,33,0.05,QUICK,3,1996-08-05,1996-09-02,1996-08-12,76.07,Cunewalde,Germany,QUICK-Stop,Horst Kloss,Cunewalde,Germany,Lakkalikööri,23,1,500 ml,0,Beverages,Karkki Oy,Finland,Janet Leverling,Sales Representative,Federal Shipping,451.44
10274,71,17.2,20,0.0,VINET,6,1996-08-06,1996-09-03,1996-08-16,6.01,Reims,France,Vins et alcools Chevalier,Paul Henriot,Reims,France,Flotemysost,15,4,10 - 500 g pkgs.,0,Dairy Products,Norske Meierier,Norway,Michael Suyama,Sales Representative,Speedy Express,344.0
10274,72,27.8,7,0.0,VINET,6,1996-08-06,1996-09-03,1996-08-16,6.01,Reims,France,Vins et alcools Chevalier,Paul Henriot,Reims,France,Mozzarella di Giovanni,14,4,24 - 200 g pkgs.,0,Dairy Products,Formaggi Fortini s.r.l.,Italy,Michael Suyama,Sales Representative,Speedy Express,194.6
10275,24,3.6,12,0.05,MAGAA,1,1996-08-07,1996-09-04,1996-08-09,26.93,Bergamo,Italy,Magazzini Alimentari Riuniti,Giovanni Rovelli,Bergamo,Italy,Guaraná Fantástica,10,1,12 - 355 ml cans,1,Beverages,Refrescos Americanas LTDA,Brazil,Nancy Davolio,Sales Representative,Speedy Express,41.04
10275,59,44.0,6,0.05,MAGAA,1,1996-08-07,1996-09-04,1996-08-09,26.93,Bergamo,Italy,Magazzini Alimentari Riuniti,Giovanni Rovelli,Bergamo,Italy,Raclette Courdavault,28,4,5 kg pkg.,0,Dairy Products,Gai pâturage,France,Nancy Davolio,Sales Representative,Speedy Express,250.8
10276,10,24.8,15,0.0,TORTU,8,1996-08-08,1996-08-22,1996-08-14,13.84,México D.F.,Mexico,Tortuga Restaurante,Miguel Angel Paolino,México D.F.,Mexico,Ikura,4,8,12 - 200 ml jars,0,Seafood,Tokyo Traders,Japan,Laura Callahan,Inside Sales Coordinator,Federal Shipping,372.0
10276,13,4.8,10,0.0,TORTU,8,1996-08-08,1996-08-22,1996-08-14,13.84,México D.F.,Mexico,Tortuga Restaurante,Miguel Angel Paolino,México D.F.,Mexico,Konbu,6,8,2 kg box,0,Seafood,Mayumi's,Japan,Laura Callahan,Inside Sales Coordinator,Federal Shipping,48.0
10277,28,36.4,20,0.0,MORGK,2,1996-08-09,1996-09-06,1996-08-13,125.77,Leipzig,Germany,Morgenstern Gesundkost,Alexander Feuer,Leipzig,Germany,Rössle Sauerkraut,12,7,25 - 825 g cans,1,Produce,Plutzer Lebensmittelgroßmärkte AG,Germany,Andrew Fuller,Vice President Sales,Federal Shipping,728.0
10277,62,39.4,12,0.0,MORGK,2,1996-08-09,1996-09-06,1996-08-13,125.77,Leipzig,Germany,Morgenstern Gesundkost,Alexander Feuer,Leipzig,Germany,Tarte au sucre,29,3,48 pies,0,Confections,Forêts d'érables,Canada,Andrew Fuller,Vice President Sales,Federal Shipping,472.8
10278,44,15.5,16,0.0,BERGS,8,1996-08-12,1996-09-09,1996-08-16,92.69,Luleå,Sweden,Berglunds snabbköp,Christina Berglund,Luleå,Sweden,Gula Malacca,20,2,20 - 2 kg bags,0,Condiments,Leka Trading,Singapore,Laura Callahan,Inside Sales Coordinator,United Package,248.0
10278,59,44.0,15,0.0,BERGS,8,1996-08-12,1996-09-09,1996-08-16,92.69,Luleå,Sweden,Berglunds snabbköp,Christina Berglund,Luleå,Sweden,Raclette Courdavault,28,4,5 kg pkg.,0,Dairy Products,Gai pâturage,France,Laura Callahan,Inside Sales Coordinator,United Package,660.0
10278,63,35.1,8,0.0,BERGS,8,1996-08-12,1996-09-09,1996-08-16,92.69,Luleå,Sweden,Berglunds snabbköp,Christina Berglund,Luleå,Sweden,Vegie-spread,7,2,15 - 625 g jars,0,Condiments,Pavlova Ltd.,Australia,Laura Callahan,Inside Sales Coordinator,United Package,280.8
10278,73,12.0,25,0.0,BERGS,8,1996-08-12,1996-09-09,1996-08-16,92.69,Luleå,Sweden,Berglunds snabbköp,Christina Berglund,Luleå,Sweden,Röd Kaviar,17,8,24 - 150 g jars,0,Seafood,Svensk Sjöföda AB,Sweden,Laura Callahan,Inside Sales Coordinator,United Package,300.0
10279,17,31.2,15,0.25,LEHMS,8,1996-08-13,1996-09-10,1996-08-16,25.83,Frankfurt a.M.,Germany,Lehmanns Marktstand,Renate Messner,Frankfurt a.M.,Germany,Alice Mutton,7,6,20 - 1 kg tins,1,Meat/Poultry,Pavlova Ltd.,Australia,Laura Callahan,Inside Sales Coordinator,United Package,351.0
10280,24,3.6,12,0.0,BERGS,2,1996-08-14,1996-09-11,1996-09-12,8.98,Luleå,Sweden,Berglunds snabbköp,Christina Berglund,Luleå,Sweden,Guaraná Fantástica,10,1,12 - 355 ml cans,1,Beverages,Refrescos Americanas LTDA,Brazil,Andrew Fuller,Vice President Sales,Speedy Express,43.2
10280,55,19.2,20,0.0,BERGS,2,1996-08-14,1996-09-11,1996-09-12,8.98,Luleå,Sweden,Berglunds snabbköp,Christina Berglund,Luleå,Sweden,Pâté chinois,25,6,24 boxes x 2 pies,0,Meat/Poultry,Ma Maison,Canada,Andrew Fuller,Vice President Sales,Speedy Express,384.0
10280,75,6.2,30,0.0,BERGS,2,1996-08-14,1996-09-11,1996-09-12,8.98,Luleå,Sweden,Berglunds snabbköp,Christina Berglund,Luleå,Sweden,Rhönbräu Klosterbier,12,1,24 - 0.5 l bottles,0,Beverages,Plutzer Lebensmittelgroßmärkte AG,Germany,Andrew Fuller,Vice President Sales,Speedy Express,186.0
10281,19,7.3,1,0.0,ROMEY,4,1996-08-14,1996-08-28,1996-08-21,2.94,Madrid,Spain,Romero y tomillo,Alejandra Camino,Madrid,Spain,Teatime Chocolate Biscuits,8,3,10 boxes x 12 pieces,0,Confections,Specialty Biscuits Ltd.,UK,Margaret Peacock,Sales Representative,Speedy Express,7.3
10281,24,3.6,6,0.0,ROMEY,4,1996-08-14,1996-08-28,1996-08-21,2.94,Madrid,Spain,Romero y tomillo,Alejandra Camino,Madrid,Spain,Guaraná Fantástica,10,1,12 - 355 ml cans,1,Beverages,Refrescos Americanas LTDA,Brazil,Margaret Peacock,Sales Representative,Speedy Express,21.6
10281,35,14.4,4,0.0,ROMEY,4,1996-08-14,1996-08-28,1996-08-21,2.94,Madrid,Spain,Romero y tomillo,Alejandra Camino,Madrid,Spain,Steeleye Stout,16,1,24 - 12 oz bottles,0,Beverages,Bigfoot Breweries,USA,Margaret Peacock,Sales Representative,Speedy Express,57.6
10282,30,20.7,6,0.0,ROMEY,4,1996-08-15,1996-09-12,1996-08-21,12.69,Madrid,Spain,Romero y tomillo,Alejandra Camino,Madrid,Spain,Nord-Ost Matjeshering,13,8,10 - 200 g glasses,0,Seafood,Nord-Ost-Fisch Handelsgesellschaft mbH,Germany,Margaret Peacock,Sales Representative,Speedy Express,124.2
10282,57,15.6,2,0.0,ROMEY,4,1996-08-15,1996-09-12,1996-08-21,12.69,Madrid,Spain,Romero y tomillo,Alejandra Camino,Madrid,Spain,Ravioli Angelo,26,5,24 - 250 g pkgs.,0,Grains/Cereals,Pasta Buttini s.r.l.,Italy,Margaret Peacock,Sales Representative,Speedy Express,31.2
10283,15,12.4,20,0.0,LILAS,3,1996-08-16,1996-09-13,1996-08-23,84.81,Barquisimeto,Venezuela,LILA-Supermercado,Carlos González,Barquisimeto,Venezuela,Genen Shouyu,6,2,24 - 250 ml bottles,0,Condiments,Mayumi's,Japan,Janet Leverling,Sales Representative,Federal Shipping,248.0
10283,19,7.3,18,0.0,LILAS,3,1996-08-16,1996-09-13,1996-08-23,84.81,Barquisimeto,Venezuela,LILA-Supermercado,Carlos González,Barquisimeto,Venezuela,Teatime Chocolate Biscuits,8,3,10 boxes x 12 pieces,0,Confections,Specialty Biscuits Ltd.,UK,Janet Leverling,Sales Representative,Federal Shipping,131.4
10283,60,27.2,35,0.0,LILAS,3,1996-08-16,1996-09-13,1996-08-23,84.81,Barquisimeto,Venezuela,LILA-Supermercado,Carlos González,Barquisimeto,Venezuela,Camembert Pierrot,28,4,15 - 300 g rounds,0,Dairy Products,Gai pâturage,France,Janet Leverling,Sales Representative,Federal Shipping,952.0
10283,72,27.8,3,0.0,LILAS,3,1996-08-16,1996-09-13,1996-08-23,84.81,Barquisimeto,Venezuela,LILA-Supermercado,Carlos González,Barquisimeto,Venezuela,Mozzarella di Giovanni,14,4,24 - 200 g pkgs.,0,Dairy Products,Formaggi Fortini s.r.l.,Italy,Janet Leverling,Sales Representative,Federal Shipping,83.4
10284,27,35.1,15,0.25,LEHMS,4,1996-08-19,1996-09-16,1996-08-27,76.56,Frankfurt a.M.,Germany,Lehmanns Marktstand,Renate Messner,Frankfurt a.M.,Germany,Schoggi Schokolade,11,3,100 - 100 g pieces,0,Confections,Heli Süßwaren GmbH & Co. KG,Germany,Margaret Peacock,Sales Representative,Speedy Express,394.88
10284,44,15.5,21,0.0,LEHMS,4,1996-08-19,1996-09-16,1996-08-27,76.56,Frankfurt a.M.,Germany,Lehmanns Marktstand,Renate Messner,Frankfurt a.M.,Germany,Gula Malacca,20,2,20 - 2 kg bags,0,Condiments,Leka Trading,Singapore,Margaret Peacock,Sales Representative,Speedy Express,325.5
10284,60,27.2,20,0.25,LEHMS,4,1996-08-19,1996-09-16,1996-08-27,76.56,Frankfurt a.M.,Germany,Lehmanns Marktstand,Renate Messner,Frankfurt a.M.,Germany,Camembert Pierrot,28,4,15 - 300 g rounds,0,Dairy Products,Gai pâturage,France,Margaret Peacock,Sales Representative,Speedy Express,408.0
10284,67,11.2,5,0.25,LEHMS,4,1996-08-19,1996-09-16,1996-08-27,76.56,Frankfurt a.M.,Germany,Lehmanns Marktstand,Renate Messner,Frankfurt a.M.,Germany,Laughing Lumberjack Lager,16,1,24 - 12 oz bottles,0,Beverages,Bigfoot Breweries,USA,Margaret Peacock,Sales Representative,Speedy Express,42.0
10285,1,14.4,45,0.2,QUICK,1,1996-08-20,1996-09-17,1996-08-26,76.83,Cunewalde,Germany,QUICK-Stop,Horst Kloss,Cunewalde,Germany,Chai,1,1,10 boxes x 20 bags,0,Beverages,Exotic Liquids,UK,Nancy Davolio,Sales Representative,United Package,518.4
10285,40,14.7,40,0.2,QUICK,1,1996-08-20,1996-09-17,1996-08-26,76.83,Cunewalde,Germany,QUICK-Stop,Horst Kloss,Cunewalde,Germany,Boston Crab Meat,19,8,24 - 4 oz tins,0,Seafood,New England Seafood Cannery,USA,Nancy Davolio,Sales Representative,United Package,470.4
10285,53,26.2,36,0.2,QUICK,1,1996-08-20,1996-09-17,1996-08-26,76.83,Cunewalde,Germany,QUICK-Stop,Horst Kloss,Cunewalde,Germany,Perth Pasties,24,6,48 pieces,1,Meat/Poultry,G'day Mate,Australia,Nancy Davolio,Sales Representative,United Package,754.56
10286,35,14.4,100,0.0,QUICK,8,1996-08-21,1996-09-18,1996-08-30,229.24,Cunewalde,Germany,QUICK-Stop,Horst Kloss,Cunewalde,Germany,Steeleye Stout,16,1,24 - 12 oz bottles,0,Beverages,Bigfoot Breweries,USA,Laura Callahan,Inside Sales Coordinator,Federal Shipping,1440.0
10286,62,39.4,40,0.0,QUICK,8,1996-08-21,1996-09-18,1996-08-30,229.24,Cunewalde,Germany,QUICK-Stop,Horst Kloss,Cunewalde,Germany,Tarte au sucre,29,3,48 pies,0,Confections,Forêts d'érables,Canada,Laura Callahan,Inside Sales Coordinator,Federal Shipping,1576.0
10287,16,13.9,40,0.15,RICAR,8,1996-08-22,1996-09-19,1996-08-28,12.76,Rio de Janeiro,Brazil,Ricardo Adocicados,Janete Limeira,Rio de Janeiro,Brazil,Pavlova,7,3,32 - 500 g boxes,0,Confections,Pavlova Ltd.,Australia,Laura Callahan,Inside Sales Coordinator,Federal Shipping,472.6
10287,34,11.2,20,0.0,RICAR,8,1996-08-22,1996-09-19,1996-08-28,12.76,Rio de Janeiro,Brazil,Ricardo Adocicados,Janete Limeira,Rio de Janeiro,Brazil,Sasquatch Ale,16,1,24 - 12 oz bottles,0,Beverages,Bigfoot Breweries,USA,Laura Callahan,Inside Sales Coordinator,Federal Shipping,224.0
10287,46,9.6,15,0.15,RICAR,8,1996-08-22,1996-09-19,1996-08-28,12.76,Rio de Janeiro,Brazil,Ricardo Adocicados,Janete Limeira,Rio de Janeiro,Brazil,Spegesild,21,8,4 - 450 g glasses,0,Seafood,Lyngbysild,Denmark,Laura Callahan,Inside Sales Coordinator,Federal Shipping,122.4
10288,54,5.9,10,0.1,REGGC,4,1996-08-23,1996-09-20,1996-09-03,7.45,Reggio Emilia,Italy,Reggiani Caseifici,Maurizio Moroni,Reggio Emilia,Italy,Tourtière,25,6,16 pies,0,Meat/Poultry,Ma Maison,Canada,Margaret Peacock,Sales Representative,Speedy Express,53.1
10288,68,10.0,3,0.1,REGGC,4,1996-08-23,1996-09-20,1996-09-03,7.45,Reggio Emilia,Italy,Reggiani Caseifici,Maurizio Moroni,Reggio Emilia,Italy,Scottish Longbreads,8,3,10 boxes x 8 pieces,0,Confections,Specialty Biscuits Ltd.,UK,Margaret Peacock,Sales Representative,Speedy Express,27.0
10289,3,8.0,30,0.0,BSBEV,7,1996-08-26,1996-09-23,1996-08-28,22.77,London,UK,B's Beverages,Victoria Ashworth,London,UK,Aniseed Syrup,1,2,12 - 550 ml bottles,0,Condiments,Exotic Liquids,UK,Robert King,Sales Representative,Federal Shipping,240.0
10289,64,26.6,9,0.0,BSBEV,7,1996-08-26,1996-09-23,1996-08-28,22.77,London,UK,B's Beverages,Victoria Ashworth,London,UK,Wimmers gute Semmelknödel,12,5,20 bags x 4 pieces,0,Grains/Cereals,Plutzer Lebensmittelgroßmärkte AG,Germany,Robert King,Sales Representative,Federal Shipping,239.4
10290,5,17.0,20,0.0,COMMI,8,1996-08-27,1996-09-24,1996-09-03,79.7,Sao Paulo,Brazil,Comércio Mineiro,Pedro Afonso,Sao Paulo,Brazil,Chef Anton's Gumbo Mix,2,2,36 boxes,1,Condiments,New Orleans Cajun Delights,USA,Laura Callahan,Inside Sales Coordinator,Speedy Express,340.0
10290,29,99.0,15,0.0,COMMI,8,1996-08-27,1996-09-24,1996-09-03,79.7,Sao Paulo,Brazil,Comércio Mineiro,Pedro Afonso,Sao Paulo,Brazil,Thüringer Rostbratwurst,12,6,50 bags x 30 sausgs.,1,Meat/Poultry,Plutzer Lebensmittelgroßmärkte AG,Germany,Laura Callahan,Inside Sales Coordinator,Speedy Express,1485.0
10290,49,16.0,15,0.0,COMMI,8,1996-08-27,1996-09-24,1996-09-03,79.7,Sao Paulo,Brazil,Comércio Mineiro,Pedro Afonso,Sao Paulo,Brazil,Maxilaku,23,3,24 - 50 g pkgs.,0,Confections,Karkki Oy,Finland,Laura Callahan,Inside Sales Coordinator,Speedy Express,240.0
10290,77,10.4,10,0.0,COMMI,8,1996-08-27,1996-09-24,1996-09-03,79.7,Sao Paulo,Brazil,Comércio Mineiro,Pedro Afonso,Sao Paulo,Brazil,Original Frankfurter grüne Soße,12,2,12 boxes,0,Condiments,Plutzer Lebensmittelgroßmärkte AG,Germany,Laura Callahan,Inside Sales Coordinator,Speedy Express,104.0
10291,13,4.8,20,0.1,QUEDE,6,1996-08-27,1996-09-24,1996-09-04,6.4,Rio de Janeiro,Brazil,Que Delícia,Bernardo Batista, 12Rio de Janeiro,Brazil,Konbu,6,8,2 kg box,0,Seafood,Mayumi's,Japan,Michael Suyama,Sales Representative,United Package,86.4
10291,44,15.5,24,0.1,QUEDE,6,1996-08-27,1996-09-24,1996-09-04,6.4,Rio de Janeiro,Brazil,Que Delícia,Bernardo Batista, 12Rio de Janeiro,Brazil,Gula Malacca,20,2,20 - 2 kg bags,0,Condiments,Leka Trading,Singapore,Michael Suyama,Sales Representative,United Package,334.8
10291,51,42.4,2,0.1,QUEDE,6,1996-08-27,1996-09-24,1996-09-04,6.4,Rio de Janeiro,Brazil,Que Delícia,Bernardo Batista, 12Rio de Janeiro,Brazil,Manjimup Dried Apples,24,7,50 - 300 g pkgs.,0,Produce,G'day Mate,Australia,Michael Suyama,Sales Representative,United Package,76.32
10292,20,64.8,20,0.0,TRADH,1,1996-08-28,1996-09-25,1996-09-02,1.35,Sao Paulo,Brazil,Tradição Hipermercados,Anabela Domingues,Sao Paulo,Brazil,Sir Rodney's Marmalade,8,3,30 gift boxes,0,Confections,Specialty Biscuits Ltd.,UK,Nancy Davolio,Sales Representative,United Package,1296.0
10293,18,50.0,12,0.0,TORTU,1,1996-08-29,1996-09-26,1996-09-11,21.18,México D.F.,Mexico,Tortuga Restaurante,Miguel Angel Paolino,México D.F.,Mexico,Carnarvon Tigers,7,8,16 kg pkg.,0,Seafood,Pavlova Ltd.,Australia,Nancy Davolio,Sales Representative,Federal Shipping,600.0
10293,24,3.6,10,0.0,TORTU,1,1996-08-29,1996-09-26,1996-09-11,21.18,México D.F.,Mexico,Tortuga Restaurante,Miguel Angel Paolino,México D.F.,Mexico,Guaraná Fantástica,10,1,12 - 355 ml cans,1,Beverages,Refrescos Americanas LTDA,Brazil,Nancy Davolio,Sales Representative,Federal Shipping,36.0
10293,63,35.1,5,0.0,TORTU,1,1996-08-29,1996-09-26,1996-09-11,21.18,México D.F.,Mexico,Tortuga Restaurante,Miguel Angel Paolino,México D.F.,Mexico,Vegie-spread,7,2,15 - 625 g jars,0,Condiments,Pavlova Ltd.,Australia,Nancy Davolio,Sales Representative,Federal Shipping,175.5
10293,75,6.2,6,0.0,TORTU,1,1996-08-29,1996-09-26,1996-09-11,21.18,México D.F.,Mexico,Tortuga Restaurante,Miguel Angel Paolino,México D.F.,Mexico,Rhönbräu Klosterbier,12,1,24 - 0.5 l bottles,0,Beverages,Plutzer Lebensmittelgroßmärkte AG,Germany,Nancy Davolio,Sales Representative,Federal Shipping,37.2
10294,1,14.4,18,0.0,RATTC,4,1996-08-30,1996-09-27,1996-09-05,147.26,Albuquerque,USA,Rattlesnake Canyon Grocery,Paula Wilson,Albuquerque,USA,Chai,1,1,10 boxes x 20 bags,0,Beverages,Exotic Liquids,UK,Margaret Peacock,Sales Representative,United Package,259.2
10294,17,31.2,15,0.0,RATTC,4,1996-08-30,1996-09-27,1996-09-05,147.26,Albuquerque,USA,Rattlesnake Canyon Grocery,Paula Wilson,Albuquerque,USA,Alice Mutton,7,6,20 - 1 kg tins,1,Meat/Poultry,Pavlova Ltd.,Australia,Margaret Peacock,Sales Representative,United Package,468.0
10294,43,36.8,15,0.0,RATTC,4,1996-08-30,1996-09-27,1996-09-05,147.26,Albuquerque,USA,Rattlesnake Canyon Grocery,Paula Wilson,Albuquerque,USA,Ipoh Coffee,20,1,16 - 500 g tins,0,Beverages,Leka Trading,Singapore,Margaret Peacock,Sales Representative,United Package,552.0
10294,60,27.2,21,0.0,RATTC,4,1996-08-30,1996-09-27,1996-09-05,147.26,Albuquerque,USA,Rattlesnake Canyon Grocery,Paula Wilson,Albuquerque,USA,Camembert Pierrot,28,4,15 - 300 g rounds,0,Dairy Products,Gai pâturage,France,Margaret Peacock,Sales Representative,United Package,571.2
10294,75,6.2,6,0.0,RATTC,4,1996-08-30,1996-09-27,1996-09-05,147.26,Albuquerque,USA,Rattlesnake Canyon Grocery,Paula Wilson,Albuquerque,USA,Rhönbräu Klosterbier,12,1,24 - 0.5 l bottles,0,Beverages,Plutzer Lebensmittelgroßmärkte AG,Germany,Margaret Peacock,Sales Representative,United Package,37.2
10295,56,30.4,4,0.0,VINET,2,1996-09-02,1996-09-30,1996-09-10,1.15,Reims,France,Vins et alcools Chevalier,Paul Henriot,Reims,France,Gnocchi di nonna Alice,26,5,24 - 250 g pkgs.,0,Grains/Cereals,Pasta Buttini s.r.l.,Italy,Andrew Fuller,Vice President Sales,United Package,121.6
10296,11,16.8,12,0.0,LILAS,6,1996-09-03,1996-10-01,1996-09-11,0.12,Barquisimeto,Venezuela,LILA-Supermercado,Carlos González,Barquisimeto,Venezuela,Queso Cabrales,5,4,1 kg pkg.,0,Dairy Products,Cooperativa de Quesos 'Las Cabras',Spain,Michael Suyama,Sales Representative,Speedy Express,201.6
10296,16,13.9,30,0.0,LILAS,6,1996-09-03,1996-10-01,1996-09-11,0.12,Barquisimeto,Venezuela,LILA-Supermercado,Carlos González,Barquisimeto,Venezuela,Pavlova,7,3,32 - 500 g boxes,0,Confections,Pavlova Ltd.,Australia,Michael Suyama,Sales Representative,Speedy Express,417.0
10296,69,28.8,15,0.0,LILAS,6,1996-09-03,1996-10-01,1996-09-11,0.12,Barquisimeto,Venezuela,LILA-Supermercado,Carlos González,Barquisimeto,Venezuela,Gudbrandsdalsost,15,4,10 kg pkg.,0,Dairy Products,Norske Meierier,Norway,Michael Suyama,Sales Representative,Speedy Express,432.0
10297,39,14.4,60,0.0,BLONP,5,1996-09-04,1996-10-16,1996-09-10,5.74,Strasbourg,France,Blondesddsl père et fils,Frédérique Citeaux,Strasbourg,France,Chartreuse verte,18,1,750 cc per bottle,0,Beverages,Aux joyeux ecclésiastiques,France,Steven Buchanan,Sales Manager,United Package,864.0
10297,72,27.8,20,0.0,BLONP,5,1996-09-04,1996-10-16,1996-09-10,5.74,Strasbourg,France,Blondesddsl père et fils,Frédérique Citeaux,Strasbourg,France,Mozzarella di Giovanni,14,4,24 - 200 g pkgs.,0,Dairy Products,Formaggi Fortini s.r.l.,Italy,Steven Buchanan,Sales Manager,United Package,556.0
10298,2,15.2,40,0.0,HUNGO,6,1996-09-05,1996-10-03,1996-09-11,168.22,Cork,Ireland,Hungry Owl All-Night Grocers,Patricia McKenna,Cork,Ireland,Chang,1,1,24 - 12 oz bottles,0,Beverages,Exotic Liquids,UK,Michael Suyama,Sales Representative,United Package,608.0
10298,36,15.2,40,0.25,HUNGO,6,1996-09-05,1996-10-03,1996-09-11,168.22,Cork,Ireland,Hungry Owl All-Night Grocers,Patricia McKenna,Cork,Ireland,Inlagd Sill,17,8,24 - 250 g  jars,0,Seafood,Svensk Sjöföda AB,Sweden,Michael Suyama,Sales Representative,United Package,456.0
10298,59,44.0,30,0.25,HUNGO,6,1996-09-05,1996-10-03,1996-09-11,168.22,Cork,Ireland,Hungry Owl All-Night Grocers,Patricia McKenna,Cork,Ireland,Raclette Courdavault,28,4,5 kg pkg.,0,Dairy Products,Gai pâturage,France,Michael Suyama,Sales Representative,United Package,990.0
10298,62,39.4,15,0.0,HUNGO,6,1996-09-05,1996-10-03,1996-09-11,168.22,Cork,Ireland,Hungry Owl All-Night Grocers,Patricia McKenna,Cork,Ireland,Tarte au sucre,29,3,48 pies,0,Confections,Forêts d'érables,Canada,Michael Suyama,Sales Representative,United Package,591.0
10299,19,7.3,15,0.0,RICAR,4,1996-09-06,1996-10-04,1996-09-13,29.76,Rio de Janeiro,Brazil,Ricardo Adocicados,Janete Limeira,Rio de Janeiro,Brazil,Teatime Chocolate Biscuits,8,3,10 boxes x 12 pieces,0,Confections,Specialty Biscuits Ltd.,UK,Margaret Peacock,Sales Representative,United Package,109.5
10299,70,12.0,20,0.0,RICAR,4,1996-09-06,1996-10-04,1996-09-13,29.76,Rio de Janeiro,Brazil,Ricardo Adocicados,Janete Limeira,Rio de Janeiro,Brazil,Outback Lager,7,1,24 - 355 ml bottles,0,Beverages,Pavlova Ltd.,Australia,Margaret Peacock,Sales Representative,United Package,240.0
10300,66,13.6,30,0.0,MAGAA,2,1996-09-09,1996-10-07,1996-09-18,17.68,Bergamo,Italy,Magazzini Alimentari Riuniti,Giovanni Rovelli,Bergamo,Italy,Louisiana Hot Spiced Okra,2,2,24 - 8 oz jars,0,Condiments,New Orleans Cajun Delights,USA,Andrew Fuller,Vice President Sales,United Package,408.0
10300,68,10.0,20,0.0,MAGAA,2,1996-09-09,1996-10-07,1996-09-18,17.68,Bergamo,Italy,Magazzini Alimentari Riuniti,Giovanni Rovelli,Bergamo,Italy,Scottish Longbreads,8,3,10 boxes x 8 pieces,0,Confections,Specialty Biscuits Ltd.,UK,Andrew Fuller,Vice President Sales,United Package,200.0
10301,40,14.7,10,0.0,WANDK,8,1996-09-09,1996-10-07,1996-09-17,45.08,Stuttgart,Germany,Die Wandernde Kuh,Rita Müller,Stuttgart,Germany,Boston Crab Meat,19,8,24 - 4 oz tins,0,Seafood,New England Seafood Cannery,USA,Laura Callahan,Inside Sales Coordinator,United Package,147.0
10301,56,30.4,20,0.0,WANDK,8,1996-09-09,1996-10-07,1996-09-17,45.08,Stuttgart,Germany,Die Wandernde Kuh,Rita Müller,Stuttgart,Germany,Gnocchi di nonna Alice,26,5,24 - 250 g pkgs.,0,Grains/Cereals,Pasta Buttini s.r.l.,Italy,Laura Callahan,Inside Sales Coordinator,United Package,608.0
10302,17,31.2,40,0.0,SUPRD,4,1996-09-10,1996-10-08,1996-10-09,6.27,Charleroi,Belgium,Suprêmes délices,Pascale Cartrain,Charleroi,Belgium,Alice Mutton,7,6,20 - 1 kg tins,1,Meat/Poultry,Pavlova Ltd.,Australia,Margaret Peacock,Sales Representative,United Package,1248.0
10302,28,36.4,28,0.0,SUPRD,4,1996-09-10,1996-10-08,1996-10-09,6.27,Charleroi,Belgium,Suprêmes délices,Pascale Cartrain,Charleroi,Belgium,Rössle Sauerkraut,12,7,25 - 825 g cans,1,Produce,Plutzer Lebensmittelgroßmärkte AG,Germany,Margaret Peacock,Sales Representative,United Package,1019.2
10302,43,36.8,12,0.0,SUPRD,4,1996-09-10,1996-10-08,1996-10-09,6.27,Charleroi,Belgium,Suprêmes délices,Pascale Cartrain,Charleroi,Belgium,Ipoh Coffee,20,1,16 - 500 g tins,0,Beverages,Leka Trading,Singapore,Margaret Peacock,Sales Representative,United Package,441.6
10303,40,14.7,40,0.1,GODOS,7,1996-09-11,1996-10-09,1996-09-18,107.83,Sevilla,Spain,Godos Cocina Típica,José Pedro Freyre,Sevilla,Spain,Boston Crab Meat,19,8,24 - 4 oz tins,0,Seafood,New England Seafood Cannery,USA,Robert King,Sales Representative,United Package,529.2
10303,65,16.8,30,0.1,GODOS,7,1996-09-11,1996-10-09,1996-09-18,107.83,Sevilla,Spain,Godos Cocina Típica,José Pedro Freyre,Sevilla,Spain,Louisiana Fiery Hot Pepper Sauce,2,2,32 - 8 oz bottles,0,Condiments,New Orleans Cajun Delights,USA,Robert King,Sales Representative,United Package,453.6
10303,68,10.0,15,0.1,GODOS,7,1996-09-11,1996-10-09,1996-09-18,107.83,Sevilla,Spain,Godos Cocina Típica,José Pedro Freyre,Sevilla,Spain,Scottish Longbreads,8,3,10 boxes x 8 pieces,0,Confections,Specialty Biscuits Ltd.,UK,Robert King,Sales Representative,United Package,135.0
10304,49,16.0,30,0.0,TORTU,1,1996-09-12,1996-10-10,1996-09-17,63.79,México D.F.,Mexico,Tortuga Restaurante,Miguel Angel Paolino,México D.F.,Mexico,Maxilaku,23,3,24 - 50 g pkgs.,0,Confections,Karkki Oy,Finland,Nancy Davolio,Sales Representative,United Package,480.0
10304,59,44.0,10,0.0,TORTU,1,1996-09-12,1996-10-10,1996-09-17,63.79,México D.F.,Mexico,Tortuga Restaurante,Miguel Angel Paolino,México D.F.,Mexico,Raclette Courdavault,28,4,5 kg pkg.,0,Dairy Products,Gai pâturage,France,Nancy Davolio,Sales Representative,United Package,440.0
10304,71,17.2,2,0.0,TORTU,1,1996-09-12,1996-10-10,1996-09-17,63.79,México D.F.,Mexico,Tortuga Restaurante,Miguel Angel Paolino,México D.F.,Mexico,Flotemysost,15,4,10 - 500 g pkgs.,0,Dairy Products,Norske Meierier,Norway,Nancy Davolio,Sales Representative,United Package,34.4
10305,18,50.0,25,0.1,OLDWO,8,1996-09-13,1996-10-11,1996-10-09,257.62,Anchorage,USA,Old World Delicatessen,Rene Phillips,Anchorage,USA,Carnarvon Tigers,7,8,16 kg pkg.,0,Seafood,Pavlova Ltd.,Australia,Laura Callahan,Inside Sales Coordinator,Federal Shipping,1125.0
10305,29,99.0,25,0.1,OLDWO,8,1996-09-13,1996-10-11,1996-10-09,257.62,Anchorage,USA,Old World Delicatessen,Rene Phillips,Anchorage,USA,Thüringer Rostbratwurst,12,6,50 bags x 30 sausgs.,1,Meat/Poultry,Plutzer Lebensmittelgroßmärkte AG,Germany,Laura Callahan,Inside Sales Coordinator,Federal Shipping,2227.5
10305,39,14.4,30,0.1,OLDWO,8,1996-09-13,1996-10-11,1996-10-09,257.62,Anchorage,USA,Old World Delicatessen,Rene Phillips,Anchorage,USA,Chartreuse verte,18,1,750 cc per bottle,0,Beverages,Aux joyeux ecclésiastiques,France,Laura Callahan,Inside Sales Coordinator,Federal Shipping,388.8
10306,30,20.7,10,0.0,ROMEY,1,1996-09-16,1996-10-14,1996-09-23,7.56,Madrid,Spain,Romero y tomillo,Alejandra Camino,Madrid,Spain,Nord-Ost Matjeshering,13,8,10 - 200 g glasses,0,Seafood,Nord-Ost-Fisch Handelsgesellschaft mbH,Germany,Nancy Davolio,Sales Representative,Federal Shipping,207.0
10306,53,26.2,10,0.0,ROMEY,1,1996-09-16,1996-10-14,1996-09-23,7.56,Madrid,Spain,Romero y tomillo,Alejandra Camino,Madrid,Spain,Perth Pasties,24,6,48 pieces,1,Meat/Poultry,G'day Mate,Australia,Nancy Davolio,Sales Representative,Federal Shipping,262.0
10306,54,5.9,5,0.0,ROMEY,1,1996-09-16,1996-10-14,1996-09-23,7.56,Madrid,Spain,Romero y tomillo,Alejandra Camino,Madrid,Spain,Tourtière,25,6,16 pies,0,Meat/Poultry,Ma Maison,Canada,Nancy Davolio,Sales Representative,Federal Shipping,29.5
10307,62,39.4,10,0.0,LONEP,2,1996-09-17,1996-10-15,1996-09-25,0.56,Portland,USA,Lonesome Pine Restaurant,Fran Wilson,Portland,USA,Tarte au sucre,29,3,48 pies,0,Confections,Forêts d'érables,Canada,Andrew Fuller,Vice President Sales,United Package,394.0
10307,68,10.0,3,0.0,LONEP,2,1996-09-17,1996-10-15,1996-09-25,0.56,Portland,USA,Lonesome Pine Restaurant,Fran Wilson,Portland,USA,Scottish Longbreads,8,3,10 boxes x 8 pieces,0,Confections,Specialty Biscuits Ltd.,UK,Andrew Fuller,Vice President Sales,United Package,30.0
10308,69,28.8,1,0.0,ANATR,7,1996-09-18,1996-10-16,1996-09-24,1.61,México D.F.,Mexico,Ana Trujillo Emparedados y helados,Ana Trujillo,México D.F.,Mexico,Gudbrandsdalsost,15,4,10 kg pkg.,0,Dairy Products,Norske Meierier,Norway,Robert King,Sales Representative,Federal Shipping,28.8
10308,70,12.0,5,0.0,ANATR,7,1996-09-18,1996-10-16,1996-09-24,1.61,México D.F.,Mexico,Ana Trujillo Emparedados y helados,Ana Trujillo,México D.F.,Mexico,Outback Lager,7,1,24 - 355 ml bottles,0,Beverages,Pavlova Ltd.,Australia,Robert King,Sales Representative,Federal Shipping,60.0
10309,4,17.6,20,0.0,HUNGO,3,1996-09-19,1996-10-17,1996-10-23,47.3,Cork,Ireland,Hungry Owl All-Night Grocers,Patricia McKenna,Cork,Ireland,Chef Anton's Cajun Seasoning,2,2,48 - 6 oz jars,0,Condiments,New Orleans Cajun Delights,USA,Janet Leverling,Sales Representative,Speedy Express,352.0
10309,6,20.0,30,0.0,HUNGO,3,1996-09-19,1996-10-17,1996-10-23,47.3,Cork,Ireland,Hungry Owl All-Night Grocers,Patricia McKenna,Cork,Ireland,Grandma's Boysenberry Spread,3,2,12 - 8 oz jars,0,Condiments,Grandma Kelly's Homestead,USA,Janet Leverling,Sales Representative,Speedy Express,600.0
10309,42,11.2,2,0.0,HUNGO,3,1996-09-19,1996-10-17,1996-10-23,47.3,Cork,Ireland,Hungry Owl All-Night Grocers,Patricia McKenna,Cork,Ireland,Singaporean Hokkien Fried Mee,20,5,32 - 1 kg pkgs.,1,Grains/Cereals,Leka Trading,Singapore,Janet Leverling,Sales Representative,Speedy Express,22.4
10309,43,36.8,20,0.0,HUNGO,3,1996-09-19,1996-10-17,1996-10-23,47.3,Cork,Ireland,Hungry Owl All-Night Grocers,Patricia McKenna,Cork,Ireland,Ipoh Coffee,20,1,16 - 500 g tins,0,Beverages,Leka Trading,Singapore,Janet Leverling,Sales Representative,Speedy Express,736.0
10309,71,17.2,3,0.0,HUNGO,3,1996-09-19,1996-10-17,1996-10-23,47.3,Cork,Ireland,Hungry Owl All-Night Grocers,Patricia McKenna,Cork,Ireland,Flotemysost,15,4,10 - 500 g pkgs.,0,Dairy Products,Norske Meierier,Norway,Janet Leverling,Sales Representative,Speedy Express,51.6
10310,16,13.9,10,0.0,THEBI,8,1996-09-20,1996-10-18,1996-09-27,17.52,Portland,USA,The Big Cheese,Liz Nixon,Portland,USA,Pavlova,7,3,32 - 500 g boxes,0,Confections,Pavlova Ltd.,Australia,Laura Callahan,Inside Sales Coordinator,United Package,139.0
10310,62,39.4,5,0.0,THEBI,8,1996-09-20,1996-10-18,1996-09-27,17.52,Portland,USA,The Big Cheese,Liz Nixon,Portland,USA,Tarte au sucre,29,3,48 pies,0,Confections,Forêts d'érables,Canada,Laura Callahan,Inside Sales Coordinator,United Package,197.0
10311,42,11.2,6,0.0,DUMON,1,1996-09-20,1996-10-04,1996-09-26,24.69,Nantes,France,Du monde entier,Janine Labrune,Nantes,France,Singaporean Hokkien Fried Mee,20,5,32 - 1 kg pkgs.,1,Grains/Cereals,Leka Trading,Singapore,Nancy Davolio,Sales Representative,Federal Shipping,67.2
10311,69,28.8,7,0.0,DUMON,1,1996-09-20,1996-10-04,1996-09-26,24.69,Nantes,France,Du monde entier,Janine Labrune,Nantes,France,Gudbrandsdalsost,15,4,10 kg pkg.,0,Dairy Products,Norske Meierier,Norway,Nancy Davolio,Sales Representative,Federal Shipping,201.6
10312,28,36.4,4,0.0,WANDK,2,1996-09-23,1996-10-21,1996-10-03,40.26,Stuttgart,Germany,Die Wandernde Kuh,Rita Müller,Stuttgart,Germany,Rössle Sauerkraut,12,7,25 - 825 g cans,1,Produce,Plutzer Lebensmittelgroßmärkte AG,Germany,Andrew Fuller,Vice President Sales,United Package,145.6
10312,43,36.8,24,0.0,WANDK,2,1996-09-23,1996-10-21,1996-10-03,40.26,Stuttgart,Germany,Die Wandernde Kuh,Rita Müller,Stuttgart,Germany,Ipoh Coffee,20,1,16 - 500 g tins,0,Beverages,Leka Trading,Singapore,Andrew Fuller,Vice President Sales,United Package,883.2
10312,53,26.2,20,0.0,WANDK,2,1996-09-23,1996-10-21,1996-10-03,40.26,Stuttgart,Germany,Die Wandernde Kuh,Rita Müller,Stuttgart,Germany,Perth Pasties,24,6,48 pieces,1,Meat/Poultry,G'day Mate,Australia,Andrew Fuller,Vice President Sales,United Package,524.0
10312,75,6.2,10,0.0,WANDK,2,1996-09-23,1996-10-21,1996-10-03,40.26,Stuttgart,Germany,Die Wandernde Kuh,Rita Müller,Stuttgart,Germany,Rhönbräu Klosterbier,12,1,24 - 0.5 l bottles,0,Beverages,Plutzer Lebensmittelgroßmärkte AG,Germany,Andrew Fuller,Vice President Sales,United Package,62.0
10313,36,15.2,12,0.0,QUICK,2,1996-09-24,1996-10-22,1996-10-04,1.96,Cunewalde,Germany,QUICK-Stop,Horst Kloss,Cunewalde,Germany,Inlagd Sill,17,8,24 - 250 g  jars,0,Seafood,Svensk Sjöföda AB,Sweden,Andrew Fuller,Vice President Sales,United Package,182.4
10314,32,25.6,40,0.1,RATTC,1,1996-09-25,1996-10-23,1996-10-04,74.16,Albuquerque,USA,Rattlesnake Canyon Grocery,Paula Wilson,Albuquerque,USA,Mascarpone Fabioli,14,4,24 - 200 g pkgs.,0,Dairy Products,Formaggi Fortini s.r.l.,Italy,Nancy Davolio,Sales Representative,United Package,921.6
10314,58,10.6,30,0.1,RATTC,1,1996-09-25,1996-10-23,1996-10-04,74.16,Albuquerque,USA,Rattlesnake Canyon Grocery,Paula Wilson,Albuquerque,USA,Escargots de Bourgogne,27,8,24 pieces,0,Seafood,Escargots Nouveaux,France,Nancy Davolio,Sales Representative,United Package,286.2
10314,62,39.4,25,0.1,RATTC,1,1996-09-25,1996-10-23,1996-10-04,74.16,Albuquerque,USA,Rattlesnake Canyon Grocery,Paula Wilson,Albuquerque,USA,Tarte au sucre,29,3,48 pies,0,Confections,Forêts d'érables,Canada,Nancy Davolio,Sales Representative,United Package,886.5
10315,34,11.2,14,0.0,ISLAT,4,1996-09-26,1996-10-24,1996-10-03,41.76,Cowes,UK,Island Trading,Helen Bennett,Cowes,UK,Sasquatch Ale,16,1,24 - 12 oz bottles,0,Beverages,Bigfoot Breweries,USA,Margaret Peacock,Sales Representative,United Package,156.8
10315,70,12.0,30,0.0,ISLAT,4,1996-09-26,1996-10-24,1996-10-03,41.76,Cowes,UK,Island Trading,Helen Bennett,Cowes,UK,Outback Lager,7,1,24 - 355 ml bottles,0,Beverages,Pavlova Ltd.,Australia,Margaret Peacock,Sales Representative,United Package,360.0
10316,41,7.7,10,0.0,RATTC,1,1996-09-27,1996-10-25,1996-10-08,150.15,Albuquerque,USA,Rattlesnake Canyon Grocery,Paula Wilson,Albuquerque,USA,Jack's New England Clam Chowder,19,8,12 - 12 oz cans,0,Seafood,New England Seafood Cannery,USA,Nancy Davolio,Sales Representative,Federal Shipping,77.0
10316,62,39.4,70,0.0,RATTC,1,1996-09-27,1996-10-25,1996-10-08,150.15,Albuquerque,USA,Rattlesnake Canyon Grocery,Paula Wilson,Albuquerque,USA,Tarte au sucre,29,3,48 pies,0,Confections,Forêts d'érables,Canada,Nancy Davolio,Sales Representative,Federal Shipping,2758.0
10317,1,14.4,20,0.0,LONEP,6,1996-09-30,1996-10-28,1996-10-10,12.69,Portland,USA,Lonesome Pine Restaurant,Fran Wilson,Portland,USA,Chai,1,1,10 boxes x 20 bags,0,Beverages,Exotic Liquids,UK,Michael Suyama,Sales Representative,Speedy Express,288.0
10318,41,7.7,20,0.0,ISLAT,8,1996-10-01,1996-10-29,1996-10-04,4.73,Cowes,UK,Island Trading,Helen Bennett,Cowes,UK,Jack's New England Clam Chowder,19,8,12 - 12 oz cans,0,Seafood,New England Seafood Cannery,USA,Laura Callahan,Inside Sales Coordinator,United Package,154.0
10318,76,14.4,6,0.0,ISLAT,8,1996-10-01,1996-10-29,1996-10-04,4.73,Cowes,UK,Island Trading,Helen Bennett,Cowes,UK,Lakkalikööri,23,1,500 ml,0,Beverages,Karkki Oy,Finland,Laura Callahan,Inside Sales Coordinator,United Package,86.4
10319,17,31.2,8,0.0,TORTU,7,1996-10-02,1996-10-30,1996-10-11,64.5,México D.F.,Mexico,Tortuga Restaurante,Miguel Angel Paolino,México D.F.,Mexico,Alice Mutton,7,6,20 - 1 kg tins,1,Meat/Poultry,Pavlova Ltd.,Australia,Robert King,Sales Representative,Federal Shipping,249.6
10319,28,36.4,14,0.0,TORTU,7,1996-10-02,1996-10-30,1996-10-11,64.5,México D.F.,Mexico,Tortuga Restaurante,Miguel Angel Paolino,México D.F.,Mexico,Rössle Sauerkraut,12,7,25 - 825 g cans,1,Produce,Plutzer Lebensmittelgroßmärkte AG,Germany,Robert King,Sales Representative,Federal Shipping,509.6
10319,76,14.4,30,0.0,TORTU,7,1996-10-02,1996-10-30,1996-10-11,64.5,México D.F.,Mexico,Tortuga Restaurante,Miguel Angel Paolino,México D.F.,Mexico,Lakkalikööri,23,1,500 ml,0,Beverages,Karkki Oy,Finland,Robert King,Sales Representative,Federal Shipping,432.0
10320,71,17.2,30,0.0,WARTH,5,1996-10-03,1996-10-17,1996-10-18,34.57,Oulu,Finland,Wartian Herkku,Pirkko Koskitalo,Oulu,Finland,Flotemysost,15,4,10 - 500 g pkgs.,0,Dairy Products,Norske Meierier,Norway,Steven Buchanan,Sales Manager,Federal Shipping,516.0
10321,35,14.4,10,0.0,ISLAT,3,1996-10-03,1996-10-31,1996-10-11,3.43,Cowes,UK,Island Trading,Helen Bennett,Cowes,UK,Steeleye Stout,16,1,24 - 12 oz bottles,0,Beverages,Bigfoot Breweries,USA,Janet Leverling,Sales Representative,United Package,144.0
10322,52,5.6,20,0.0,PERIC,7,1996-10-04,1996-11-01,1996-10-23,0.4,México D.F.,Mexico,Pericles Comidas clásicas,Guillermo Fernández,México D.F.,Mexico,Filo Mix,24,5,16 - 2 kg boxes,0,Grains/Cereals,G'day Mate,Australia,Robert King,Sales Representative,Federal Shipping,112.0
10323,15,12.4,5,0.0,KOENE,4,1996-10-07,1996-11-04,1996-10-14,4.88,Brandenburg,Germany,Königlich Essen,Philip Cramer,Brandenburg,Germany,Genen Shouyu,6,2,24 - 250 ml bottles,0,Condiments,Mayumi's,Japan,Margaret Peacock,Sales Representative,Speedy Express,62.0
10323,25,11.2,4,0.0,KOENE,4,1996-10-07,1996-11-04,1996-10-14,4.88,Brandenburg,Germany,Königlich Essen,Philip Cramer,Brandenburg,Germany,NuNuCa Nuß-Nougat-Creme,11,3,20 - 450 g glasses,0,Confections,Heli Süßwaren GmbH & Co. KG,Germany,Margaret Peacock,Sales Representative,Speedy Express,44.8
10323,39,14.4,4,0.0,KOENE,4,1996-10-07,1996-11-04,1996-10-14,4.88,Brandenburg,Germany,Königlich Essen,Philip Cramer,Brandenburg,Germany,Chartreuse verte,18,1,750 cc per bottle,0,Beverages,Aux joyeux ecclésiastiques,France,Margaret Peacock,Sales Representative,Speedy Express,57.6
10324,16,13.9,21,0.15,SAVEA,9,1996-10-08,1996-11-05,1996-10-10,214.27,Boise,USA,Save-a-lot Markets,Jose Pavarotti,Boise,USA,Pavlova,7,3,32 - 500 g boxes,0,Confections,Pavlova Ltd.,Australia,Anne Dodsworth,Sales Representative,Speedy Express,248.12
10324,35,14.4,70,0.15,SAVEA,9,1996-10-08,1996-11-05,1996-10-10,214.27,Boise,USA,Save-a-lot Markets,Jose Pavarotti,Boise,USA,Steeleye Stout,16,1,24 - 12 oz bottles,0,Beverages,Bigfoot Breweries,USA,Anne Dodsworth,Sales Representative,Speedy Express,856.8
10324,46,9.6,30,0.0,SAVEA,9,1996-10-08,1996-11-05,1996-10-10,214.27,Boise,USA,Save-a-lot Markets,Jose Pavarotti,Boise,USA,Spegesild,21,8,4 - 450 g glasses,0,Seafood,Lyngbysild,Denmark,Anne Dodsworth,Sales Representative,Speedy Express,288.0
10324,59,44.0,40,0.15,SAVEA,9,1996-10-08,1996-11-05,1996-10-10,214.27,Boise,USA,Save-a-lot Markets,Jose Pavarotti,Boise,USA,Raclette Courdavault,28,4,5 kg pkg.,0,Dairy Products,Gai pâturage,France,Anne Dodsworth,Sales Representative,Speedy Express,1496.0
10324,63,35.1,80,0.15,SAVEA,9,1996-10-08,1996-11-05,1996-10-10,214.27,Boise,USA,Save-a-lot Markets,Jose Pavarotti,Boise,USA,Vegie-spread,7,2,15 - 625 g jars,0,Condiments,Pavlova Ltd.,Australia,Anne Dodsworth,Sales Representative,Speedy Express,2386.8
10325,6,20.0,6,0.0,KOENE,1,1996-10-09,1996-10-23,1996-10-14,64.86,Brandenburg,Germany,Königlich Essen,Philip Cramer,Brandenburg,Germany,Grandma's Boysenberry Spread,3,2,12 - 8 oz jars,0,Condiments,Grandma Kelly's Homestead,USA,Nancy Davolio,Sales Representative,Federal Shipping,120.0
10325,13,4.8,12,0.0,KOENE,1,1996-10-09,1996-10-23,1996-10-14,64.86,Brandenburg,Germany,Königlich Essen,Philip Cramer,Brandenburg,Germany,Konbu,6,8,2 kg box,0,Seafood,Mayumi's,Japan,Nancy Davolio,Sales Representative,Federal Shipping,57.6
10325,14,18.6,9,0.0,KOENE,1,1996-10-09,1996-10-23,1996-10-14,64.86,Brandenburg,Germany,Königlich Essen,Philip Cramer,Brandenburg,Germany,Tofu,6,7,40 - 100 g pkgs.,0,Produce,Mayumi's,Japan,Nancy Davolio,Sales Representative,Federal Shipping,167.4
10325,31,10.0,4,0.0,KOENE,1,1996-10-09,1996-10-23,1996-10-14,64.86,Brandenburg,Germany,Königlich Essen,Philip Cramer,Brandenburg,Germany,Gorgonzola Telino,14,4,12 - 100 g pkgs,0,Dairy Products,Formaggi Fortini s.r.l.,Italy,Nancy Davolio,Sales Representative,Federal Shipping,40.0
10325,72,27.8,40,0.0,KOENE,1,1996-10-09,1996-10-23,1996-10-14,64.86,Brandenburg,Germany,Königlich Essen,Philip Cramer,Brandenburg,Germany,Mozzarella di Giovanni,14,4,24 - 200 g pkgs.,0,Dairy Products,Formaggi Fortini s.r.l.,Italy,Nancy Davolio,Sales Representative,Federal Shipping,1112.0
10326,4,17.6,24,0.0,BOLID,4,1996-10-10,1996-11-07,1996-10-14,77.92,Madrid,Spain,Bólido Comidas preparadas,Martín Sommer,Madrid,Spain,Chef Anton's Cajun Seasoning,2,2,48 - 6 oz jars,0,Condiments,New Orleans Cajun Delights,USA,Margaret Peacock,Sales Representative,United Package,422.4
10326,57,15.6,16,0.0,BOLID,4,1996-10-10,1996-11-07,1996-10-14,77.92,Madrid,Spain,Bólido Comidas preparadas,Martín Sommer,Madrid,Spain,Ravioli Angelo,26,5,24 - 250 g pkgs.,0,Grains/Cereals,Pasta Buttini s.r.l.,Italy,Margaret Peacock,Sales Representative,United Package,249.6
10326,75,6.2,50,0.0,BOLID,4,1996-10-10,1996-11-07,1996-10-14,77.92,Madrid,Spain,Bólido Comidas preparadas,Martín Sommer,Madrid,Spain,Rhönbräu Klosterbier,12,1,24 - 0.5 l bottles,0,Beverages,Plutzer Lebensmittelgroßmärkte AG,Germany,Margaret Peacock,Sales Representative,United Package,310.0
10327,2,15.2,25,0.2,FOLKO,2,1996-10-11,1996-11-08,1996-10-14,63.36,Bräcke,Sweden,Folk och fä HB,Maria Larsson,Bräcke,Sweden,Chang,1,1,24 - 12 oz bottles,0,Beverages,Exotic Liquids,UK,Andrew Fuller,Vice President Sales,Speedy Express,304.0
10327,11,16.8,50,0.2,FOLKO,2,1996-10-11,1996-11-08,1996-10-14,63.36,Bräcke,Sweden,Folk och fä HB,Maria Larsson,Bräcke,Sweden,Queso Cabrales,5,4,1 kg pkg.,0,Dairy Products,Cooperativa de Quesos 'Las Cabras',Spain,Andrew Fuller,Vice President Sales,Speedy Express,672.0
10327,30,20.7,35,0.2,FOLKO,2,1996-10-11,1996-11-08,1996-10-14,63.36,Bräcke,Sweden,Folk och fä HB,Maria Larsson,Bräcke,Sweden,Nord-Ost Matjeshering,13,8,10 - 200 g glasses,0,Seafood,Nord-Ost-Fisch Handelsgesellschaft mbH,Germany,Andrew Fuller,Vice President Sales,Speedy Express,579.6
10327,58,10.6,30,0.2,FOLKO,2,1996-10-11,1996-11-08,1996-10-14,63.36,Bräcke,Sweden,Folk och fä HB,Maria Larsson,Bräcke,Sweden,Escargots de Bourgogne,27,8,24 pieces,0,Seafood,Escargots Nouveaux,France,Andrew Fuller,Vice President Sales,Speedy Express,254.4
10328,59,44.0,9,0.0,FURIB,4,1996-10-14,1996-11-11,1996-10-17,87.03,Lisboa,Portugal,Furia Bacalhau e Frutos do Mar,Lino Rodriguez,Lisboa,Portugal,Raclette Courdavault,28,4,5 kg pkg.,0,Dairy Products,Gai pâturage,France,Margaret Peacock,Sales Representative,Federal Shipping,396.0
10328,65,16.8,40,0.0,FURIB,4,1996-10-14,1996-11-11,1996-10-17,87.03,Lisboa,Portugal,Furia Bacalhau e Frutos do Mar,Lino Rodriguez,Lisboa,Portugal,Louisiana Fiery Hot Pepper Sauce,2,2,32 - 8 oz bottles,0,Condiments,New Orleans Cajun Delights,USA,Margaret Peacock,Sales Representative,Federal Shipping,672.0
10328,68,10.0,10,0.0,FURIB,4,1996-10-14,1996-11-11,1996-10-17,87.03,Lisboa,Portugal,Furia Bacalhau e Frutos do Mar,Lino Rodriguez,Lisboa,Portugal,Scottish Longbreads,8,3,10 boxes x 8 pieces,0,Confections,Specialty Biscuits Ltd.,UK,Margaret Peacock,Sales Representative,Federal Shipping,100.0
10329,19,7.3,10,0.05,SPLIR,4,1996-10-15,1996-11-26,1996-10-23,191.67,Lander,USA,Split Rail Beer & Ale,Art Braunschweiger,Lander,USA,Teatime Chocolate Biscuits,8,3,10 boxes x 12 pieces,0,Confections,Specialty Biscuits Ltd.,UK,Margaret Peacock,Sales Representative,United Package,69.35
10329,30,20.7,8,0.05,SPLIR,4,1996-10-15,1996-11-26,1996-10-23,191.67,Lander,USA,Split Rail Beer & Ale,Art Braunschweiger,Lander,USA,Nord-Ost Matjeshering,13,8,10 - 200 g glasses,0,Seafood,Nord-Ost-Fisch Handelsgesellschaft mbH,Germany,Margaret Peacock,Sales Representative,United Package,157.32
10329,38,210.8,20,0.05,SPLIR,4,1996-10-15,1996-11-26,1996-10-23,191.67,Lander,USA,Split Rail Beer & Ale,Art Braunschweiger,Lander,USA,Côte de Blaye,18,1,12 - 75 cl bottles,0,Beverages,Aux joyeux ecclésiastiques,France,Margaret Peacock,Sales Representative,United Package,4005.2
10329,56,30.4,12,0.05,SPLIR,4,1996-10-15,1996-11-26,1996-10-23,191.67,Lander,USA,Split Rail Beer & Ale,Art Braunschweiger,Lander,USA,Gnocchi di nonna Alice,26,5,24 - 250 g pkgs.,0,Grains/Cereals,Pasta Buttini s.r.l.,Italy,Margaret Peacock,Sales Representative,United Package,346.56
10330,26,24.9,50,0.15,LILAS,3,1996-10-16,1996-11-13,1996-10-28,12.75,Barquisimeto,Venezuela,LILA-Supermercado,Carlos González,Barquisimeto,Venezuela,Gumbär Gummibärchen,11,3,100 - 250 g bags,0,Confections,Heli Süßwaren GmbH & Co. KG,Germany,Janet Leverling,Sales Representative,Speedy Express,1058.25
10330,72,27.8,25,0.15,LILAS,3,1996-10-16,1996-11-13,1996-10-28,12.75,Barquisimeto,Venezuela,LILA-Supermercado,Carlos González,Barquisimeto,Venezuela,Mozzarella di Giovanni,14,4,24 - 200 g pkgs.,0,Dairy Products,Formaggi Fortini s.r.l.,Italy,Janet Leverling,Sales Representative,Speedy Express,590.75
10331,54,5.9,15,0.0,BONAP,9,1996-10-16,1996-11-27,1996-10-21,10.19,Marseille,France,Bon app',Laurence Lebihan,Marseille,France,Tourtière,25,6,16 pies,0,Meat/Poultry,Ma Maison,Canada,Anne Dodsworth,Sales Representative,Speedy Express,88.5
10332,18,50.0,40,0.2,MEREP,3,1996-10-17,1996-11-28,1996-10-21,52.84,Montréal,Canada,Mère Paillarde,Jean Fresnière,Montréal,Canada,Carnarvon Tigers,7,8,16 kg pkg.,0,Seafood,Pavlova Ltd.,Australia,Janet Leverling,Sales Representative,United Package,1600.0
10332,42,11.2,10,0.2,MEREP,3,1996-10-17,1996-11-28,1996-10-21,52.84,Montréal,Canada,Mère Paillarde,Jean Fresnière,Montréal,Canada,Singaporean Hokkien Fried Mee,20,5,32 - 1 kg pkgs.,1,Grains/Cereals,Leka Trading,Singapore,Janet Leverling,Sales Representative,United Package,89.6
10332,47,7.6,16,0.2,MEREP,3,1996-10-17,1996-11-28,1996-10-21,52.84,Montréal,Canada,Mère Paillarde,Jean Fresnière,Montréal,Canada,Zaanse koeken,22,3,10 - 4 oz boxes,0,Confections,Zaanse Snoepfabriek,Netherlands,Janet Leverling,Sales Representative,United Package,97.28
10333,14,18.6,10,0.0,WARTH,5,1996-10-18,1996-11-15,1996-10-25,0.59,Oulu,Finland,Wartian Herkku,Pirkko Koskitalo,Oulu,Finland,Tofu,6,7,40 - 100 g pkgs.,0,Produce,Mayumi's,Japan,Steven Buchanan,Sales Manager,Federal Shipping,186.0
10333,21,8.0,10,0.1,WARTH,5,1996-10-18,1996-11-15,1996-10-25,0.59,Oulu,Finland,Wartian Herkku,Pirkko Koskitalo,Oulu,Finland,Sir Rodney's Scones,8,3,24 pkgs. x 4 pieces,0,Confections,Specialty Biscuits Ltd.,UK,Steven Buchanan,Sales Manager,Federal Shipping,72.0
10333,71,17.2,40,0.1,WARTH,5,1996-10-18,1996-11-15,1996-10-25,0.59,Oulu,Finland,Wartian Herkku,Pirkko Koskitalo,Oulu,Finland,Flotemysost,15,4,10 - 500 g pkgs.,0,Dairy Products,Norske Meierier,Norway,Steven Buchanan,Sales Manager,Federal Shipping,619.2
10334,52,5.6,8,0.0,VICTE,8,1996-10-21,1996-11-18,1996-10-28,8.56,Lyon,France,Victuailles en stock,Mary Saveley,Lyon,France,Filo Mix,24,5,16 - 2 kg boxes,0,Grains/Cereals,G'day Mate,Australia,Laura Callahan,Inside Sales Coordinator,United Package,44.8
10334,68,10.0,10,0.0,VICTE,8,1996-10-21,1996-11-18,1996-10-28,8.56,Lyon,France,Victuailles en stock,Mary Saveley,Lyon,France,Scottish Longbreads,8,3,10 boxes x 8 pieces,0,Confections,Specialty Biscuits Ltd.,UK,Laura Callahan,Inside Sales Coordinator,United Package,100.0
10335,2,15.2,7,0.2,HUNGO,7,1996-10-22,1996-11-19,1996-10-24,42.11,Cork,Ireland,Hungry Owl All-Night Grocers,Patricia McKenna,Cork,Ireland,Chang,1,1,24 - 12 oz bottles,0,Beverages,Exotic Liquids,UK,Robert King,Sales Representative,United Package,85.12
10335,31,10.0,25,0.2,HUNGO,7,1996-10-22,1996-11-19,1996-10-24,42.11,Cork,Ireland,Hungry Owl All-Night Grocers,Patricia McKenna,Cork,Ireland,Gorgonzola Telino,14,4,12 - 100 g pkgs,0,Dairy Products,Formaggi Fortini s.r.l.,Italy,Robert King,Sales Representative,United Package,200.0
10335,32,25.6,6,0.2,HUNGO,7,1996-10-22,1996-11-19,1996-10-24,42.11,Cork,Ireland,Hungry Owl All-Night Grocers,Patricia McKenna,Cork,Ireland,Mascarpone Fabioli,14,4,24 - 200 g pkgs.,0,Dairy Products,Formaggi Fortini s.r.l.,Italy,Robert King,Sales Representative,United Package,122.88
10335,51,42.4,48,0.2,HUNGO,7,1996-10-22,1996-11-19,1996-10-24,42.11,Cork,Ireland,Hungry Owl All-Night Grocers,Patricia McKenna,Cork,Ireland,Manjimup Dried Apples,24,7,50 - 300 g pkgs.,0,Produce,G'day Mate,Australia,Robert King,Sales Representative,United Package,1628.16
10336,4,17.6,18,0.1,PRINI,7,1996-10-23,1996-11-20,1996-10-25,15.51,Lisboa,Portugal,Princesa Isabel Vinhos,Isabel de Castro,Lisboa,Portugal,Chef Anton's Cajun Seasoning,2,2,48 - 6 oz jars,0,Condiments,New Orleans Cajun Delights,USA,Robert King,Sales Representative,United Package,285.12
10337,23,7.2,40,0.0,FRANK,4,1996-10-24,1996-11-21,1996-10-29,108.26,München,Germany,Frankenversand,Peter Franken,München,Germany,Tunnbröd,9,5,12 - 250 g pkgs.,0,Grains/Cereals,PB Knäckebröd AB,Sweden,Margaret Peacock,Sales Representative,Federal Shipping,288.0
10337,26,24.9,24,0.0,FRANK,4,1996-10-24,1996-11-21,1996-10-29,108.26,München,Germany,Frankenversand,Peter Franken,München,Germany,Gumbär Gummibärchen,11,3,100 - 250 g bags,0,Confections,Heli Süßwaren GmbH & Co. KG,Germany,Margaret Peacock,Sales Representative,Federal Shipping,597.6
10337,36,15.2,20,0.0,FRANK,4,1996-10-24,1996-11-21,1996-10-29,108.26,München,Germany,Frankenversand,Peter Franken,München,Germany,Inlagd Sill,17,8,24 - 250 g  jars,0,Seafood,Svensk Sjöföda AB,Sweden,Margaret Peacock,Sales Representative,Federal Shipping,304.0
10337,37,20.8,28,0.0,FRANK,4,1996-10-24,1996-11-21,1996-10-29,108.26,München,Germany,Frankenversand,Peter Franken,München,Germany,Gravad lax,17,8,12 - 500 g pkgs.,0,Seafood,Svensk Sjöföda AB,Sweden,Margaret Peacock,Sales Representative,Federal Shipping,582.4
10337,72,27.8,25,0.0,FRANK,4,1996-10-24,1996-11-21,1996-10-29,108.26,München,Germany,Frankenversand,Peter Franken,München,Germany,Mozzarella di Giovanni,14,4,24 - 200 g pkgs.,0,Dairy Products,Formaggi Fortini s.r.l.,Italy,Margaret Peacock,Sales Representative,Federal Shipping,695.0
10338,17,31.2,20,0.0,OLDWO,4,1996-10-25,1996-11-22,1996-10-29,84.21,Anchorage,USA,Old World Delicatessen,Rene Phillips,Anchorage,USA,Alice Mutton,7,6,20 - 1 kg tins,1,Meat/Poultry,Pavlova Ltd.,Australia,Margaret Peacock,Sales Representative,Federal Shipping,624.0
10338,30,20.7,15,0.0,OLDWO,4,1996-10-25,1996-11-22,1996-10-29,84.21,Anchorage,USA,Old World Delicatessen,Rene Phillips,Anchorage,USA,Nord-Ost Matjeshering,13,8,10 - 200 g glasses,0,Seafood,Nord-Ost-Fisch Handelsgesellschaft mbH,Germany,Margaret Peacock,Sales Representative,Federal Shipping,310.5
10339,4,17.6,10,0.0,MEREP,2,1996-10-28,1996-11-25,1996-11-04,15.66,Montréal,Canada,Mère Paillarde,Jean Fresnière,Montréal,Canada,Chef Anton's Cajun Seasoning,2,2,48 - 6 oz jars,0,Condiments,New Orleans Cajun Delights,USA,Andrew Fuller,Vice President Sales,United Package,176.0
10339,17,31.2,70,0.05,MEREP,2,1996-10-28,1996-11-25,1996-11-04,15.66,Montréal,Canada,Mère Paillarde,Jean Fresnière,Montréal,Canada,Alice Mutton,7,6,20 - 1 kg tins,1,Meat/Poultry,Pavlova Ltd.,Australia,Andrew Fuller,Vice President Sales,United Package,2074.8
10339,62,39.4,28,0.0,MEREP,2,1996-10-28,1996-11-25,1996-11-04,15.66,Montréal,Canada,Mère Paillarde,Jean Fresnière,Montréal,Canada,Tarte au sucre,29,3,48 pies,0,Confections,Forêts d'érables,Canada,Andrew Fuller,Vice President Sales,United Package,1103.2
10340,18,50.0,20,0.05,BONAP,1,1996-10-29,1996-11-26,1996-11-08,166.31,Marseille,France,Bon app',Laurence Lebihan,Marseille,France,Carnarvon Tigers,7,8,16 kg pkg.,0,Seafood,Pavlova Ltd.,Australia,Nancy Davolio,Sales Representative,Federal Shipping,950.0
10340,41,7.7,12,0.05,BONAP,1,1996-10-29,1996-11-26,1996-11-08,166.31,Marseille,France,Bon app',Laurence Lebihan,Marseille,France,Jack's New England Clam Chowder,19,8,12 - 12 oz cans,0,Seafood,New England Seafood Cannery,USA,Nancy Davolio,Sales Representative,Federal Shipping,87.78
10340,43,36.8,40,0.05,BONAP,1,1996-10-29,1996-11-26,1996-11-08,166.31,Marseille,France,Bon app',Laurence Lebihan,Marseille,France,Ipoh Coffee,20,1,16 - 500 g tins,0,Beverages,Leka Trading,Singapore,Nancy Davolio,Sales Representative,Federal Shipping,1398.4
10341,33,2.0,8,0.0,SIMOB,7,1996-10-29,1996-11-26,1996-11-05,26.78,Kobenhavn,Denmark,Simons bistro,Jytte Petersen,Kobenhavn,Denmark,Geitost,15,4,500 g,0,Dairy Products,Norske Meierier,Norway,Robert King,Sales Representative,Federal Shipping,16.0
10341,59,44.0,9,0.15,SIMOB,7,1996-10-29,1996-11-26,1996-11-05,26.78,Kobenhavn,Denmark,Simons bistro,Jytte Petersen,Kobenhavn,Denmark,Raclette Courdavault,28,4,5 kg pkg.,0,Dairy Products,Gai pâturage,France,Robert King,Sales Representative,Federal Shipping,336.6
10342,2,15.2,24,0.2,FRANK,4,1996-10-30,1996-11-13,1996-11-04,54.83,München,Germany,Frankenversand,Peter Franken,München,Germany,Chang,1,1,24 - 12 oz bottles,0,Beverages,Exotic Liquids,UK,Margaret Peacock,Sales Representative,United Package,291.84
10342,31,10.0,56,0.2,FRANK,4,1996-10-30,1996-11-13,1996-11-04,54.83,München,Germany,Frankenversand,Peter Franken,München,Germany,Gorgonzola Telino,14,4,12 - 100 g pkgs,0,Dairy Products,Formaggi Fortini s.r.l.,Italy,Margaret Peacock,Sales Representative,United Package,448.0
10342,36,15.2,40,0.2,FRANK,4,1996-10-30,1996-11-13,1996-11-04,54.83,München,Germany,Frankenversand,Peter Franken,München,Germany,Inlagd Sill,17,8,24 - 250 g  jars,0,Seafood,Svensk Sjöföda AB,Sweden,Margaret Peacock,Sales Representative,United Package,486.4
10342,55,19.2,40,0.2,FRANK,4,1996-10-30,1996-11-13,1996-11-04,54.83,München,Germany,Frankenversand,Peter Franken,München,Germany,Pâté chinois,25,6,24 boxes x 2 pies,0,Meat/Poultry,Ma Maison,Canada,Margaret Peacock,Sales Representative,United Package,614.4
10343,64,26.6,50,0.0,LEHMS,4,1996-10-31,1996-11-28,1996-11-06,110.37,Frankfurt a.M.,Germany,Lehmanns Marktstand,Renate Messner,Frankfurt a.M.,Germany,Wimmers gute Semmelknödel,12,5,20 bags x 4 pieces,0,Grains/Cereals,Plutzer Lebensmittelgroßmärkte AG,Germany,Margaret Peacock,Sales Representative,Speedy Express,1330.0
10343,68,10.0,4,0.05,LEHMS,4,1996-10-31,1996-11-28,1996-11-06,110.37,Frankfurt a.M.,Germany,Lehmanns Marktstand,Renate Messner,Frankfurt a.M.,Germany,Scottish Longbreads,8,3,10 boxes x 8 pieces,0,Confections,Specialty Biscuits Ltd.,UK,Margaret Peacock,Sales Representative,Speedy Express,38.0
10343,76,14.4,15,0.0,LEHMS,4,1996-10-31,1996-11-28,1996-11-06,110.37,Frankfurt a.M.,Germany,Lehmanns Marktstand,Renate Messner,Frankfurt a.M.,Germany,Lakkalikööri,23,1,500 ml,0,Beverages,Karkki Oy,Finland,Margaret Peacock,Sales Representative,Speedy Express,216.0
10344,4,17.6,35,0.0,WHITC,4,1996-11-01,1996-11-29,1996-11-05,23.29,Seattle,USA,White Clover Markets,Karl Jablonski,Seattle,USA,Chef Anton's Cajun Seasoning,2,2,48 - 6 oz jars,0,Condiments,New Orleans Cajun Delights,USA,Margaret Peacock,Sales Representative,United Package,616.0
10344,8,32.0,70,0.25,WHITC,4,1996-11-01,1996-11-29,1996-11-05,23.29,Seattle,USA,White Clover Markets,Karl Jablonski,Seattle,USA,Northwoods Cranberry Sauce,3,2,12 - 12 oz jars,0,Condiments,Grandma Kelly's Homestead,USA,Margaret Peacock,Sales Representative,United Package,1680.0
10345,8,32.0,70,0.0,QUICK,2,1996-11-04,1996-12-02,1996-11-11,249.06,Cunewalde,Germany,QUICK-Stop,Horst Kloss,Cunewalde,Germany,Northwoods Cranberry Sauce,3,2,12 - 12 oz jars,0,Condiments,Grandma Kelly's Homestead,USA,Andrew Fuller,Vice President Sales,United Package,2240.0
10345,19,7.3,80,0.0,QUICK,2,1996-11-04,1996-12-02,1996-11-11,249.06,Cunewalde,Germany,QUICK-Stop,Horst Kloss,Cunewalde,Germany,Teatime Chocolate Biscuits,8,3,10 boxes x 12 pieces,0,Confections,Specialty Biscuits Ltd.,UK,Andrew Fuller,Vice President Sales,United Package,584.0
10345,42,11.2,9,0.0,QUICK,2,1996-11-04,1996-12-02,1996-11-11,249.06,Cunewalde,Germany,QUICK-Stop,Horst Kloss,Cunewalde,Germany,Singaporean Hokkien Fried Mee,20,5,32 - 1 kg pkgs.,1,Grains/Cereals,Leka Trading,Singapore,Andrew Fuller,Vice President Sales,United Package,100.8
10346,17,31.2,36,0.1,RATTC,3,1996-11-05,1996-12-17,1996-11-08,142.08,Albuquerque,USA,Rattlesnake Canyon Grocery,Paula Wilson,Albuquerque,USA,Alice Mutton,7,6,20 - 1 kg tins,1,Meat/Poultry,Pavlova Ltd.,Australia,Janet Leverling,Sales Representative,Federal Shipping,1010.88
10346,56,30.4,20,0.0,RATTC,3,1996-11-05,1996-12-17,1996-11-08,142.08,Albuquerque,USA,Rattlesnake Canyon Grocery,Paula Wilson,Albuquerque,USA,Gnocchi di nonna Alice,26,5,24 - 250 g pkgs.,0,Grains/Cereals,Pasta Buttini s.r.l.,Italy,Janet Leverling,Sales Representative,Federal Shipping,608.0
10347,25,11.2,10,0.0,FAMIA,4,1996-11-06,1996-12-04,1996-11-08,3.1,Sao Paulo,Brazil,Familia Arquibaldo,Aria Cruz,Sao Paulo,Brazil,NuNuCa Nuß-Nougat-Creme,11,3,20 - 450 g glasses,0,Confections,Heli Süßwaren GmbH & Co. KG,Germany,Margaret Peacock,Sales Representative,Federal Shipping,112.0
10347,39,14.4,50,0.15,FAMIA,4,1996-11-06,1996-12-04,1996-11-08,3.1,Sao Paulo,Brazil,Familia Arquibaldo,Aria Cruz,Sao Paulo,Brazil,Chartreuse verte,18,1,750 cc per bottle,0,Beverages,Aux joyeux ecclésiastiques,France,Margaret Peacock,Sales Representative,Federal Shipping,612.0
10347,40,14.7,4,0.0,FAMIA,4,1996-11-06,1996-12-04,1996-11-08,3.1,Sao Paulo,Brazil,Familia Arquibaldo,Aria Cruz,Sao Paulo,Brazil,Boston Crab Meat,19,8,24 - 4 oz tins,0,Seafood,New England Seafood Cannery,USA,Margaret Peacock,Sales Representative,Federal Shipping,58.8
10347,75,6.2,6,0.15,FAMIA,4,1996-11-06,1996-12-04,1996-11-08,3.1,Sao Paulo,Brazil,Familia Arquibaldo,Aria Cruz,Sao Paulo,Brazil,Rhönbräu Klosterbier,12,1,24 - 0.5 l bottles,0,Beverages,Plutzer Lebensmittelgroßmärkte AG,Germany,Margaret Peacock,Sales Representative,Federal Shipping,31.62
10348,1,14.4,15,0.15,WANDK,4,1996-11-07,1996-12-05,1996-11-15,0.78,Stuttgart,Germany,Die Wandernde Kuh,Rita Müller,Stuttgart,Germany,Chai,1,1,10 boxes x 20 bags,0,Beverages,Exotic Liquids,UK,Margaret Peacock,Sales Representative,United Package,183.6
10348,23,7.2,25,0.0,WANDK,4,1996-11-07,1996-12-05,1996-11-15,0.78,Stuttgart,Germany,Die Wandernde Kuh,Rita Müller,Stuttgart,Germany,Tunnbröd,9,5,12 - 250 g pkgs.,0,Grains/Cereals,PB Knäckebröd AB,Sweden,Margaret Peacock,Sales Representative,United Package,180.0
10349,54,5.9,24,0.0,SPLIR,7,1996-11-08,1996-12-06,1996-11-15,8.63,Lander,USA,Split Rail Beer & Ale,Art Braunschweiger,Lander,USA,Tourtière,25,6,16 pies,0,Meat/Poultry,Ma Maison,Canada,Robert King,Sales Representative,Speedy Express,141.6
10350,50,13.0,15,0.1,LAMAI,6,1996-11-11,1996-12-09,1996-12-03,64.19,Toulouse,France,La maison d'Asie,Annette Roulet,Toulouse,France,Valkoinen suklaa,23,3,12 - 100 g bars,0,Confections,Karkki Oy,Finland,Michael Suyama,Sales Representative,United Package,175.5
10350,69,28.8,18,0.1,LAMAI,6,1996-11-11,1996-12-09,1996-12-03,64.19,Toulouse,France,La maison d'Asie,Annette Roulet,Toulouse,France,Gudbrandsdalsost,15,4,10 kg pkg.,0,Dairy Products,Norske Meierier,Norway,Michael Suyama,Sales Representative,United Package,466.56
10351,38,210.8,20,0.05,ERNSH,1,1996-11-11,1996-12-09,1996-11-20,162.33,Graz,Austria,Ernst Handel,Roland Mendel,Graz,Austria,Côte de Blaye,18,1,12 - 75 cl bottles,0,Beverages,Aux joyeux ecclésiastiques,France,Nancy Davolio,Sales Representative,Speedy Express,4005.2
10351,41,7.7,13,0.0,ERNSH,1,1996-11-11,1996-12-09,1996-11-20,162.33,Graz,Austria,Ernst Handel,Roland Mendel,Graz,Austria,Jack's New England Clam Chowder,19,8,12 - 12 oz cans,0,Seafood,New England Seafood Cannery,USA,Nancy Davolio,Sales Representative,Speedy Express,100.1
10351,44,15.5,77,0.05,ERNSH,1,1996-11-11,1996-12-09,1996-11-20,162.33,Graz,Austria,Ernst Handel,Roland Mendel,Graz,Austria,Gula Malacca,20,2,20 - 2 kg bags,0,Condiments,Leka Trading,Singapore,Nancy Davolio,Sales Representative,Speedy Express,1133.82
10351,65,16.8,10,0.05,ERNSH,1,1996-11-11,1996-12-09,1996-11-20,162.33,Graz,Austria,Ernst Handel,Roland Mendel,Graz,Austria,Louisiana Fiery Hot Pepper Sauce,2,2,32 - 8 oz bottles,0,Condiments,New Orleans Cajun Delights,USA,Nancy Davolio,Sales Representative,Speedy Express,159.6
10352,24,3.6,10,0.0,FURIB,3,1996-11-12,1996-11-26,1996-11-18,1.3,Lisboa,Portugal,Furia Bacalhau e Frutos do Mar,Lino Rodriguez,Lisboa,Portugal,Guaraná Fantástica,10,1,12 - 355 ml cans,1,Beverages,Refrescos Americanas LTDA,Brazil,Janet Leverling,Sales Representative,Federal Shipping,36.0
10352,54,5.9,20,0.15,FURIB,3,1996-11-12,1996-11-26,1996-11-18,1.3,Lisboa,Portugal,Furia Bacalhau e Frutos do Mar,Lino Rodriguez,Lisboa,Portugal,Tourtière,25,6,16 pies,0,Meat/Poultry,Ma Maison,Canada,Janet Leverling,Sales Representative,Federal Shipping,100.3
10353,11,16.8,12,0.2,PICCO,7,1996-11-13,1996-12-11,1996-11-25,360.63,Salzburg,Austria,Piccolo und mehr,Georg Pipps,Salzburg,Austria,Queso Cabrales,5,4,1 kg pkg.,0,Dairy Products,Cooperativa de Quesos 'Las Cabras',Spain,Robert King,Sales Representative,Federal Shipping,161.28
10353,38,210.8,50,0.2,PICCO,7,1996-11-13,1996-12-11,1996-11-25,360.63,Salzburg,Austria,Piccolo und mehr,Georg Pipps,Salzburg,Austria,Côte de Blaye,18,1,12 - 75 cl bottles,0,Beverages,Aux joyeux ecclésiastiques,France,Robert King,Sales Representative,Federal Shipping,8432.0
10354,1,14.4,12,0.0,PERIC,8,1996-11-14,1996-12-12,1996-11-20,53.8,México D.F.,Mexico,Pericles Comidas clásicas,Guillermo Fernández,México D.F.,Mexico,Chai,1,1,10 boxes x 20 bags,0,Beverages,Exotic Liquids,UK,Laura Callahan,Inside Sales Coordinator,Federal Shipping,172.8
10354,29,99.0,4,0.0,PERIC,8,1996-11-14,1996-12-12,1996-11-20,53.8,México D.F.,Mexico,Pericles Comidas clásicas,Guillermo Fernández,México D.F.,Mexico,Thüringer Rostbratwurst,12,6,50 bags x 30 sausgs.,1,Meat/Poultry,Plutzer Lebensmittelgroßmärkte AG,Germany,Laura Callahan,Inside Sales Coordinator,Federal Shipping,396.0
10355,24,3.6,25,0.0,AROUT,6,1996-11-15,1996-12-13,1996-11-20,41.95,Colchester,UK,Around the Horn,Thomas Hardy,London,UK,Guaraná Fantástica,10,1,12 - 355 ml cans,1,Beverages,Refrescos Americanas LTDA,Brazil,Michael Suyama,Sales Representative,Speedy Express,90.0
10355,57,15.6,25,0.0,AROUT,6,1996-11-15,1996-12-13,1996-11-20,41.95,Colchester,UK,Around the Horn,Thomas Hardy,London,UK,Ravioli Angelo,26,5,24 - 250 g pkgs.,0,Grains/Cereals,Pasta Buttini s.r.l.,Italy,Michael Suyama,Sales Representative,Speedy Express,390.0
10356,31,10.0,30,0.0,WANDK,6,1996-11-18,1996-12-16,1996-11-27,36.71,Stuttgart,Germany,Die Wandernde Kuh,Rita Müller,Stuttgart,Germany,Gorgonzola Telino,14,4,12 - 100 g pkgs,0,Dairy Products,Formaggi Fortini s.r.l.,Italy,Michael Suyama,Sales Representative,United Package,300.0
10356,55,19.2,12,0.0,WANDK,6,1996-11-18,1996-12-16,1996-11-27,36.71,Stuttgart,Germany,Die Wandernde Kuh,Rita Müller,Stuttgart,Germany,Pâté chinois,25,6,24 boxes x 2 pies,0,Meat/Poultry,Ma Maison,Canada,Michael Suyama,Sales Representative,United Package,230.4
10356,69,28.8,20,0.0,WANDK,6,1996-11-18,1996-12-16,1996-11-27,36.71,Stuttgart,Germany,Die Wandernde Kuh,Rita Müller,Stuttgart,Germany,Gudbrandsdalsost,15,4,10 kg pkg.,0,Dairy Products,Norske Meierier,Norway,Michael Suyama,Sales Representative,United Package,576.0
10357,10,24.8,30,0.2,LILAS,1,1996-11-19,1996-12-17,1996-12-02,34.88,Barquisimeto,Venezuela,LILA-Supermercado,Carlos González,Barquisimeto,Venezuela,Ikura,4,8,12 - 200 ml jars,0,Seafood,Tokyo Traders,Japan,Nancy Davolio,Sales Representative,Federal Shipping,595.2
10357,26,24.9,16,0.0,LILAS,1,1996-11-19,1996-12-17,1996-12-02,34.88,Barquisimeto,Venezuela,LILA-Supermercado,Carlos González,Barquisimeto,Venezuela,Gumbär Gummibärchen,11,3,100 - 250 g bags,0,Confections,Heli Süßwaren GmbH & Co. KG,Germany,Nancy Davolio,Sales Representative,Federal Shipping,398.4
10357,60,27.2,8,0.2,LILAS,1,1996-11-19,1996-12-17,1996-12-02,34.88,Barquisimeto,Venezuela,LILA-Supermercado,Carlos González,Barquisimeto,Venezuela,Camembert Pierrot,28,4,15 - 300 g rounds,0,Dairy Products,Gai pâturage,France,Nancy Davolio,Sales Representative,Federal Shipping,174.08
10358,24,3.6,10,0.05,LAMAI,5,1996-11-20,1996-12-18,1996-11-27,19.64,Toulouse,France,La maison d'Asie,Annette Roulet,Toulouse,France,Guaraná Fantástica,10,1,12 - 355 ml cans,1,Beverages,Refrescos Americanas LTDA,Brazil,Steven Buchanan,Sales Manager,Speedy Express,34.2
10358,34,11.2,10,0.05,LAMAI,5,1996-11-20,1996-12-18,1996-11-27,19.64,Toulouse,France,La maison d'Asie,Annette Roulet,Toulouse,France,Sasquatch Ale,16,1,24 - 12 oz bottles,0,Beverages,Bigfoot Breweries,USA,Steven Buchanan,Sales Manager,Speedy Express,106.4
10358,36,15.2,20,0.05,LAMAI,5,1996-11-20,1996-12-18,1996-11-27,19.64,Toulouse,France,La maison d'Asie,Annette Roulet,Toulouse,France,Inlagd Sill,17,8,24 - 250 g  jars,0,Seafood,Svensk Sjöföda AB,Sweden,Steven Buchanan,Sales Manager,Speedy Express,288.8
10359,16,13.9,56,0.05,SEVES,5,1996-11-21,1996-12-19,1996-11-26,288.43,London,UK,Seven Seas Imports,Hari Kumar,London,UK,Pavlova,7,3,32 - 500 g boxes,0,Confections,Pavlova Ltd.,Australia,Steven Buchanan,Sales Manager,Federal Shipping,739.48
10359,31,10.0,70,0.05,SEVES,5,1996-11-21,1996-12-19,1996-11-26,288.43,London,UK,Seven Seas Imports,Hari Kumar,London,UK,Gorgonzola Telino,14,4,12 - 100 g pkgs,0,Dairy Products,Formaggi Fortini s.r.l.,Italy,Steven Buchanan,Sales Manager,Federal Shipping,665.0
10359,60,27.2,80,0.05,SEVES,5,1996-11-21,1996-12-19,1996-11-26,288.43,London,UK,Seven Seas Imports,Hari Kumar,London,UK,Camembert Pierrot,28,4,15 - 300 g rounds,0,Dairy Products,Gai pâturage,France,Steven Buchanan,Sales Manager,Federal Shipping,2067.2
10360,28,36.4,30,0.0,BLONP,4,1996-11-22,1996-12-20,1996-12-02,131.7,Strasbourg,France,Blondesddsl père et fils,Frédérique Citeaux,Strasbourg,France,Rössle Sauerkraut,12,7,25 - 825 g cans,1,Produce,Plutzer Lebensmittelgroßmärkte AG,Germany,Margaret Peacock,Sales Representative,Federal Shipping,1092.0
10360,29,99.0,35,0.0,BLONP,4,1996-11-22,1996-12-20,1996-12-02,131.7,Strasbourg,France,Blondesddsl père et fils,Frédérique Citeaux,Strasbourg,France,Thüringer Rostbratwurst,12,6,50 bags x 30 sausgs.,1,Meat/Poultry,Plutzer Lebensmittelgroßmärkte AG,Germany,Margaret Peacock,Sales Representative,Federal Shipping,3465.0
10360,38,210.8,10,0.0,BLONP,4,1996-11-22,1996-12-20,1996-12-02,131.7,Strasbourg,France,Blondesddsl père et fils,Frédérique Citeaux,Strasbourg,France,Côte de Blaye,18,1,12 - 75 cl bottles,0,Beverages,Aux joyeux ecclésiastiques,France,Margaret Peacock,Sales Representative,Federal Shipping,2108.0
10360,49,16.0,35,0.0,BLONP,4,1996-11-22,1996-12-20,1996-12-02,131.7,Strasbourg,France,Blondesddsl père et fils,Frédérique Citeaux,Strasbourg,France,Maxilaku,23,3,24 - 50 g pkgs.,0,Confections,Karkki Oy,Finland,Margaret Peacock,Sales Representative,Federal Shipping,560.0
10360,54,5.9,28,0.0,BLONP,4,1996-11-22,1996-12-20,1996-12-02,131.7,Strasbourg,France,Blondesddsl père et fils,Frédérique Citeaux,Strasbourg,France,Tourtière,25,6,16 pies,0,Meat/Poultry,Ma Maison,Canada,Margaret Peacock,Sales Representative,Federal Shipping,165.2
10361,39,14.4,54,0.1,QUICK,1,1996-11-22,1996-12-20,1996-12-03,183.17,Cunewalde,Germany,QUICK-Stop,Horst Kloss,Cunewalde,Germany,Chartreuse verte,18,1,750 cc per bottle,0,Beverages,Aux joyeux ecclésiastiques,France,Nancy Davolio,Sales Representative,United Package,699.84
10361,60,27.2,55,0.1,QUICK,1,1996-11-22,1996-12-20,1996-12-03,183.17,Cunewalde,Germany,QUICK-Stop,Horst Kloss,Cunewalde,Germany,Camembert Pierrot,28,4,15 - 300 g rounds,0,Dairy Products,Gai pâturage,France,Nancy Davolio,Sales Representative,United Package,1346.4
10362,25,11.2,50,0.0,BONAP,3,1996-11-25,1996-12-23,1996-11-28,96.04,Marseille,France,Bon app',Laurence Lebihan,Marseille,France,NuNuCa Nuß-Nougat-Creme,11,3,20 - 450 g glasses,0,Confections,Heli Süßwaren GmbH & Co. KG,Germany,Janet Leverling,Sales Representative,Speedy Express,560.0
10362,51,42.4,20,0.0,BONAP,3,1996-11-25,1996-12-23,1996-11-28,96.04,Marseille,France,Bon app',Laurence Lebihan,Marseille,France,Manjimup Dried Apples,24,7,50 - 300 g pkgs.,0,Produce,G'day Mate,Australia,Janet Leverling,Sales Representative,Speedy Express,848.0
10362,54,5.9,24,0.0,BONAP,3,1996-11-25,1996-12-23,1996-11-28,96.04,Marseille,France,Bon app',Laurence Lebihan,Marseille,France,Tourtière,25,6,16 pies,0,Meat/Poultry,Ma Maison,Canada,Janet Leverling,Sales Representative,Speedy Express,141.6
10363,31,10.0,20,0.0,DRACD,4,1996-11-26,1996-12-24,1996-12-04,30.54,Aachen,Germany,Drachenblut Delikatessen,Sven Ottlieb,Aachen,Germany,Gorgonzola Telino,14,4,12 - 100 g pkgs,0,Dairy Products,Formaggi Fortini s.r.l.,Italy,Margaret Peacock,Sales Representative,Federal Shipping,200.0
10363,75,6.2,12,0.0,DRACD,4,1996-11-26,1996-12-24,1996-12-04,30.54,Aachen,Germany,Drachenblut Delikatessen,Sven Ottlieb,Aachen,Germany,Rhönbräu Klosterbier,12,1,24 - 0.5 l bottles,0,Beverages,Plutzer Lebensmittelgroßmärkte AG,Germany,Margaret Peacock,Sales Representative,Federal Shipping,74.4
10363,76,14.4,12,0.0,DRACD,4,1996-11-26,1996-12-24,1996-12-04,30.54,Aachen,Germany,Drachenblut Delikatessen,Sven Ottlieb,Aachen,Germany,Lakkalikööri,23,1,500 ml,0,Beverages,Karkki Oy,Finland,Margaret Peacock,Sales Representative,Federal Shipping,172.8
10364,69,28.8,30,0.0,EASTC,1,1996-11-26,1997-01-07,1996-12-04,71.97,London,UK,Eastern Connection,Ann Devon,London,UK,Gudbrandsdalsost,15,4,10 kg pkg.,0,Dairy Products,Norske Meierier,Norway,Nancy Davolio,Sales Representative,Speedy Express,864.0
10364,71,17.2,5,0.0,EASTC,1,1996-11-26,1997-01-07,1996-12-04,71.97,London,UK,Eastern Connection,Ann Devon,London,UK,Flotemysost,15,4,10 - 500 g pkgs.,0,Dairy Products,Norske Meierier,Norway,Nancy Davolio,Sales Representative,Speedy Express,86.0
10365,11,16.8,24,0.0,ANTON,3,1996-11-27,1996-12-25,1996-12-02,22.0,México D.F.,Mexico,Antonio Moreno Taquería,Antonio Moreno,México D.F.,Mexico,Queso Cabrales,5,4,1 kg pkg.,0,Dairy Products,Cooperativa de Quesos 'Las Cabras',Spain,Janet Leverling,Sales Representative,United Package,403.2
10366,65,16.8,5,0.0,GALED,8,1996-11-28,1997-01-09,1996-12-30,10.14,Barcelona,Spain,Galería del gastrónomo,Eduardo Saavedra,Barcelona,Spain,Louisiana Fiery Hot Pepper Sauce,2,2,32 - 8 oz bottles,0,Condiments,New Orleans Cajun Delights,USA,Laura Callahan,Inside Sales Coordinator,United Package,84.0
10366,77,10.4,5,0.0,GALED,8,1996-11-28,1997-01-09,1996-12-30,10.14,Barcelona,Spain,Galería del gastrónomo,Eduardo Saavedra,Barcelona,Spain,Original Frankfurter grüne Soße,12,2,12 boxes,0,Condiments,Plutzer Lebensmittelgroßmärkte AG,Germany,Laura Callahan,Inside Sales Coordinator,United Package,52.0
10367,34,11.2,36,0.0,VAFFE,7,1996-11-28,1996-12-26,1996-12-02,13.55,Århus,Denmark,Vaffeljernet,Palle Ibsen,Århus,Denmark,Sasquatch Ale,16,1,24 - 12 oz bottles,0,Beverages,Bigfoot Breweries,USA,Robert King,Sales Representative,Federal Shipping,403.2
10367,54,5.9,18,0.0,VAFFE,7,1996-11-28,1996-12-26,1996-12-02,13.55,Århus,Denmark,Vaffeljernet,Palle Ibsen,Århus,Denmark,Tourtière,25,6,16 pies,0,Meat/Poultry,Ma Maison,Canada,Robert King,Sales Representative,Federal Shipping,106.2
10367,65,16.8,15,0.0,VAFFE,7,1996-11-28,1996-12-26,1996-12-02,13.55,Århus,Denmark,Vaffeljernet,Palle Ibsen,Århus,Denmark,Louisiana Fiery Hot Pepper Sauce,2,2,32 - 8 oz bottles,0,Condiments,New Orleans Cajun Delights,USA,Robert King,Sales Representative,Federal Shipping,252.0
10367,77,10.4,7,0.0,VAFFE,7,1996-11-28,1996-12-26,1996-12-02,13.55,Århus,Denmark,Vaffeljernet,Palle Ibsen,Århus,Denmark,Original Frankfurter grüne Soße,12,2,12 boxes,0,Condiments,Plutzer Lebensmittelgroßmärkte AG,Germany,Robert King,Sales Representative,Federal Shipping,72.8
10368,21,8.0,5,0.1,ERNSH,2,1996-11-29,1996-12-27,1996-12-02,101.95,Graz,Austria,Ernst Handel,Roland Mendel,Graz,Austria,Sir Rodney's Scones,8,3,24 pkgs. x 4 pieces,0,Confections,Specialty Biscuits Ltd.,UK,Andrew Fuller,Vice President Sales,United Package,36.0
10368,28,36.4,13,0.1,ERNSH,2,1996-11-29,1996-12-27,1996-12-02,101.95,Graz,Austria,Ernst Handel,Roland Mendel,Graz,Austria,Rössle Sauerkraut,12,7,25 - 825 g cans,1,Produce,Plutzer Lebensmittelgroßmärkte AG,Germany,Andrew Fuller,Vice President Sales,United Package,425.88
10368,57,15.6,25,0.0,ERNSH,2,1996-11-29,1996-12-27,1996-12-02,101.95,Graz,Austria,Ernst Handel,Roland Mendel,Graz,Austria,Ravioli Angelo,26,5,24 - 250 g pkgs.,0,Grains/Cereals,Pasta Buttini s.r.l.,Italy,Andrew Fuller,Vice President Sales,United Package,390.0
10368,64,26.6,35,0.1,ERNSH,2,1996-11-29,1996-12-27,1996-12-02,101.95,Graz,Austria,Ernst Handel,Roland Mendel,Graz,Austria,Wimmers gute Semmelknödel,12,5,20 bags x 4 pieces,0,Grains/Cereals,Plutzer Lebensmittelgroßmärkte AG,Germany,Andrew Fuller,Vice President Sales,United Package,837.9
10369,29,99.0,20,0.0,SPLIR,8,1996-12-02,1996-12-30,1996-12-09,195.68,Lander,USA,Split Rail Beer & Ale,Art Braunschweiger,Lander,USA,Thüringer Rostbratwurst,12,6,50 bags x 30 sausgs.,1,Meat/Poultry,Plutzer Lebensmittelgroßmärkte AG,Germany,Laura Callahan,Inside Sales Coordinator,United Package,1980.0
10369,56,30.4,18,0.25,SPLIR,8,1996-12-02,1996-12-30,1996-12-09,195.68,Lander,USA,Split Rail Beer & Ale,Art Braunschweiger,Lander,USA,Gnocchi di nonna Alice,26,5,24 - 250 g pkgs.,0,Grains/Cereals,Pasta Buttini s.r.l.,Italy,Laura Callahan,Inside Sales Coordinator,United Package,410.4
10370,1,14.4,15,0.15,CHOPS,6,1996-12-03,1996-12-31,1996-12-27,1.17,Bern,Switzerland,Chop-suey Chinese,Yang Wang,Bern,Switzerland,Chai,1,1,10 boxes x 20 bags,0,Beverages,Exotic Liquids,UK,Michael Suyama,Sales Representative,United Package,183.6
10370,64,26.6,30,0.0,CHOPS,6,1996-12-03,1996-12-31,1996-12-27,1.17,Bern,Switzerland,Chop-suey Chinese,Yang Wang,Bern,Switzerland,Wimmers gute Semmelknödel,12,5,20 bags x 4 pieces,0,Grains/Cereals,Plutzer Lebensmittelgroßmärkte AG,Germany,Michael Suyama,Sales Representative,United Package,798.0
10370,74,8.0,20,0.15,CHOPS,6,1996-12-03,1996-12-31,1996-12-27,1.17,Bern,Switzerland,Chop-suey Chinese,Yang Wang,Bern,Switzerland,Longlife Tofu,4,7,5 kg pkg.,0,Produce,Tokyo Traders,Japan,Michael Suyama,Sales Representative,United Package,136.0
10371,36,15.2,6,0.2,LAMAI,1,1996-12-03,1996-12-31,1996-12-24,0.45,Toulouse,France,La maison d'Asie,Annette Roulet,Toulouse,France,Inlagd Sill,17,8,24 - 250 g  jars,0,Seafood,Svensk Sjöföda AB,Sweden,Nancy Davolio,Sales Representative,Speedy Express,72.96
10372,20,64.8,12,0.25,QUEEN,5,1996-12-04,1997-01-01,1996-12-09,890.78,Sao Paulo,Brazil,Queen Cozinha,Lúcia Carvalho,Sao Paulo,Brazil,Sir Rodney's Marmalade,8,3,30 gift boxes,0,Confections,Specialty Biscuits Ltd.,UK,Steven Buchanan,Sales Manager,United Package,583.2
10372,38,210.8,40,0.25,QUEEN,5,1996-12-04,1997-01-01,1996-12-09,890.78,Sao Paulo,Brazil,Queen Cozinha,Lúcia Carvalho,Sao Paulo,Brazil,Côte de Blaye,18,1,12 - 75 cl bottles,0,Beverages,Aux joyeux ecclésiastiques,France,Steven Buchanan,Sales Manager,United Package,6324.0
10372,60,27.2,70,0.25,QUEEN,5,1996-12-04,1997-01-01,1996-12-09,890.78,Sao Paulo,Brazil,Queen Cozinha,Lúcia Carvalho,Sao Paulo,Brazil,Camembert Pierrot,28,4,15 - 300 g rounds,0,Dairy Products,Gai pâturage,France,Steven Buchanan,Sales Manager,United Package,1428.0
10372,72,27.8,42,0.25,QUEEN,5,1996-12-04,1997-01-01,1996-12-09,890.78,Sao Paulo,Brazil,Queen Cozinha,Lúcia Carvalho,Sao Paulo,Brazil,Mozzarella di Giovanni,14,4,24 - 200 g pkgs.,0,Dairy Products,Formaggi Fortini s.r.l.,Italy,Steven Buchanan,Sales Manager,United Package,875.7
10373,58,10.6,80,0.2,HUNGO,4,1996-12-05,1997-01-02,1996-12-11,124.12,Cork,Ireland,Hungry Owl All-Night Grocers,Patricia McKenna,Cork,Ireland,Escargots de Bourgogne,27,8,24 pieces,0,Seafood,Escargots Nouveaux,France,Margaret Peacock,Sales Representative,Federal Shipping,678.4
10373,71,17.2,50,0.2,HUNGO,4,1996-12-05,1997-01-02,1996-12-11,124.12,Cork,Ireland,Hungry Owl All-Night Grocers,Patricia McKenna,Cork,Ireland,Flotemysost,15,4,10 - 500 g pkgs.,0,Dairy Products,Norske Meierier,Norway,Margaret Peacock,Sales Representative,Federal Shipping,688.0
10374,31,10.0,30,0.0,WOLZA,1,1996-12-05,1997-01-02,1996-12-09,3.94,Warszawa,Poland,Wolski  Zajazd,Zbyszek Piestrzeniewicz,Warszawa,Poland,Gorgonzola Telino,14,4,12 - 100 g pkgs,0,Dairy Products,Formaggi Fortini s.r.l.,Italy,Nancy Davolio,Sales Representative,Federal Shipping,300.0
10374,58,10.6,15,0.0,WOLZA,1,1996-12-05,1997-01-02,1996-12-09,3.94,Warszawa,Poland,Wolski  Zajazd,Zbyszek Piestrzeniewicz,Warszawa,Poland,Escargots de Bourgogne,27,8,24 pieces,0,Seafood,Escargots Nouveaux,France,Nancy Davolio,Sales Representative,Federal Shipping,159.0
10375,14,18.6,15,0.0,HUNGC,3,1996-12-06,1997-01-03,1996-12-09,20.12,Elgin,USA,Hungry Coyote Import Store,Yoshi Latimer,Elgin,USA,Tofu,6,7,40 - 100 g pkgs.,0,Produce,Mayumi's,Japan,Janet Leverling,Sales Representative,United Package,279.0
10375,54,5.9,10,0.0,HUNGC,3,1996-12-06,1997-01-03,1996-12-09,20.12,Elgin,USA,Hungry Coyote Import Store,Yoshi Latimer,Elgin,USA,Tourtière,25,6,16 pies,0,Meat/Poultry,Ma Maison,Canada,Janet Leverling,Sales Representative,United Package,59.0
10376,31,10.0,42,0.05,MEREP,1,1996-12-09,1997-01-06,1996-12-13,20.39,Montréal,Canada,Mère Paillarde,Jean Fresnière,Montréal,Canada,Gorgonzola Telino,14,4,12 - 100 g pkgs,0,Dairy Products,Formaggi Fortini s.r.l.,Italy,Nancy Davolio,Sales Representative,United Package,399.0
10377,28,36.4,20,0.15,SEVES,1,1996-12-09,1997-01-06,1996-12-13,22.21,London,UK,Seven Seas Imports,Hari Kumar,London,UK,Rössle Sauerkraut,12,7,25 - 825 g cans,1,Produce,Plutzer Lebensmittelgroßmärkte AG,Germany,Nancy Davolio,Sales Representative,Federal Shipping,618.8
10377,39,14.4,20,0.15,SEVES,1,1996-12-09,1997-01-06,1996-12-13,22.21,London,UK,Seven Seas Imports,Hari Kumar,London,UK,Chartreuse verte,18,1,750 cc per bottle,0,Beverages,Aux joyeux ecclésiastiques,France,Nancy Davolio,Sales Representative,Federal Shipping,244.8
10378,71,17.2,6,0.0,FOLKO,5,1996-12-10,1997-01-07,1996-12-19,5.44,Bräcke,Sweden,Folk och fä HB,Maria Larsson,Bräcke,Sweden,Flotemysost,15,4,10 - 500 g pkgs.,0,Dairy Products,Norske Meierier,Norway,Steven Buchanan,Sales Manager,Federal Shipping,103.2
10379,41,7.7,8,0.1,QUEDE,2,1996-12-11,1997-01-08,1996-12-13,45.03,Rio de Janeiro,Brazil,Que Delícia,Bernardo Batista, 12Rio de Janeiro,Brazil,Jack's New England Clam Chowder,19,8,12 - 12 oz cans,0,Seafood,New England Seafood Cannery,USA,Andrew Fuller,Vice President Sales,Speedy Express,55.44
10379,63,35.1,16,0.1,QUEDE,2,1996-12-11,1997-01-08,1996-12-13,45.03,Rio de Janeiro,Brazil,Que Delícia,Bernardo Batista, 12Rio de Janeiro,Brazil,Vegie-spread,7,2,15 - 625 g jars,0,Condiments,Pavlova Ltd.,Australia,Andrew Fuller,Vice President Sales,Speedy Express,505.44
10379,65,16.8,20,0.1,QUEDE,2,1996-12-11,1997-01-08,1996-12-13,45.03,Rio de Janeiro,Brazil,Que Delícia,Bernardo Batista, 12Rio de Janeiro,Brazil,Louisiana Fiery Hot Pepper Sauce,2,2,32 - 8 oz bottles,0,Condiments,New Orleans Cajun Delights,USA,Andrew Fuller,Vice President Sales,Speedy Express,302.4
10380,30,20.7,18,0.1,HUNGO,8,1996-12-12,1997-01-09,1997-01-16,35.03,Cork,Ireland,Hungry Owl All-Night Grocers,Patricia McKenna,Cork,Ireland,Nord-Ost Matjeshering,13,8,10 - 200 g glasses,0,Seafood,Nord-Ost-Fisch Handelsgesellschaft mbH,Germany,Laura Callahan,Inside Sales Coordinator,Federal Shipping,335.34
10380,53,26.2,20,0.1,HUNGO,8,1996-12-12,1997-01-09,1997-01-16,35.03,Cork,Ireland,Hungry Owl All-Night Grocers,Patricia McKenna,Cork,Ireland,Perth Pasties,24,6,48 pieces,1,Meat/Poultry,G'day Mate,Australia,Laura Callahan,Inside Sales Coordinator,Federal Shipping,471.6
10380,60,27.2,6,0.1,HUNGO,8,1996-12-12,1997-01-09,1997-01-16,35.03,Cork,Ireland,Hungry Owl All-Night Grocers,Patricia McKenna,Cork,Ireland,Camembert Pierrot,28,4,15 - 300 g rounds,0,Dairy Products,Gai pâturage,France,Laura Callahan,Inside Sales Coordinator,Federal Shipping,146.88
10380,70,12.0,30,0.0,HUNGO,8,1996-12-12,1997-01-09,1997-01-16,35.03,Cork,Ireland,Hungry Owl All-Night Grocers,Patricia McKenna,Cork,Ireland,Outback Lager,7,1,24 - 355 ml bottles,0,Beverages,Pavlova Ltd.,Australia,Laura Callahan,Inside Sales Coordinator,Federal Shipping,360.0
10381,74,8.0,14,0.0,LILAS,3,1996-12-12,1997-01-09,1996-12-13,7.99,Barquisimeto,Venezuela,LILA-Supermercado,Carlos González,Barquisimeto,Venezuela,Longlife Tofu,4,7,5 kg pkg.,0,Produce,Tokyo Traders,Japan,Janet Leverling,Sales Representative,Federal Shipping,112.0
10382,5,17.0,32,0.0,ERNSH,4,1996-12-13,1997-01-10,1996-12-16,94.77,Graz,Austria,Ernst Handel,Roland Mendel,Graz,Austria,Chef Anton's Gumbo Mix,2,2,36 boxes,1,Condiments,New Orleans Cajun Delights,USA,Margaret Peacock,Sales Representative,Speedy Express,544.0
10382,18,50.0,9,0.0,ERNSH,4,1996-12-13,1997-01-10,1996-12-16,94.77,Graz,Austria,Ernst Handel,Roland Mendel,Graz,Austria,Carnarvon Tigers,7,8,16 kg pkg.,0,Seafood,Pavlova Ltd.,Australia,Margaret Peacock,Sales Representative,Speedy Express,450.0
10382,29,99.0,14,0.0,ERNSH,4,1996-12-13,1997-01-10,1996-12-16,94.77,Graz,Austria,Ernst Handel,Roland Mendel,Graz,Austria,Thüringer Rostbratwurst,12,6,50 bags x 30 sausgs.,1,Meat/Poultry,Plutzer Lebensmittelgroßmärkte AG,Germany,Margaret Peacock,Sales Representative,Speedy Express,1386.0
10382,33,2.0,60,0.0,ERNSH,4,1996-12-13,1997-01-10,1996-12-16,94.77,Graz,Austria,Ernst Handel,Roland Mendel,Graz,Austria,Geitost,15,4,500 g,0,Dairy Products,Norske Meierier,Norway,Margaret Peacock,Sales Representative,Speedy Express,120.0
10382,74,8.0,50,0.0,ERNSH,4,1996-12-13,1997-01-10,1996-12-16,94.77,Graz,Austria,Ernst Handel,Roland Mendel,Graz,Austria,Longlife Tofu,4,7,5 kg pkg.,0,Produce,Tokyo Traders,Japan,Margaret Peacock,Sales Representative,Speedy Express,400.0
10383,13,4.8,20,0.0,AROUT,8,1996-12-16,1997-01-13,1996-12-18,34.24,Colchester,UK,Around the Horn,Thomas Hardy,London,UK,Konbu,6,8,2 kg box,0,Seafood,Mayumi's,Japan,Laura Callahan,Inside Sales Coordinator,Federal Shipping,96.0
10383,50,13.0,15,0.0,AROUT,8,1996-12-16,1997-01-13,1996-12-18,34.24,Colchester,UK,Around the Horn,Thomas Hardy,London,UK,Valkoinen suklaa,23,3,12 - 100 g bars,0,Confections,Karkki Oy,Finland,Laura Callahan,Inside Sales Coordinator,Federal Shipping,195.0
10383,56,30.4,20,0.0,AROUT,8,1996-12-16,1997-01-13,1996-12-18,34.24,Colchester,UK,Around the Horn,Thomas Hardy,London,UK,Gnocchi di nonna Alice,26,5,24 - 250 g pkgs.,0,Grains/Cereals,Pasta Buttini s.r.l.,Italy,Laura Callahan,Inside Sales Coordinator,Federal Shipping,608.0
10384,20,64.8,28,0.0,BERGS,3,1996-12-16,1997-01-13,1996-12-20,168.64,Luleå,Sweden,Berglunds snabbköp,Christina Berglund,Luleå,Sweden,Sir Rodney's Marmalade,8,3,30 gift boxes,0,Confections,Specialty Biscuits Ltd.,UK,Janet Leverling,Sales Representative,Federal Shipping,1814.4
10384,60,27.2,15,0.0,BERGS,3,1996-12-16,1997-01-13,1996-12-20,168.64,Luleå,Sweden,Berglunds snabbköp,Christina Berglund,Luleå,Sweden,Camembert Pierrot,28,4,15 - 300 g rounds,0,Dairy Products,Gai pâturage,France,Janet Leverling,Sales Representative,Federal Shipping,408.0
10385,7,24.0,10,0.2,SPLIR,1,1996-12-17,1997-01-14,1996-12-23,30.96,Lander,USA,Split Rail Beer & Ale,Art Braunschweiger,Lander,USA,Uncle Bob's Organic Dried Pears,3,7,12 - 1 lb pkgs.,0,Produce,Grandma Kelly's Homestead,USA,Nancy Davolio,Sales Representative,United Package,192.0
10385,60,27.2,20,0.2,SPLIR,1,1996-12-17,1997-01-14,1996-12-23,30.96,Lander,USA,Split Rail Beer & Ale,Art Braunschweiger,Lander,USA,Camembert Pierrot,28,4,15 - 300 g rounds,0,Dairy Products,Gai pâturage,France,Nancy Davolio,Sales Representative,United Package,435.2
10385,68,10.0,8,0.2,SPLIR,1,1996-12-17,1997-01-14,1996-12-23,30.96,Lander,USA,Split Rail Beer & Ale,Art Braunschweiger,Lander,USA,Scottish Longbreads,8,3,10 boxes x 8 pieces,0,Confections,Specialty Biscuits Ltd.,UK,Nancy Davolio,Sales Representative,United Package,64.0
10386,24,3.6,15,0.0,FAMIA,9,1996-12-18,1997-01-01,1996-12-25,13.99,Sao Paulo,Brazil,Familia Arquibaldo,Aria Cruz,Sao Paulo,Brazil,Guaraná Fantástica,10,1,12 - 355 ml cans,1,Beverages,Refrescos Americanas LTDA,Brazil,Anne Dodsworth,Sales Representative,Federal Shipping,54.0
10386,34,11.2,10,0.0,FAMIA,9,1996-12-18,1997-01-01,1996-12-25,13.99,Sao Paulo,Brazil,Familia Arquibaldo,Aria Cruz,Sao Paulo,Brazil,Sasquatch Ale,16,1,24 - 12 oz bottles,0,Beverages,Bigfoot Breweries,USA,Anne Dodsworth,Sales Representative,Federal Shipping,112.0
10387,24,3.6,15,0.0,SANTG,1,1996-12-18,1997-01-15,1996-12-20,93.63,Stavern,Norway,Santé Gourmet,Jonas Bergulfsen,Stavern,Norway,Guaraná Fantástica,10,1,12 - 355 ml cans,1,Beverages,Refrescos Americanas LTDA,Brazil,Nancy Davolio,Sales Representative,United Package,54.0
10387,28,36.4,6,0.0,SANTG,1,1996-12-18,1997-01-15,1996-12-20,93.63,Stavern,Norway,Santé Gourmet,Jonas Bergulfsen,Stavern,Norway,Rössle Sauerkraut,12,7,25 - 825 g cans,1,Produce,Plutzer Lebensmittelgroßmärkte AG,Germany,Nancy Davolio,Sales Representative,United Package,218.4
10387,59,44.0,12,0.0,SANTG,1,1996-12-18,1997-01-15,1996-12-20,93.63,Stavern,Norway,Santé Gourmet,Jonas Bergulfsen,Stavern,Norway,Raclette Courdavault,28,4,5 kg pkg.,0,Dairy Products,Gai pâturage,France,Nancy Davolio,Sales Representative,United Package,528.0
10387,71,17.2,15,0.0,SANTG,1,1996-12-18,1997-01-15,1996-12-20,93.63,Stavern,Norway,Santé Gourmet,Jonas Bergulfsen,Stavern,Norway,Flotemysost,15,4,10 - 500 g pkgs.,0,Dairy Products,Norske Meierier,Norway,Nancy Davolio,Sales Representative,United Package,258.0
10388,45,7.6,15,0.2,SEVES,2,1996-12-19,1997-01-16,1996-12-20,34.86,London,UK,Seven Seas Imports,Hari Kumar,London,UK,Rogede sild,21,8,1k pkg.,0,Seafood,Lyngbysild,Denmark,Andrew Fuller,Vice President Sales,Speedy Express,91.2
10388,52,5.6,20,0.2,SEVES,2,1996-12-19,1997-01-16,1996-12-20,34.86,London,UK,Seven Seas Imports,Hari Kumar,London,UK,Filo Mix,24,5,16 - 2 kg boxes,0,Grains/Cereals,G'day Mate,Australia,Andrew Fuller,Vice President Sales,Speedy Express,89.6
10388,53,26.2,40,0.0,SEVES,2,1996-12-19,1997-01-16,1996-12-20,34.86,London,UK,Seven Seas Imports,Hari Kumar,London,UK,Perth Pasties,24,6,48 pieces,1,Meat/Poultry,G'day Mate,Australia,Andrew Fuller,Vice President Sales,Speedy Express,1048.0
10389,10,24.8,16,0.0,BOTTM,4,1996-12-20,1997-01-17,1996-12-24,47.42,Tsawassen,Canada,Bottom-Dollar Markets,Elizabeth Lincoln,Tsawassen,Canada,Ikura,4,8,12 - 200 ml jars,0,Seafood,Tokyo Traders,Japan,Margaret Peacock,Sales Representative,United Package,396.8
10389,55,19.2,15,0.0,BOTTM,4,1996-12-20,1997-01-17,1996-12-24,47.42,Tsawassen,Canada,Bottom-Dollar Markets,Elizabeth Lincoln,Tsawassen,Canada,Pâté chinois,25,6,24 boxes x 2 pies,0,Meat/Poultry,Ma Maison,Canada,Margaret Peacock,Sales Representative,United Package,288.0
10389,62,39.4,20,0.0,BOTTM,4,1996-12-20,1997-01-17,1996-12-24,47.42,Tsawassen,Canada,Bottom-Dollar Markets,Elizabeth Lincoln,Tsawassen,Canada,Tarte au sucre,29,3,48 pies,0,Confections,Forêts d'érables,Canada,Margaret Peacock,Sales Representative,United Package,788.0
10389,70,12.0,30,0.0,BOTTM,4,1996-12-20,1997-01-17,1996-12-24,47.42,Tsawassen,Canada,Bottom-Dollar Markets,Elizabeth Lincoln,Tsawassen,Canada,Outback Lager,7,1,24 - 355 ml bottles,0,Beverages,Pavlova Ltd.,Australia,Margaret Peacock,Sales Representative,United Package,360.0
10390,31,10.0,60,0.1,ERNSH,6,1996-12-23,1997-01-20,1996-12-26,126.38,Graz,Austria,Ernst Handel,Roland Mendel,Graz,Austria,Gorgonzola Telino,14,4,12 - 100 g pkgs,0,Dairy Products,Formaggi Fortini s.r.l.,Italy,Michael Suyama,Sales Representative,Speedy Express,540.0
10390,35,14.4,40,0.1,ERNSH,6,1996-12-23,1997-01-20,1996-12-26,126.38,Graz,Austria,Ernst Handel,Roland Mendel,Graz,Austria,Steeleye Stout,16,1,24 - 12 oz bottles,0,Beverages,Bigfoot Breweries,USA,Michael Suyama,Sales Representative,Speedy Express,518.4
10390,46,9.6,45,0.0,ERNSH,6,1996-12-23,1997-01-20,1996-12-26,126.38,Graz,Austria,Ernst Handel,Roland Mendel,Graz,Austria,Spegesild,21,8,4 - 450 g glasses,0,Seafood,Lyngbysild,Denmark,Michael Suyama,Sales Representative,Speedy Express,432.0
10390,72,27.8,24,0.1,ERNSH,6,1996-12-23,1997-01-20,1996-12-26,126.38,Graz,Austria,Ernst Handel,Roland Mendel,Graz,Austria,Mozzarella di Giovanni,14,4,24 - 200 g pkgs.,0,Dairy Products,Formaggi Fortini s.r.l.,Italy,Michael Suyama,Sales Representative,Speedy Express,600.48
10391,13,4.8,18,0.0,DRACD,3,1996-12-23,1997-01-20,1996-12-31,5.45,Aachen,Germany,Drachenblut Delikatessen,Sven Ottlieb,Aachen,Germany,Konbu,6,8,2 kg box,0,Seafood,Mayumi's,Japan,Janet Leverling,Sales Representative,Federal Shipping,86.4
10392,69,28.8,50,0.0,PICCO,2,1996-12-24,1997-01-21,1997-01-01,122.46,Salzburg,Austria,Piccolo und mehr,Georg Pipps,Salzburg,Austria,Gudbrandsdalsost,15,4,10 kg pkg.,0,Dairy Products,Norske Meierier,Norway,Andrew Fuller,Vice President Sales,Federal Shipping,1440.0
10393,2,15.2,25,0.25,SAVEA,1,1996-12-25,1997-01-22,1997-01-03,126.56,Boise,USA,Save-a-lot Markets,Jose Pavarotti,Boise,USA,Chang,1,1,24 - 12 oz bottles,0,Beverages,Exotic Liquids,UK,Nancy Davolio,Sales Representative,Federal Shipping,285.0
10393,14,18.6,42,0.25,SAVEA,1,1996-12-25,1997-01-22,1997-01-03,126.56,Boise,USA,Save-a-lot Markets,Jose Pavarotti,Boise,USA,Tofu,6,7,40 - 100 g pkgs.,0,Produce,Mayumi's,Japan,Nancy Davolio,Sales Representative,Federal Shipping,585.9
10393,25,11.2,7,0.25,SAVEA,1,1996-12-25,1997-01-22,1997-01-03,126.56,Boise,USA,Save-a-lot Markets,Jose Pavarotti,Boise,USA,NuNuCa Nuß-Nougat-Creme,11,3,20 - 450 g glasses,0,Confections,Heli Süßwaren GmbH & Co. KG,Germany,Nancy Davolio,Sales Representative,Federal Shipping,58.8
10393,26,24.9,70,0.25,SAVEA,1,1996-12-25,1997-01-22,1997-01-03,126.56,Boise,USA,Save-a-lot Markets,Jose Pavarotti,Boise,USA,Gumbär Gummibärchen,11,3,100 - 250 g bags,0,Confections,Heli Süßwaren GmbH & Co. KG,Germany,Nancy Davolio,Sales Representative,Federal Shipping,1307.25
10393,31,10.0,32,0.0,SAVEA,1,1996-12-25,1997-01-22,1997-01-03,126.56,Boise,USA,Save-a-lot Markets,Jose Pavarotti,Boise,USA,Gorgonzola Telino,14,4,12 - 100 g pkgs,0,Dairy Products,Formaggi Fortini s.r.l.,Italy,Nancy Davolio,Sales Representative,Federal Shipping,320.0
10394,13,4.8,10,0.0,HUNGC,1,1996-12-25,1997-01-22,1997-01-03,30.34,Elgin,USA,Hungry Coyote Import Store,Yoshi Latimer,Elgin,USA,Konbu,6,8,2 kg box,0,Seafood,Mayumi's,Japan,Nancy Davolio,Sales Representative,Federal Shipping,48.0
10394,62,39.4,10,0.0,HUNGC,1,1996-12-25,1997-01-22,1997-01-03,30.34,Elgin,USA,Hungry Coyote Import Store,Yoshi Latimer,Elgin,USA,Tarte au sucre,29,3,48 pies,0,Confections,Forêts d'érables,Canada,Nancy Davolio,Sales Representative,Federal Shipping,394.0
10395,46,9.6,28,0.1,HILAA,6,1996-12-26,1997-01-23,1997-01-03,184.41,San Cristóbal,Venezuela,HILARION-Abastos,Carlos Hernández,San Cristóbal,Venezuela,Spegesild,21,8,4 - 450 g glasses,0,Seafood,Lyngbysild,Denmark,Michael Suyama,Sales Representative,Speedy Express,241.92
10395,53,26.2,70,0.1,HILAA,6,1996-12-26,1997-01-23,1997-01-03,184.41,San Cristóbal,Venezuela,HILARION-Abastos,Carlos Hernández,San Cristóbal,Venezuela,Perth Pasties,24,6,48 pieces,1,Meat/Poultry,G'day Mate,Australia,Michael Suyama,Sales Representative,Speedy Express,1650.6
10395,69,28.8,8,0.0,HILAA,6,1996-12-26,1997-01-23,1997-01-03,184.41,San Cristóbal,Venezuela,HILARION-Abastos,Carlos Hernández,San Cristóbal,Venezuela,Gudbrandsdalsost,15,4,10 kg pkg.,0,Dairy Products,Norske Meierier,Norway,Michael Suyama,Sales Representative,Speedy Express,230.4
10396,23,7.2,40,0.0,FRANK,1,1996-12-27,1997-01-10,1997-01-06,135.35,München,Germany,Frankenversand,Peter Franken,München,Germany,Tunnbröd,9,5,12 - 250 g pkgs.,0,Grains/Cereals,PB Knäckebröd AB,Sweden,Nancy Davolio,Sales Representative,Federal Shipping,288.0
10396,71,17.2,60,0.0,FRANK,1,1996-12-27,1997-01-10,1997-01-06,135.35,München,Germany,Frankenversand,Peter Franken,München,Germany,Flotemysost,15,4,10 - 500 g pkgs.,0,Dairy Products,Norske Meierier,Norway,Nancy Davolio,Sales Representative,Federal Shipping,1032.0
10396,72,27.8,21,0.0,FRANK,1,1996-12-27,1997-01-10,1997-01-06,135.35,München,Germany,Frankenversand,Peter Franken,München,Germany,Mozzarella di Giovanni,14,4,24 - 200 g pkgs.,0,Dairy Products,Formaggi Fortini s.r.l.,Italy,Nancy Davolio,Sales Representative,Federal Shipping,583.8
10397,21,8.0,10,0.15,PRINI,5,1996-12-27,1997-01-24,1997-01-02,60.26,Lisboa,Portugal,Princesa Isabel Vinhos,Isabel de Castro,Lisboa,Portugal,Sir Rodney's Scones,8,3,24 pkgs. x 4 pieces,0,Confections,Specialty Biscuits Ltd.,UK,Steven Buchanan,Sales Manager,Speedy Express,68.0
10397,51,42.4,18,0.15,PRINI,5,1996-12-27,1997-01-24,1997-01-02,60.26,Lisboa,Portugal,Princesa Isabel Vinhos,Isabel de Castro,Lisboa,Portugal,Manjimup Dried Apples,24,7,50 - 300 g pkgs.,0,Produce,G'day Mate,Australia,Steven Buchanan,Sales Manager,Speedy Express,648.72
10398,35,14.4,30,0.0,SAVEA,2,1996-12-30,1997-01-27,1997-01-09,89.16,Boise,USA,Save-a-lot Markets,Jose Pavarotti,Boise,USA,Steeleye Stout,16,1,24 - 12 oz bottles,0,Beverages,Bigfoot Breweries,USA,Andrew Fuller,Vice President Sales,Federal Shipping,432.0
10398,55,19.2,120,0.1,SAVEA,2,1996-12-30,1997-01-27,1997-01-09,89.16,Boise,USA,Save-a-lot Markets,Jose Pavarotti,Boise,USA,Pâté chinois,25,6,24 boxes x 2 pies,0,Meat/Poultry,Ma Maison,Canada,Andrew Fuller,Vice President Sales,Federal Shipping,2073.6
10399,68,10.0,60,0.0,VAFFE,8,1996-12-31,1997-01-14,1997-01-08,27.36,Århus,Denmark,Vaffeljernet,Palle Ibsen,Århus,Denmark,Scottish Longbreads,8,3,10 boxes x 8 pieces,0,Confections,Specialty Biscuits Ltd.,UK,Laura Callahan,Inside Sales Coordinator,Federal Shipping,600.0
10399,71,17.2,30,0.0,VAFFE,8,1996-12-31,1997-01-14,1997-01-08,27.36,Århus,Denmark,Vaffeljernet,Palle Ibsen,Århus,Denmark,Flotemysost,15,4,10 - 500 g pkgs.,0,Dairy Products,Norske Meierier,Norway,Laura Callahan,Inside Sales Coordinator,Federal Shipping,516.0
10399,76,14.4,35,0.0,VAFFE,8,1996-12-31,1997-01-14,1997-01-08,27.36,Århus,Denmark,Vaffeljernet,Palle Ibsen,Århus,Denmark,Lakkalikööri,23,1,500 ml,0,Beverages,Karkki Oy,Finland,Laura Callahan,Inside Sales Coordinator,Federal Shipping,504.0
10399,77,10.4,14,0.0,VAFFE,8,1996-12-31,1997-01-14,1997-01-08,27.36,Århus,Denmark,Vaffeljernet,Palle Ibsen,Århus,Denmark,Original Frankfurter grüne Soße,12,2,12 boxes,0,Condiments,Plutzer Lebensmittelgroßmärkte AG,Germany,Laura Callahan,Inside Sales Coordinator,Federal Shipping,145.6
10400,29,99.0,21,0.0,EASTC,1,1997-01-01,1997-01-29,1997-01-16,83.93,London,UK,Eastern Connection,Ann Devon,London,UK,Thüringer Rostbratwurst,12,6,50 bags x 30 sausgs.,1,Meat/Poultry,Plutzer Lebensmittelgroßmärkte AG,Germany,Nancy Davolio,Sales Representative,Federal Shipping,2079.0
10400,35,14.4,35,0.0,EASTC,1,1997-01-01,1997-01-29,1997-01-16,83.93,London,UK,Eastern Connection,Ann Devon,London,UK,Steeleye Stout,16,1,24 - 12 oz bottles,0,Beverages,Bigfoot Breweries,USA,Nancy Davolio,Sales Representative,Federal Shipping,504.0
10400,49,16.0,30,0.0,EASTC,1,1997-01-01,1997-01-29,1997-01-16,83.93,London,UK,Eastern Connection,Ann Devon,London,UK,Maxilaku,23,3,24 - 50 g pkgs.,0,Confections,Karkki Oy,Finland,Nancy Davolio,Sales Representative,Federal Shipping,480.0
10401,30,20.7,18,0.0,RATTC,1,1997-01-01,1997-01-29,1997-01-10,12.51,Albuquerque,USA,Rattlesnake Canyon Grocery,Paula Wilson,Albuquerque,USA,Nord-Ost Matjeshering,13,8,10 - 200 g glasses,0,Seafood,Nord-Ost-Fisch Handelsgesellschaft mbH,Germany,Nancy Davolio,Sales Representative,Speedy Express,372.6
10401,56,30.4,70,0.0,RATTC,1,1997-01-01,1997-01-29,1997-01-10,12.51,Albuquerque,USA,Rattlesnake Canyon Grocery,Paula Wilson,Albuquerque,USA,Gnocchi di nonna Alice,26,5,24 - 250 g pkgs.,0,Grains/Cereals,Pasta Buttini s.r.l.,Italy,Nancy Davolio,Sales Representative,Speedy Express,2128.0
10401,65,16.8,20,0.0,RATTC,1,1997-01-01,1997-01-29,1997-01-10,12.51,Albuquerque,USA,Rattlesnake Canyon Grocery,Paula Wilson,Albuquerque,USA,Louisiana Fiery Hot Pepper Sauce,2,2,32 - 8 oz bottles,0,Condiments,New Orleans Cajun Delights,USA,Nancy Davolio,Sales Representative,Speedy Express,336.0
10401,71,17.2,60,0.0,RATTC,1,1997-01-01,1997-01-29,1997-01-10,12.51,Albuquerque,USA,Rattlesnake Canyon Grocery,Paula Wilson,Albuquerque,USA,Flotemysost,15,4,10 - 500 g pkgs.,0,Dairy Products,Norske Meierier,Norway,Nancy Davolio,Sales Representative,Speedy Express,1032.0
10402,23,7.2,60,0.0,ERNSH,8,1997-01-02,1997-02-13,1997-01-10,67.88,Graz,Austria,Ernst Handel,Roland Mendel,Graz,Austria,Tunnbröd,9,5,12 - 250 g pkgs.,0,Grains/Cereals,PB Knäckebröd AB,Sweden,Laura Callahan,Inside Sales Coordinator,United Package,432.0
10402,63,35.1,65,0.0,ERNSH,8,1997-01-02,1997-02-13,1997-01-10,67.88,Graz,Austria,Ernst Handel,Roland Mendel,Graz,Austria,Vegie-spread,7,2,15 - 625 g jars,0,Condiments,Pavlova Ltd.,Australia,Laura Callahan,Inside Sales Coordinator,United Package,2281.5
10403,16,13.9,21,0.15,ERNSH,4,1997-01-03,1997-01-31,1997-01-09,73.79,Graz,Austria,Ernst Handel,Roland Mendel,Graz,Austria,Pavlova,7,3,32 - 500 g boxes,0,Confections,Pavlova Ltd.,Australia,Margaret Peacock,Sales Representative,Federal Shipping,248.12
10403,48,10.2,70,0.15,ERNSH,4,1997-01-03,1997-01-31,1997-01-09,73.79,Graz,Austria,Ernst Handel,Roland Mendel,Graz,Austria,Chocolade,22,3,10 pkgs.,0,Confections,Zaanse Snoepfabriek,Netherlands,Margaret Peacock,Sales Representative,Federal Shipping,606.9
10404,26,24.9,30,0.05,MAGAA,2,1997-01-03,1997-01-31,1997-01-08,155.97,Bergamo,Italy,Magazzini Alimentari Riuniti,Giovanni Rovelli,Bergamo,Italy,Gumbär Gummibärchen,11,3,100 - 250 g bags,0,Confections,Heli Süßwaren GmbH & Co. KG,Germany,Andrew Fuller,Vice President Sales,Speedy Express,709.65
10404,42,11.2,40,0.05,MAGAA,2,1997-01-03,1997-01-31,1997-01-08,155.97,Bergamo,Italy,Magazzini Alimentari Riuniti,Giovanni Rovelli,Bergamo,Italy,Singaporean Hokkien Fried Mee,20,5,32 - 1 kg pkgs.,1,Grains/Cereals,Leka Trading,Singapore,Andrew Fuller,Vice President Sales,Speedy Express,425.6
10404,49,16.0,30,0.05,MAGAA,2,1997-01-03,1997-01-31,1997-01-08,155.97,Bergamo,Italy,Magazzini Alimentari Riuniti,Giovanni Rovelli,Bergamo,Italy,Maxilaku,23,3,24 - 50 g pkgs.,0,Confections,Karkki Oy,Finland,Andrew Fuller,Vice President Sales,Speedy Express,456.0
10405,3,8.0,50,0.0,LINOD,1,1997-01-06,1997-02-03,1997-01-22,34.82,I. de Margarita,Venezuela,LINO-Delicateses,Felipe Izquierdo,I. de Margarita,Venezuela,Aniseed Syrup,1,2,12 - 550 ml bottles,0,Condiments,Exotic Liquids,UK,Nancy Davolio,Sales Representative,Speedy Express,400.0
10406,1,14.4,10,0.0,QUEEN,7,1997-01-07,1997-02-18,1997-01-13,108.04,Sao Paulo,Brazil,Queen Cozinha,Lúcia Carvalho,Sao Paulo,Brazil,Chai,1,1,10 boxes x 20 bags,0,Beverages,Exotic Liquids,UK,Robert King,Sales Representative,Speedy Express,144.0
10406,21,8.0,30,0.1,QUEEN,7,1997-01-07,1997-02-18,1997-01-13,108.04,Sao Paulo,Brazil,Queen Cozinha,Lúcia Carvalho,Sao Paulo,Brazil,Sir Rodney's Scones,8,3,24 pkgs. x 4 pieces,0,Confections,Specialty Biscuits Ltd.,UK,Robert King,Sales Representative,Speedy Express,216.0
10406,28,36.4,42,0.1,QUEEN,7,1997-01-07,1997-02-18,1997-01-13,108.04,Sao Paulo,Brazil,Queen Cozinha,Lúcia Carvalho,Sao Paulo,Brazil,Rössle Sauerkraut,12,7,25 - 825 g cans,1,Produce,Plutzer Lebensmittelgroßmärkte AG,Germany,Robert King,Sales Representative,Speedy Express,1375.92
10406,36,15.2,5,0.1,QUEEN,7,1997-01-07,1997-02-18,1997-01-13,108.04,Sao Paulo,Brazil,Queen Cozinha,Lúcia Carvalho,Sao Paulo,Brazil,Inlagd Sill,17,8,24 - 250 g  jars,0,Seafood,Svensk Sjöföda AB,Sweden,Robert King,Sales Representative,Speedy Express,68.4
10406,40,14.7,2,0.1,QUEEN,7,1997-01-07,1997-02-18,1997-01-13,108.04,Sao Paulo,Brazil,Queen Cozinha,Lúcia Carvalho,Sao Paulo,Brazil,Boston Crab Meat,19,8,24 - 4 oz tins,0,Seafood,New England Seafood Cannery,USA,Robert King,Sales Representative,Speedy Express,26.46
10407,11,16.8,30,0.0,OTTIK,2,1997-01-07,1997-02-04,1997-01-30,91.48,Köln,Germany,Ottilies Käseladen,Henriette Pfalzheim,Köln,Germany,Queso Cabrales,5,4,1 kg pkg.,0,Dairy Products,Cooperativa de Quesos 'Las Cabras',Spain,Andrew Fuller,Vice President Sales,United Package,504.0
10407,69,28.8,15,0.0,OTTIK,2,1997-01-07,1997-02-04,1997-01-30,91.48,Köln,Germany,Ottilies Käseladen,Henriette Pfalzheim,Köln,Germany,Gudbrandsdalsost,15,4,10 kg pkg.,0,Dairy Products,Norske Meierier,Norway,Andrew Fuller,Vice President Sales,United Package,432.0
10407,71,17.2,15,0.0,OTTIK,2,1997-01-07,1997-02-04,1997-01-30,91.48,Köln,Germany,Ottilies Käseladen,Henriette Pfalzheim,Köln,Germany,Flotemysost,15,4,10 - 500 g pkgs.,0,Dairy Products,Norske Meierier,Norway,Andrew Fuller,Vice President Sales,United Package,258.0
10408,37,20.8,10,0.0,FOLIG,8,1997-01-08,1997-02-05,1997-01-14,11.26,Lille,France,Folies gourmandes,Martine Rancé,Lille,France,Gravad lax,17,8,12 - 500 g pkgs.,0,Seafood,Svensk Sjöföda AB,Sweden,Laura Callahan,Inside Sales Coordinator,Speedy Express,208.0
10408,54,5.9,6,0.0,FOLIG,8,1997-01-08,1997-02-05,1997-01-14,11.26,Lille,France,Folies gourmandes,Martine Rancé,Lille,France,Tourtière,25,6,16 pies,0,Meat/Poultry,Ma Maison,Canada,Laura Callahan,Inside Sales Coordinator,Speedy Express,35.4
10408,62,39.4,35,0.0,FOLIG,8,1997-01-08,1997-02-05,1997-01-14,11.26,Lille,France,Folies gourmandes,Martine Rancé,Lille,France,Tarte au sucre,29,3,48 pies,0,Confections,Forêts d'érables,Canada,Laura Callahan,Inside Sales Coordinator,Speedy Express,1379.0
10409,14,18.6,12,0.0,OCEAN,3,1997-01-09,1997-02-06,1997-01-14,29.83,Buenos Aires,Argentina,Océano Atlántico Ltda.,Yvonne Moncada,Buenos Aires,Argentina,Tofu,6,7,40 - 100 g pkgs.,0,Produce,Mayumi's,Japan,Janet Leverling,Sales Representative,Speedy Express,223.2
10409,21,8.0,12,0.0,OCEAN,3,1997-01-09,1997-02-06,1997-01-14,29.83,Buenos Aires,Argentina,Océano Atlántico Ltda.,Yvonne Moncada,Buenos Aires,Argentina,Sir Rodney's Scones,8,3,24 pkgs. x 4 pieces,0,Confections,Specialty Biscuits Ltd.,UK,Janet Leverling,Sales Representative,Speedy Express,96.0
10410,33,2.0,49,0.0,BOTTM,3,1997-01-10,1997-02-07,1997-01-15,2.4,Tsawassen,Canada,Bottom-Dollar Markets,Elizabeth Lincoln,Tsawassen,Canada,Geitost,15,4,500 g,0,Dairy Products,Norske Meierier,Norway,Janet Leverling,Sales Representative,Federal Shipping,98.0
10410,59,44.0,16,0.0,BOTTM,3,1997-01-10,1997-02-07,1997-01-15,2.4,Tsawassen,Canada,Bottom-Dollar Markets,Elizabeth Lincoln,Tsawassen,Canada,Raclette Courdavault,28,4,5 kg pkg.,0,Dairy Products,Gai pâturage,France,Janet Leverling,Sales Representative,Federal Shipping,704.0
10411,41,7.7,25,0.2,BOTTM,9,1997-01-10,1997-02-07,1997-01-21,23.65,Tsawassen,Canada,Bottom-Dollar Markets,Elizabeth Lincoln,Tsawassen,Canada,Jack's New England Clam Chowder,19,8,12 - 12 oz cans,0,Seafood,New England Seafood Cannery,USA,Anne Dodsworth,Sales Representative,Federal Shipping,154.0
10411,44,15.5,40,0.2,BOTTM,9,1997-01-10,1997-02-07,1997-01-21,23.65,Tsawassen,Canada,Bottom-Dollar Markets,Elizabeth Lincoln,Tsawassen,Canada,Gula Malacca,20,2,20 - 2 kg bags,0,Condiments,Leka Trading,Singapore,Anne Dodsworth,Sales Representative,Federal Shipping,496.0
10411,59,44.0,9,0.2,BOTTM,9,1997-01-10,1997-02-07,1997-01-21,23.65,Tsawassen,Canada,Bottom-Dollar Markets,Elizabeth Lincoln,Tsawassen,Canada,Raclette Courdavault,28,4,5 kg pkg.,0,Dairy Products,Gai pâturage,France,Anne Dodsworth,Sales Representative,Federal Shipping,316.8
10412,14,18.6,20,0.1,WARTH,8,1997-01-13,1997-02-10,1997-01-15,3.77,Oulu,Finland,Wartian Herkku,Pirkko Koskitalo,Oulu,Finland,Tofu,6,7,40 - 100 g pkgs.,0,Produce,Mayumi's,Japan,Laura Callahan,Inside Sales Coordinator,United Package,334.8
10413,1,14.4,24,0.0,LAMAI,3,1997-01-14,1997-02-11,1997-01-16,95.66,Toulouse,France,La maison d'Asie,Annette Roulet,Toulouse,France,Chai,1,1,10 boxes x 20 bags,0,Beverages,Exotic Liquids,UK,Janet Leverling,Sales Representative,United Package,345.6
10413,62,39.4,40,0.0,LAMAI,3,1997-01-14,1997-02-11,1997-01-16,95.66,Toulouse,France,La maison d'Asie,Annette Roulet,Toulouse,France,Tarte au sucre,29,3,48 pies,0,Confections,Forêts d'érables,Canada,Janet Leverling,Sales Representative,United Package,1576.0
10413,76,14.4,14,0.0,LAMAI,3,1997-01-14,1997-02-11,1997-01-16,95.66,Toulouse,France,La maison d'Asie,Annette Roulet,Toulouse,France,Lakkalikööri,23,1,500 ml,0,Beverages,Karkki Oy,Finland,Janet Leverling,Sales Representative,United Package,201.6
10414,19,7.3,18,0.05,FAMIA,2,1997-01-14,1997-02-11,1997-01-17,21.48,Sao Paulo,Brazil,Familia Arquibaldo,Aria Cruz,Sao Paulo,Brazil,Teatime Chocolate Biscuits,8,3,10 boxes x 12 pieces,0,Confections,Specialty Biscuits Ltd.,UK,Andrew Fuller,Vice President Sales,Federal Shipping,124.83
10414,33,2.0,50,0.0,FAMIA,2,1997-01-14,1997-02-11,1997-01-17,21.48,Sao Paulo,Brazil,Familia Arquibaldo,Aria Cruz,Sao Paulo,Brazil,Geitost,15,4,500 g,0,Dairy Products,Norske Meierier,Norway,Andrew Fuller,Vice President Sales,Federal Shipping,100.0
10415,17,31.2,2,0.0,HUNGC,3,1997-01-15,1997-02-12,1997-01-24,0.2,Elgin,USA,Hungry Coyote Import Store,Yoshi Latimer,Elgin,USA,Alice Mutton,7,6,20 - 1 kg tins,1,Meat/Poultry,Pavlova Ltd.,Australia,Janet Leverling,Sales Representative,Speedy Express,62.4
10415,33,2.0,20,0.0,HUNGC,3,1997-01-15,1997-02-12,1997-01-24,0.2,Elgin,USA,Hungry Coyote Import Store,Yoshi Latimer,Elgin,USA,Geitost,15,4,500 g,0,Dairy Products,Norske Meierier,Norway,Janet Leverling,Sales Representative,Speedy Express,40.0
10416,19,7.3,20,0.0,WARTH,8,1997-01-16,1997-02-13,1997-01-27,22.72,Oulu,Finland,Wartian Herkku,Pirkko Koskitalo,Oulu,Finland,Teatime Chocolate Biscuits,8,3,10 boxes x 12 pieces,0,Confections,Specialty Biscuits Ltd.,UK,Laura Callahan,Inside Sales Coordinator,Federal Shipping,146.0
10416,53,26.2,10,0.0,WARTH,8,1997-01-16,1997-02-13,1997-01-27,22.72,Oulu,Finland,Wartian Herkku,Pirkko Koskitalo,Oulu,Finland,Perth Pasties,24,6,48 pieces,1,Meat/Poultry,G'day Mate,Australia,Laura Callahan,Inside Sales Coordinator,Federal Shipping,262.0
10416,57,15.6,20,0.0,WARTH,8,1997-01-16,1997-02-13,1997-01-27,22.72,Oulu,Finland,Wartian Herkku,Pirkko Koskitalo,Oulu,Finland,Ravioli Angelo,26,5,24 - 250 g pkgs.,0,Grains/Cereals,Pasta Buttini s.r.l.,Italy,Laura Callahan,Inside Sales Coordinator,Federal Shipping,312.0
10417,38,210.8,50,0.0,SIMOB,4,1997-01-16,1997-02-13,1997-01-28,70.29,Kobenhavn,Denmark,Simons bistro,Jytte Petersen,Kobenhavn,Denmark,Côte de Blaye,18,1,12 - 75 cl bottles,0,Beverages,Aux joyeux ecclésiastiques,France,Margaret Peacock,Sales Representative,Federal Shipping,10540.0
10417,46,9.6,2,0.25,SIMOB,4,1997-01-16,1997-02-13,1997-01-28,70.29,Kobenhavn,Denmark,Simons bistro,Jytte Petersen,Kobenhavn,Denmark,Spegesild,21,8,4 - 450 g glasses,0,Seafood,Lyngbysild,Denmark,Margaret Peacock,Sales Representative,Federal Shipping,14.4
10417,68,10.0,36,0.25,SIMOB,4,1997-01-16,1997-02-13,1997-01-28,70.29,Kobenhavn,Denmark,Simons bistro,Jytte Petersen,Kobenhavn,Denmark,Scottish Longbreads,8,3,10 boxes x 8 pieces,0,Confections,Specialty Biscuits Ltd.,UK,Margaret Peacock,Sales Representative,Federal Shipping,270.0
10417,77,10.4,35,0.0,SIMOB,4,1997-01-16,1997-02-13,1997-01-28,70.29,Kobenhavn,Denmark,Simons bistro,Jytte Petersen,Kobenhavn,Denmark,Original Frankfurter grüne Soße,12,2,12 boxes,0,Condiments,Plutzer Lebensmittelgroßmärkte AG,Germany,Margaret Peacock,Sales Representative,Federal Shipping,364.0
10418,2,15.2,60,0.0,QUICK,4,1997-01-17,1997-02-14,1997-01-24,17.55,Cunewalde,Germany,QUICK-Stop,Horst Kloss,Cunewalde,Germany,Chang,1,1,24 - 12 oz bottles,0,Beverages,Exotic Liquids,UK,Margaret Peacock,Sales Representative,Speedy Express,912.0
10418,47,7.6,55,0.0,QUICK,4,1997-01-17,1997-02-14,1997-01-24,17.55,Cunewalde,Germany,QUICK-Stop,Horst Kloss,Cunewalde,Germany,Zaanse koeken,22,3,10 - 4 oz boxes,0,Confections,Zaanse Snoepfabriek,Netherlands,Margaret Peacock,Sales Representative,Speedy Express,418.0
10418,61,22.8,16,0.0,QUICK,4,1997-01-17,1997-02-14,1997-01-24,17.55,Cunewalde,Germany,QUICK-Stop,Horst Kloss,Cunewalde,Germany,Sirop d'érable,29,2,24 - 500 ml bottles,0,Condiments,Forêts d'érables,Canada,Margaret Peacock,Sales Representative,Speedy Express,364.8
10418,74,8.0,15,0.0,QUICK,4,1997-01-17,1997-02-14,1997-01-24,17.55,Cunewalde,Germany,QUICK-Stop,Horst Kloss,Cunewalde,Germany,Longlife Tofu,4,7,5 kg pkg.,0,Produce,Tokyo Traders,Japan,Margaret Peacock,Sales Representative,Speedy Express,120.0
10419,60,27.2,60,0.05,RICSU,4,1997-01-20,1997-02-17,1997-01-30,137.35,Genève,Switzerland,Richter Supermarkt,Michael Holz,Genève,Switzerland,Camembert Pierrot,28,4,15 - 300 g rounds,0,Dairy Products,Gai pâturage,France,Margaret Peacock,Sales Representative,United Package,1550.4
10419,69,28.8,20,0.05,RICSU,4,1997-01-20,1997-02-17,1997-01-30,137.35,Genève,Switzerland,Richter Supermarkt,Michael Holz,Genève,Switzerland,Gudbrandsdalsost,15,4,10 kg pkg.,0,Dairy Products,Norske Meierier,Norway,Margaret Peacock,Sales Representative,United Package,547.2
10420,9,77.6,20,0.1,WELLI,3,1997-01-21,1997-02-18,1997-01-27,44.12,Resende,Brazil,Wellington Importadora,Paula Parente,Resende,Brazil,Mishi Kobe Niku,4,6,18 - 500 g pkgs.,1,Meat/Poultry,Tokyo Traders,Japan,Janet Leverling,Sales Representative,Speedy Express,1396.8
10420,13,4.8,2,0.1,WELLI,3,1997-01-21,1997-02-18,1997-01-27,44.12,Resende,Brazil,Wellington Importadora,Paula Parente,Resende,Brazil,Konbu,6,8,2 kg box,0,Seafood,Mayumi's,Japan,Janet Leverling,Sales Representative,Speedy Express,8.64
10420,70,12.0,8,0.1,WELLI,3,1997-01-21,1997-02-18,1997-01-27,44.12,Resende,Brazil,Wellington Importadora,Paula Parente,Resende,Brazil,Outback Lager,7,1,24 - 355 ml bottles,0,Beverages,Pavlova Ltd.,Australia,Janet Leverling,Sales Representative,Speedy Express,86.4
10420,73,12.0,20,0.1,WELLI,3,1997-01-21,1997-02-18,1997-01-27,44.12,Resende,Brazil,Wellington Importadora,Paula Parente,Resende,Brazil,Röd Kaviar,17,8,24 - 150 g jars,0,Seafood,Svensk Sjöföda AB,Sweden,Janet Leverling,Sales Representative,Speedy Express,216.0
10421,19,7.3,4,0.15,QUEDE,8,1997-01-21,1997-03-04,1997-01-27,99.23,Rio de Janeiro,Brazil,Que Delícia,Bernardo Batista, 12Rio de Janeiro,Brazil,Teatime Chocolate Biscuits,8,3,10 boxes x 12 pieces,0,Confections,Specialty Biscuits Ltd.,UK,Laura Callahan,Inside Sales Coordinator,Speedy Express,24.82
10421,26,24.9,30,0.0,QUEDE,8,1997-01-21,1997-03-04,1997-01-27,99.23,Rio de Janeiro,Brazil,Que Delícia,Bernardo Batista, 12Rio de Janeiro,Brazil,Gumbär Gummibärchen,11,3,100 - 250 g bags,0,Confections,Heli Süßwaren GmbH & Co. KG,Germany,Laura Callahan,Inside Sales Coordinator,Speedy Express,747.0
10421,53,26.2,15,0.15,QUEDE,8,1997-01-21,1997-03-04,1997-01-27,99.23,Rio de Janeiro,Brazil,Que Delícia,Bernardo Batista, 12Rio de Janeiro,Brazil,Perth Pasties,24,6,48 pieces,1,Meat/Poultry,G'day Mate,Australia,Laura Callahan,Inside Sales Coordinator,Speedy Express,334.05
10421,77,10.4,10,0.15,QUEDE,8,1997-01-21,1997-03-04,1997-01-27,99.23,Rio de Janeiro,Brazil,Que Delícia,Bernardo Batista, 12Rio de Janeiro,Brazil,Original Frankfurter grüne Soße,12,2,12 boxes,0,Condiments,Plutzer Lebensmittelgroßmärkte AG,Germany,Laura Callahan,Inside Sales Coordinator,Speedy Express,88.4
10422,26,24.9,2,0.0,FRANS,2,1997-01-22,1997-02-19,1997-01-31,3.02,Torino,Italy,Franchi S.p.A.,Paolo Accorti,Torino,Italy,Gumbär Gummibärchen,11,3,100 - 250 g bags,0,Confections,Heli Süßwaren GmbH & Co. KG,Germany,Andrew Fuller,Vice President Sales,Speedy Express,49.8
10423,31,10.0,14,0.0,GOURL,6,1997-01-23,1997-02-06,1997-02-24,24.5,Campinas,Brazil,Gourmet Lanchonetes,André Fonseca,Campinas,Brazil,Gorgonzola Telino,14,4,12 - 100 g pkgs,0,Dairy Products,Formaggi Fortini s.r.l.,Italy,Michael Suyama,Sales Representative,Federal Shipping,140.0
10423,59,44.0,20,0.0,GOURL,6,1997-01-23,1997-02-06,1997-02-24,24.5,Campinas,Brazil,Gourmet Lanchonetes,André Fonseca,Campinas,Brazil,Raclette Courdavault,28,4,5 kg pkg.,0,Dairy Products,Gai pâturage,France,Michael Suyama,Sales Representative,Federal Shipping,880.0
10424,35,14.4,60,0.2,MEREP,7,1997-01-23,1997-02-20,1997-01-27,370.61,Montréal,Canada,Mère Paillarde,Jean Fresnière,Montréal,Canada,Steeleye Stout,16,1,24 - 12 oz bottles,0,Beverages,Bigfoot Breweries,USA,Robert King,Sales Representative,United Package,691.2
10424,38,210.8,49,0.2,MEREP,7,1997-01-23,1997-02-20,1997-01-27,370.61,Montréal,Canada,Mère Paillarde,Jean Fresnière,Montréal,Canada,Côte de Blaye,18,1,12 - 75 cl bottles,0,Beverages,Aux joyeux ecclésiastiques,France,Robert King,Sales Representative,United Package,8263.36
10424,68,10.0,30,0.2,MEREP,7,1997-01-23,1997-02-20,1997-01-27,370.61,Montréal,Canada,Mère Paillarde,Jean Fresnière,Montréal,Canada,Scottish Longbreads,8,3,10 boxes x 8 pieces,0,Confections,Specialty Biscuits Ltd.,UK,Robert King,Sales Representative,United Package,240.0
10425,55,19.2,10,0.25,LAMAI,6,1997-01-24,1997-02-21,1997-02-14,7.93,Toulouse,France,La maison d'Asie,Annette Roulet,Toulouse,France,Pâté chinois,25,6,24 boxes x 2 pies,0,Meat/Poultry,Ma Maison,Canada,Michael Suyama,Sales Representative,United Package,144.0
10425,76,14.4,20,0.25,LAMAI,6,1997-01-24,1997-02-21,1997-02-14,7.93,Toulouse,France,La maison d'Asie,Annette Roulet,Toulouse,France,Lakkalikööri,23,1,500 ml,0,Beverages,Karkki Oy,Finland,Michael Suyama,Sales Representative,United Package,216.0
10426,56,30.4,5,0.0,GALED,4,1997-01-27,1997-02-24,1997-02-06,18.69,Barcelona,Spain,Galería del gastrónomo,Eduardo Saavedra,Barcelona,Spain,Gnocchi di nonna Alice,26,5,24 - 250 g pkgs.,0,Grains/Cereals,Pasta Buttini s.r.l.,Italy,Margaret Peacock,Sales Representative,Speedy Express,152.0
10426,64,26.6,7,0.0,GALED,4,1997-01-27,1997-02-24,1997-02-06,18.69,Barcelona,Spain,Galería del gastrónomo,Eduardo Saavedra,Barcelona,Spain,Wimmers gute Semmelknödel,12,5,20 bags x 4 pieces,0,Grains/Cereals,Plutzer Lebensmittelgroßmärkte AG,Germany,Margaret Peacock,Sales Representative,Speedy Express,186.2
10427,14,18.6,35,0.0,PICCO,4,1997-01-27,1997-02-24,1997-03-03,31.29,Salzburg,Austria,Piccolo und mehr,Georg Pipps,Salzburg,Austria,Tofu,6,7,40 - 100 g pkgs.,0,Produce,Mayumi's,Japan,Margaret Peacock,Sales Representative,United Package,651.0
10428,46,9.6,20,0.0,REGGC,7,1997-01-28,1997-02-25,1997-02-04,11.09,Reggio Emilia,Italy,Reggiani Caseifici,Maurizio Moroni,Reggio Emilia,Italy,Spegesild,21,8,4 - 450 g glasses,0,Seafood,Lyngbysild,Denmark,Robert King,Sales Representative,Speedy Express,192.0
10429,50,13.0,40,0.0,HUNGO,3,1997-01-29,1997-03-12,1997-02-07,56.63,Cork,Ireland,Hungry Owl All-Night Grocers,Patricia McKenna,Cork,Ireland,Valkoinen suklaa,23,3,12 - 100 g bars,0,Confections,Karkki Oy,Finland,Janet Leverling,Sales Representative,United Package,520.0
10429,63,35.1,35,0.25,HUNGO,3,1997-01-29,1997-03-12,1997-02-07,56.63,Cork,Ireland,Hungry Owl All-Night Grocers,Patricia McKenna,Cork,Ireland,Vegie-spread,7,2,15 - 625 g jars,0,Condiments,Pavlova Ltd.,Australia,Janet Leverling,Sales Representative,United Package,921.38
10430,17,31.2,45,0.2,ERNSH,4,1997-01-30,1997-02-13,1997-02-03,458.78,Graz,Austria,Ernst Handel,Roland Mendel,Graz,Austria,Alice Mutton,7,6,20 - 1 kg tins,1,Meat/Poultry,Pavlova Ltd.,Australia,Margaret Peacock,Sales Representative,Speedy Express,1123.2
10430,21,8.0,50,0.0,ERNSH,4,1997-01-30,1997-02-13,1997-02-03,458.78,Graz,Austria,Ernst Handel,Roland Mendel,Graz,Austria,Sir Rodney's Scones,8,3,24 pkgs. x 4 pieces,0,Confections,Specialty Biscuits Ltd.,UK,Margaret Peacock,Sales Representative,Speedy Express,400.0
10430,56,30.4,30,0.0,ERNSH,4,1997-01-30,1997-02-13,1997-02-03,458.78,Graz,Austria,Ernst Handel,Roland Mendel,Graz,Austria,Gnocchi di nonna Alice,26,5,24 - 250 g pkgs.,0,Grains/Cereals,Pasta Buttini s.r.l.,Italy,Margaret Peacock,Sales Representative,Speedy Express,912.0
10430,59,44.0,70,0.2,ERNSH,4,1997-01-30,1997-02-13,1997-02-03,458.78,Graz,Austria,Ernst Handel,Roland Mendel,Graz,Austria,Raclette Courdavault,28,4,5 kg pkg.,0,Dairy Products,Gai pâturage,France,Margaret Peacock,Sales Representative,Speedy Express,2464.0
10431,17,31.2,50,0.25,BOTTM,4,1997-01-30,1997-02-13,1997-02-07,44.17,Tsawassen,Canada,Bottom-Dollar Markets,Elizabeth Lincoln,Tsawassen,Canada,Alice Mutton,7,6,20 - 1 kg tins,1,Meat/Poultry,Pavlova Ltd.,Australia,Margaret Peacock,Sales Representative,United Package,1170.0
10431,40,14.7,50,0.25,BOTTM,4,1997-01-30,1997-02-13,1997-02-07,44.17,Tsawassen,Canada,Bottom-Dollar Markets,Elizabeth Lincoln,Tsawassen,Canada,Boston Crab Meat,19,8,24 - 4 oz tins,0,Seafood,New England Seafood Cannery,USA,Margaret Peacock,Sales Representative,United Package,551.25
10431,47,7.6,30,0.25,BOTTM,4,1997-01-30,1997-02-13,1997-02-07,44.17,Tsawassen,Canada,Bottom-Dollar Markets,Elizabeth Lincoln,Tsawassen,Canada,Zaanse koeken,22,3,10 - 4 oz boxes,0,Confections,Zaanse Snoepfabriek,Netherlands,Margaret Peacock,Sales Representative,United Package,171.0
10432,26,24.9,10,0.0,SPLIR,3,1997-01-31,1997-02-14,1997-02-07,4.34,Lander,USA,Split Rail Beer & Ale,Art Braunschweiger,Lander,USA,Gumbär Gummibärchen,11,3,100 - 250 g bags,0,Confections,Heli Süßwaren GmbH & Co. KG,Germany,Janet Leverling,Sales Representative,United Package,249.0
10432,54,5.9,40,0.0,SPLIR,3,1997-01-31,1997-02-14,1997-02-07,4.34,Lander,USA,Split Rail Beer & Ale,Art Braunschweiger,Lander,USA,Tourtière,25,6,16 pies,0,Meat/Poultry,Ma Maison,Canada,Janet Leverling,Sales Representative,United Package,236.0
10433,56,30.4,28,0.0,PRINI,3,1997-02-03,1997-03-03,1997-03-04,73.83,Lisboa,Portugal,Princesa Isabel Vinhos,Isabel de Castro,Lisboa,Portugal,Gnocchi di nonna Alice,26,5,24 - 250 g pkgs.,0,Grains/Cereals,Pasta Buttini s.r.l.,Italy,Janet Leverling,Sales Representative,Federal Shipping,851.2
10434,11,16.8,6,0.0,FOLKO,3,1997-02-03,1997-03-03,1997-02-13,17.92,Bräcke,Sweden,Folk och fä HB,Maria Larsson,Bräcke,Sweden,Queso Cabrales,5,4,1 kg pkg.,0,Dairy Products,Cooperativa de Quesos 'Las Cabras',Spain,Janet Leverling,Sales Representative,United Package,100.8
10434,76,14.4,18,0.15,FOLKO,3,1997-02-03,1997-03-03,1997-02-13,17.92,Bräcke,Sweden,Folk och fä HB,Maria Larsson,Bräcke,Sweden,Lakkalikööri,23,1,500 ml,0,Beverages,Karkki Oy,Finland,Janet Leverling,Sales Representative,United Package,220.32
10435,2,15.2,10,0.0,CONSH,8,1997-02-04,1997-03-18,1997-02-07,9.21,London,UK,Consolidated Holdings,Elizabeth Brown,London,UK,Chang,1,1,24 - 12 oz bottles,0,Beverages,Exotic Liquids,UK,Laura Callahan,Inside Sales Coordinator,United Package,152.0
10435,22,16.8,12,0.0,CONSH,8,1997-02-04,1997-03-18,1997-02-07,9.21,London,UK,Consolidated Holdings,Elizabeth Brown,London,UK,Gustaf's Knäckebröd,9,5,24 - 500 g pkgs.,0,Grains/Cereals,PB Knäckebröd AB,Sweden,Laura Callahan,Inside Sales Coordinator,United Package,201.6
10435,72,27.8,10,0.0,CONSH,8,1997-02-04,1997-03-18,1997-02-07,9.21,London,UK,Consolidated Holdings,Elizabeth Brown,London,UK,Mozzarella di Giovanni,14,4,24 - 200 g pkgs.,0,Dairy Products,Formaggi Fortini s.r.l.,Italy,Laura Callahan,Inside Sales Coordinator,United Package,278.0
10436,46,9.6,5,0.0,BLONP,3,1997-02-05,1997-03-05,1997-02-11,156.66,Strasbourg,France,Blondesddsl père et fils,Frédérique Citeaux,Strasbourg,France,Spegesild,21,8,4 - 450 g glasses,0,Seafood,Lyngbysild,Denmark,Janet Leverling,Sales Representative,United Package,48.0
10436,56,30.4,40,0.1,BLONP,3,1997-02-05,1997-03-05,1997-02-11,156.66,Strasbourg,France,Blondesddsl père et fils,Frédérique Citeaux,Strasbourg,France,Gnocchi di nonna Alice,26,5,24 - 250 g pkgs.,0,Grains/Cereals,Pasta Buttini s.r.l.,Italy,Janet Leverling,Sales Representative,United Package,1094.4
10436,64,26.6,30,0.1,BLONP,3,1997-02-05,1997-03-05,1997-02-11,156.66,Strasbourg,France,Blondesddsl père et fils,Frédérique Citeaux,Strasbourg,France,Wimmers gute Semmelknödel,12,5,20 bags x 4 pieces,0,Grains/Cereals,Plutzer Lebensmittelgroßmärkte AG,Germany,Janet Leverling,Sales Representative,United Package,718.2
10436,75,6.2,24,0.1,BLONP,3,1997-02-05,1997-03-05,1997-02-11,156.66,Strasbourg,France,Blondesddsl père et fils,Frédérique Citeaux,Strasbourg,France,Rhönbräu Klosterbier,12,1,24 - 0.5 l bottles,0,Beverages,Plutzer Lebensmittelgroßmärkte AG,Germany,Janet Leverling,Sales Representative,United Package,133.92
10437,53,26.2,15,0.0,WARTH,8,1997-02-05,1997-03-05,1997-02-12,19.97,Oulu,Finland,Wartian Herkku,Pirkko Koskitalo,Oulu,Finland,Perth Pasties,24,6,48 pieces,1,Meat/Poultry,G'day Mate,Australia,Laura Callahan,Inside Sales Coordinator,Speedy Express,393.0
10438,19,7.3,15,0.2,TOMSP,3,1997-02-06,1997-03-06,1997-02-14,8.24,Münster,Germany,Toms Spezialitäten,Karin Josephs,Münster,Germany,Teatime Chocolate Biscuits,8,3,10 boxes x 12 pieces,0,Confections,Specialty Biscuits Ltd.,UK,Janet Leverling,Sales Representative,United Package,87.6
10438,34,11.2,20,0.2,TOMSP,3,1997-02-06,1997-03-06,1997-02-14,8.24,Münster,Germany,Toms Spezialitäten,Karin Josephs,Münster,Germany,Sasquatch Ale,16,1,24 - 12 oz bottles,0,Beverages,Bigfoot Breweries,USA,Janet Leverling,Sales Representative,United Package,179.2
10438,57,15.6,15,0.2,TOMSP,3,1997-02-06,1997-03-06,1997-02-14,8.24,Münster,Germany,Toms Spezialitäten,Karin Josephs,Münster,Germany,Ravioli Angelo,26,5,24 - 250 g pkgs.,0,Grains/Cereals,Pasta Buttini s.r.l.,Italy,Janet Leverling,Sales Representative,United Package,187.2
10439,12,30.4,15,0.0,MEREP,6,1997-02-07,1997-03-07,1997-02-10,4.07,Montréal,Canada,Mère Paillarde,Jean Fresnière,Montréal,Canada,Queso Manchego La Pastora,5,4,10 - 500 g pkgs.,0,Dairy Products,Cooperativa de Quesos 'Las Cabras',Spain,Michael Suyama,Sales Representative,Federal Shipping,456.0
10439,16,13.9,16,0.0,MEREP,6,1997-02-07,1997-03-07,1997-02-10,4.07,Montréal,Canada,Mère Paillarde,Jean Fresnière,Montréal,Canada,Pavlova,7,3,32 - 500 g boxes,0,Confections,Pavlova Ltd.,Australia,Michael Suyama,Sales Representative,Federal Shipping,222.4
10439,64,26.6,6,0.0,MEREP,6,1997-02-07,1997-03-07,1997-02-10,4.07,Montréal,Canada,Mère Paillarde,Jean Fresnière,Montréal,Canada,Wimmers gute Semmelknödel,12,5,20 bags x 4 pieces,0,Grains/Cereals,Plutzer Lebensmittelgroßmärkte AG,Germany,Michael Suyama,Sales Representative,Federal Shipping,159.6
10439,74,8.0,30,0.0,MEREP,6,1997-02-07,1997-03-07,1997-02-10,4.07,Montréal,Canada,Mère Paillarde,Jean Fresnière,Montréal,Canada,Longlife Tofu,4,7,5 kg pkg.,0,Produce,Tokyo Traders,Japan,Michael Suyama,Sales Representative,Federal Shipping,240.0
10440,2,15.2,45,0.15,SAVEA,4,1997-02-10,1997-03-10,1997-02-28,86.53,Boise,USA,Save-a-lot Markets,Jose Pavarotti,Boise,USA,Chang,1,1,24 - 12 oz bottles,0,Beverages,Exotic Liquids,UK,Margaret Peacock,Sales Representative,United Package,581.4
10440,16,13.9,49,0.15,SAVEA,4,1997-02-10,1997-03-10,1997-02-28,86.53,Boise,USA,Save-a-lot Markets,Jose Pavarotti,Boise,USA,Pavlova,7,3,32 - 500 g boxes,0,Confections,Pavlova Ltd.,Australia,Margaret Peacock,Sales Representative,United Package,578.94
10440,29,99.0,24,0.15,SAVEA,4,1997-02-10,1997-03-10,1997-02-28,86.53,Boise,USA,Save-a-lot Markets,Jose Pavarotti,Boise,USA,Thüringer Rostbratwurst,12,6,50 bags x 30 sausgs.,1,Meat/Poultry,Plutzer Lebensmittelgroßmärkte AG,Germany,Margaret Peacock,Sales Representative,United Package,2019.6
10440,61,22.8,90,0.15,SAVEA,4,1997-02-10,1997-03-10,1997-02-28,86.53,Boise,USA,Save-a-lot Markets,Jose Pavarotti,Boise,USA,Sirop d'érable,29,2,24 - 500 ml bottles,0,Condiments,Forêts d'érables,Canada,Margaret Peacock,Sales Representative,United Package,1744.2
10441,27,35.1,50,0.0,OLDWO,3,1997-02-10,1997-03-24,1997-03-14,73.02,Anchorage,USA,Old World Delicatessen,Rene Phillips,Anchorage,USA,Schoggi Schokolade,11,3,100 - 100 g pieces,0,Confections,Heli Süßwaren GmbH & Co. KG,Germany,Janet Leverling,Sales Representative,United Package,1755.0
10442,11,16.8,30,0.0,ERNSH,3,1997-02-11,1997-03-11,1997-02-18,47.94,Graz,Austria,Ernst Handel,Roland Mendel,Graz,Austria,Queso Cabrales,5,4,1 kg pkg.,0,Dairy Products,Cooperativa de Quesos 'Las Cabras',Spain,Janet Leverling,Sales Representative,United Package,504.0
10442,54,5.9,80,0.0,ERNSH,3,1997-02-11,1997-03-11,1997-02-18,47.94,Graz,Austria,Ernst Handel,Roland Mendel,Graz,Austria,Tourtière,25,6,16 pies,0,Meat/Poultry,Ma Maison,Canada,Janet Leverling,Sales Representative,United Package,472.0
10442,66,13.6,60,0.0,ERNSH,3,1997-02-11,1997-03-11,1997-02-18,47.94,Graz,Austria,Ernst Handel,Roland Mendel,Graz,Austria,Louisiana Hot Spiced Okra,2,2,24 - 8 oz jars,0,Condiments,New Orleans Cajun Delights,USA,Janet Leverling,Sales Representative,United Package,816.0
10443,11,16.8,6,0.2,REGGC,8,1997-02-12,1997-03-12,1997-02-14,13.95,Reggio Emilia,Italy,Reggiani Caseifici,Maurizio Moroni,Reggio Emilia,Italy,Queso Cabrales,5,4,1 kg pkg.,0,Dairy Products,Cooperativa de Quesos 'Las Cabras',Spain,Laura Callahan,Inside Sales Coordinator,Speedy Express,80.64
10443,28,36.4,12,0.0,REGGC,8,1997-02-12,1997-03-12,1997-02-14,13.95,Reggio Emilia,Italy,Reggiani Caseifici,Maurizio Moroni,Reggio Emilia,Italy,Rössle Sauerkraut,12,7,25 - 825 g cans,1,Produce,Plutzer Lebensmittelgroßmärkte AG,Germany,Laura Callahan,Inside Sales Coordinator,Speedy Express,436.8
10444,17,31.2,10,0.0,BERGS,3,1997-02-12,1997-03-12,1997-02-21,3.5,Luleå,Sweden,Berglunds snabbköp,Christina Berglund,Luleå,Sweden,Alice Mutton,7,6,20 - 1 kg tins,1,Meat/Poultry,Pavlova Ltd.,Australia,Janet Leverling,Sales Representative,Federal Shipping,312.0
10444,26,24.9,15,0.0,BERGS,3,1997-02-12,1997-03-12,1997-02-21,3.5,Luleå,Sweden,Berglunds snabbköp,Christina Berglund,Luleå,Sweden,Gumbär Gummibärchen,11,3,100 - 250 g bags,0,Confections,Heli Süßwaren GmbH & Co. KG,Germany,Janet Leverling,Sales Representative,Federal Shipping,373.5
10444,35,14.4,8,0.0,BERGS,3,1997-02-12,1997-03-12,1997-02-21,3.5,Luleå,Sweden,Berglunds snabbköp,Christina Berglund,Luleå,Sweden,Steeleye Stout,16,1,24 - 12 oz bottles,0,Beverages,Bigfoot Breweries,USA,Janet Leverling,Sales Representative,Federal Shipping,115.2
10444,41,7.7,30,0.0,BERGS,3,1997-02-12,1997-03-12,1997-02-21,3.5,Luleå,Sweden,Berglunds snabbköp,Christina Berglund,Luleå,Sweden,Jack's New England Clam Chowder,19,8,12 - 12 oz cans,0,Seafood,New England Seafood Cannery,USA,Janet Leverling,Sales Representative,Federal Shipping,231.0
10445,39,14.4,6,0.0,BERGS,3,1997-02-13,1997-03-13,1997-02-20,9.3,Luleå,Sweden,Berglunds snabbköp,Christina Berglund,Luleå,Sweden,Chartreuse verte,18,1,750 cc per bottle,0,Beverages,Aux joyeux ecclésiastiques,France,Janet Leverling,Sales Representative,Speedy Express,86.4
10445,54,5.9,15,0.0,BERGS,3,1997-02-13,1997-03-13,1997-02-20,9.3,Luleå,Sweden,Berglunds snabbköp,Christina Berglund,Luleå,Sweden,Tourtière,25,6,16 pies,0,Meat/Poultry,Ma Maison,Canada,Janet Leverling,Sales Representative,Speedy Express,88.5
10446,19,7.3,12,0.1,TOMSP,6,1997-02-14,1997-03-14,1997-02-19,14.68,Münster,Germany,Toms Spezialitäten,Karin Josephs,Münster,Germany,Teatime Chocolate Biscuits,8,3,10 boxes x 12 pieces,0,Confections,Specialty Biscuits Ltd.,UK,Michael Suyama,Sales Representative,Speedy Express,78.84
10446,24,3.6,20,0.1,TOMSP,6,1997-02-14,1997-03-14,1997-02-19,14.68,Münster,Germany,Toms Spezialitäten,Karin Josephs,Münster,Germany,Guaraná Fantástica,10,1,12 - 355 ml cans,1,Beverages,Refrescos Americanas LTDA,Brazil,Michael Suyama,Sales Representative,Speedy Express,64.8
10446,31,10.0,3,0.1,TOMSP,6,1997-02-14,1997-03-14,1997-02-19,14.68,Münster,Germany,Toms Spezialitäten,Karin Josephs,Münster,Germany,Gorgonzola Telino,14,4,12 - 100 g pkgs,0,Dairy Products,Formaggi Fortini s.r.l.,Italy,Michael Suyama,Sales Representative,Speedy Express,27.0
10446,52,5.6,15,0.1,TOMSP,6,1997-02-14,1997-03-14,1997-02-19,14.68,Münster,Germany,Toms Spezialitäten,Karin Josephs,Münster,Germany,Filo Mix,24,5,16 - 2 kg boxes,0,Grains/Cereals,G'day Mate,Australia,Michael Suyama,Sales Representative,Speedy Express,75.6
10447,19,7.3,40,0.0,RICAR,4,1997-02-14,1997-03-14,1997-03-07,68.66,Rio de Janeiro,Brazil,Ricardo Adocicados,Janete Limeira,Rio de Janeiro,Brazil,Teatime Chocolate Biscuits,8,3,10 boxes x 12 pieces,0,Confections,Specialty Biscuits Ltd.,UK,Margaret Peacock,Sales Representative,United Package,292.0
10447,65,16.8,35,0.0,RICAR,4,1997-02-14,1997-03-14,1997-03-07,68.66,Rio de Janeiro,Brazil,Ricardo Adocicados,Janete Limeira,Rio de Janeiro,Brazil,Louisiana Fiery Hot Pepper Sauce,2,2,32 - 8 oz bottles,0,Condiments,New Orleans Cajun Delights,USA,Margaret Peacock,Sales Representative,United Package,588.0
10447,71,17.2,2,0.0,RICAR,4,1997-02-14,1997-03-14,1997-03-07,68.66,Rio de Janeiro,Brazil,Ricardo Adocicados,Janete Limeira,Rio de Janeiro,Brazil,Flotemysost,15,4,10 - 500 g pkgs.,0,Dairy Products,Norske Meierier,Norway,Margaret Peacock,Sales Representative,United Package,34.4
10448,26,24.9,6,0.0,RANCH,4,1997-02-17,1997-03-17,1997-02-24,38.82,Buenos Aires,Argentina,Rancho grande,Sergio Gutiérrez,Buenos Aires,Argentina,Gumbär Gummibärchen,11,3,100 - 250 g bags,0,Confections,Heli Süßwaren GmbH & Co. KG,Germany,Margaret Peacock,Sales Representative,United Package,149.4
10448,40,14.7,20,0.0,RANCH,4,1997-02-17,1997-03-17,1997-02-24,38.82,Buenos Aires,Argentina,Rancho grande,Sergio Gutiérrez,Buenos Aires,Argentina,Boston Crab Meat,19,8,24 - 4 oz tins,0,Seafood,New England Seafood Cannery,USA,Margaret Peacock,Sales Representative,United Package,294.0
10449,10,24.8,14,0.0,BLONP,3,1997-02-18,1997-03-18,1997-02-27,53.3,Strasbourg,France,Blondesddsl père et fils,Frédérique Citeaux,Strasbourg,France,Ikura,4,8,12 - 200 ml jars,0,Seafood,Tokyo Traders,Japan,Janet Leverling,Sales Representative,United Package,347.2
10449,52,5.6,20,0.0,BLONP,3,1997-02-18,1997-03-18,1997-02-27,53.3,Strasbourg,France,Blondesddsl père et fils,Frédérique Citeaux,Strasbourg,France,Filo Mix,24,5,16 - 2 kg boxes,0,Grains/Cereals,G'day Mate,Australia,Janet Leverling,Sales Representative,United Package,112.0
10449,62,39.4,35,0.0,BLONP,3,1997-02-18,1997-03-18,1997-02-27,53.3,Strasbourg,France,Blondesddsl père et fils,Frédérique Citeaux,Strasbourg,France,Tarte au sucre,29,3,48 pies,0,Confections,Forêts d'érables,Canada,Janet Leverling,Sales Representative,United Package,1379.0
10450,10,24.8,20,0.2,VICTE,8,1997-02-19,1997-03-19,1997-03-11,7.23,Lyon,France,Victuailles en stock,Mary Saveley,Lyon,France,Ikura,4,8,12 - 200 ml jars,0,Seafood,Tokyo Traders,Japan,Laura Callahan,Inside Sales Coordinator,United Package,396.8
10450,54,5.9,6,0.2,VICTE,8,1997-02-19,1997-03-19,1997-03-11,7.23,Lyon,France,Victuailles en stock,Mary Saveley,Lyon,France,Tourtière,25,6,16 pies,0,Meat/Poultry,Ma Maison,Canada,Laura Callahan,Inside Sales Coordinator,United Package,28.32
10451,55,19.2,120,0.1,QUICK,4,1997-02-19,1997-03-05,1997-03-12,189.09,Cunewalde,Germany,QUICK-Stop,Horst Kloss,Cunewalde,Germany,Pâté chinois,25,6,24 boxes x 2 pies,0,Meat/Poultry,Ma Maison,Canada,Margaret Peacock,Sales Representative,Federal Shipping,2073.6
10451,64,26.6,35,0.1,QUICK,4,1997-02-19,1997-03-05,1997-03-12,189.09,Cunewalde,Germany,QUICK-Stop,Horst Kloss,Cunewalde,Germany,Wimmers gute Semmelknödel,12,5,20 bags x 4 pieces,0,Grains/Cereals,Plutzer Lebensmittelgroßmärkte AG,Germany,Margaret Peacock,Sales Representative,Federal Shipping,837.9
10451,65,16.8,28,0.1,QUICK,4,1997-02-19,1997-03-05,1997-03-12,189.09,Cunewalde,Germany,QUICK-Stop,Horst Kloss,Cunewalde,Germany,Louisiana Fiery Hot Pepper Sauce,2,2,32 - 8 oz bottles,0,Condiments,New Orleans Cajun Delights,USA,Margaret Peacock,Sales Representative,Federal Shipping,423.36
10451,77,10.4,55,0.1,QUICK,4,1997-02-19,1997-03-05,1997-03-12,189.09,Cunewalde,Germany,QUICK-Stop,Horst Kloss,Cunewalde,Germany,Original Frankfurter grüne Soße,12,2,12 boxes,0,Condiments,Plutzer Lebensmittelgroßmärkte AG,Germany,Margaret Peacock,Sales Representative,Federal Shipping,514.8
10452,28,36.4,15,0.0,SAVEA,8,1997-02-20,1997-03-20,1997-02-26,140.26,Boise,USA,Save-a-lot Markets,Jose Pavarotti,Boise,USA,Rössle Sauerkraut,12,7,25 - 825 g cans,1,Produce,Plutzer Lebensmittelgroßmärkte AG,Germany,Laura Callahan,Inside Sales Coordinator,Speedy Express,546.0
10452,44,15.5,100,0.05,SAVEA,8,1997-02-20,1997-03-20,1997-02-26,140.26,Boise,USA,Save-a-lot Markets,Jose Pavarotti,Boise,USA,Gula Malacca,20,2,20 - 2 kg bags,0,Condiments,Leka Trading,Singapore,Laura Callahan,Inside Sales Coordinator,Speedy Express,1472.5
10453,48,10.2,15,0.1,AROUT,1,1997-02-21,1997-03-21,1997-02-26,25.36,Colchester,UK,Around the Horn,Thomas Hardy,London,UK,Chocolade,22,3,10 pkgs.,0,Confections,Zaanse Snoepfabriek,Netherlands,Nancy Davolio,Sales Representative,United Package,137.7
10453,70,12.0,25,0.1,AROUT,1,1997-02-21,1997-03-21,1997-02-26,25.36,Colchester,UK,Around the Horn,Thomas Hardy,London,UK,Outback Lager,7,1,24 - 355 ml bottles,0,Beverages,Pavlova Ltd.,Australia,Nancy Davolio,Sales Representative,United Package,270.0
10454,16,13.9,20,0.2,LAMAI,4,1997-02-21,1997-03-21,1997-02-25,2.74,Toulouse,France,La maison d'Asie,Annette Roulet,Toulouse,France,Pavlova,7,3,32 - 500 g boxes,0,Confections,Pavlova Ltd.,Australia,Margaret Peacock,Sales Representative,Federal Shipping,222.4
10454,33,2.0,20,0.2,LAMAI,4,1997-02-21,1997-03-21,1997-02-25,2.74,Toulouse,France,La maison d'Asie,Annette Roulet,Toulouse,France,Geitost,15,4,500 g,0,Dairy Products,Norske Meierier,Norway,Margaret Peacock,Sales Representative,Federal Shipping,32.0
10454,46,9.6,10,0.2,LAMAI,4,1997-02-21,1997-03-21,1997-02-25,2.74,Toulouse,France,La maison d'Asie,Annette Roulet,Toulouse,France,Spegesild,21,8,4 - 450 g glasses,0,Seafood,Lyngbysild,Denmark,Margaret Peacock,Sales Representative,Federal Shipping,76.8
10455,39,14.4,20,0.0,WARTH,8,1997-02-24,1997-04-07,1997-03-03,180.45,Oulu,Finland,Wartian Herkku,Pirkko Koskitalo,Oulu,Finland,Chartreuse verte,18,1,750 cc per bottle,0,Beverages,Aux joyeux ecclésiastiques,France,Laura Callahan,Inside Sales Coordinator,United Package,288.0
10455,53,26.2,50,0.0,WARTH,8,1997-02-24,1997-04-07,1997-03-03,180.45,Oulu,Finland,Wartian Herkku,Pirkko Koskitalo,Oulu,Finland,Perth Pasties,24,6,48 pieces,1,Meat/Poultry,G'day Mate,Australia,Laura Callahan,Inside Sales Coordinator,United Package,1310.0
10455,61,22.8,25,0.0,WARTH,8,1997-02-24,1997-04-07,1997-03-03,180.45,Oulu,Finland,Wartian Herkku,Pirkko Koskitalo,Oulu,Finland,Sirop d'érable,29,2,24 - 500 ml bottles,0,Condiments,Forêts d'érables,Canada,Laura Callahan,Inside Sales Coordinator,United Package,570.0
10455,71,17.2,30,0.0,WARTH,8,1997-02-24,1997-04-07,1997-03-03,180.45,Oulu,Finland,Wartian Herkku,Pirkko Koskitalo,Oulu,Finland,Flotemysost,15,4,10 - 500 g pkgs.,0,Dairy Products,Norske Meierier,Norway,Laura Callahan,Inside Sales Coordinator,United Package,516.0
10456,21,8.0,40,0.15,KOENE,8,1997-02-25,1997-04-08,1997-02-28,8.12,Brandenburg,Germany,Königlich Essen,Philip Cramer,Brandenburg,Germany,Sir Rodney's Scones,8,3,24 pkgs. x 4 pieces,0,Confections,Specialty Biscuits Ltd.,UK,Laura Callahan,Inside Sales Coordinator,United Package,272.0
10456,49,16.0,21,0.15,KOENE,8,1997-02-25,1997-04-08,1997-02-28,8.12,Brandenburg,Germany,Königlich Essen,Philip Cramer,Brandenburg,Germany,Maxilaku,23,3,24 - 50 g pkgs.,0,Confections,Karkki Oy,Finland,Laura Callahan,Inside Sales Coordinator,United Package,285.6
10457,59,44.0,36,0.0,KOENE,2,1997-02-25,1997-03-25,1997-03-03,11.57,Brandenburg,Germany,Königlich Essen,Philip Cramer,Brandenburg,Germany,Raclette Courdavault,28,4,5 kg pkg.,0,Dairy Products,Gai pâturage,France,Andrew Fuller,Vice President Sales,Speedy Express,1584.0
10458,26,24.9,30,0.0,SUPRD,7,1997-02-26,1997-03-26,1997-03-04,147.06,Charleroi,Belgium,Suprêmes délices,Pascale Cartrain,Charleroi,Belgium,Gumbär Gummibärchen,11,3,100 - 250 g bags,0,Confections,Heli Süßwaren GmbH & Co. KG,Germany,Robert King,Sales Representative,Federal Shipping,747.0
10458,28,36.4,30,0.0,SUPRD,7,1997-02-26,1997-03-26,1997-03-04,147.06,Charleroi,Belgium,Suprêmes délices,Pascale Cartrain,Charleroi,Belgium,Rössle Sauerkraut,12,7,25 - 825 g cans,1,Produce,Plutzer Lebensmittelgroßmärkte AG,Germany,Robert King,Sales Representative,Federal Shipping,1092.0
10458,43,36.8,20,0.0,SUPRD,7,1997-02-26,1997-03-26,1997-03-04,147.06,Charleroi,Belgium,Suprêmes délices,Pascale Cartrain,Charleroi,Belgium,Ipoh Coffee,20,1,16 - 500 g tins,0,Beverages,Leka Trading,Singapore,Robert King,Sales Representative,Federal Shipping,736.0
10458,56,30.4,15,0.0,SUPRD,7,1997-02-26,1997-03-26,1997-03-04,147.06,Charleroi,Belgium,Suprêmes délices,Pascale Cartrain,Charleroi,Belgium,Gnocchi di nonna Alice,26,5,24 - 250 g pkgs.,0,Grains/Cereals,Pasta Buttini s.r.l.,Italy,Robert King,Sales Representative,Federal Shipping,456.0
10458,71,17.2,50,0.0,SUPRD,7,1997-02-26,1997-03-26,1997-03-04,147.06,Charleroi,Belgium,Suprêmes délices,Pascale Cartrain,Charleroi,Belgium,Flotemysost,15,4,10 - 500 g pkgs.,0,Dairy Products,Norske Meierier,Norway,Robert King,Sales Representative,Federal Shipping,860.0
10459,7,24.0,16,0.05,VICTE,4,1997-02-27,1997-03-27,1997-02-28,25.09,Lyon,France,Victuailles en stock,Mary Saveley,Lyon,France,Uncle Bob's Organic Dried Pears,3,7,12 - 1 lb pkgs.,0,Produce,Grandma Kelly's Homestead,USA,Margaret Peacock,Sales Representative,United Package,364.8
10459,46,9.6,20,0.05,VICTE,4,1997-02-27,1997-03-27,1997-02-28,25.09,Lyon,France,Victuailles en stock,Mary Saveley,Lyon,France,Spegesild,21,8,4 - 450 g glasses,0,Seafood,Lyngbysild,Denmark,Margaret Peacock,Sales Representative,United Package,182.4
10459,72,27.8,40,0.0,VICTE,4,1997-02-27,1997-03-27,1997-02-28,25.09,Lyon,France,Victuailles en stock,Mary Saveley,Lyon,France,Mozzarella di Giovanni,14,4,24 - 200 g pkgs.,0,Dairy Products,Formaggi Fortini s.r.l.,Italy,Margaret Peacock,Sales Representative,United Package,1112.0
10460,68,10.0,21,0.25,FOLKO,8,1997-02-28,1997-03-28,1997-03-03,16.27,Bräcke,Sweden,Folk och fä HB,Maria Larsson,Bräcke,Sweden,Scottish Longbreads,8,3,10 boxes x 8 pieces,0,Confections,Specialty Biscuits Ltd.,UK,Laura Callahan,Inside Sales Coordinator,Speedy Express,157.5
10460,75,6.2,4,0.25,FOLKO,8,1997-02-28,1997-03-28,1997-03-03,16.27,Bräcke,Sweden,Folk och fä HB,Maria Larsson,Bräcke,Sweden,Rhönbräu Klosterbier,12,1,24 - 0.5 l bottles,0,Beverages,Plutzer Lebensmittelgroßmärkte AG,Germany,Laura Callahan,Inside Sales Coordinator,Speedy Express,18.6
10461,21,8.0,40,0.25,LILAS,1,1997-02-28,1997-03-28,1997-03-05,148.61,Barquisimeto,Venezuela,LILA-Supermercado,Carlos González,Barquisimeto,Venezuela,Sir Rodney's Scones,8,3,24 pkgs. x 4 pieces,0,Confections,Specialty Biscuits Ltd.,UK,Nancy Davolio,Sales Representative,Federal Shipping,240.0
10461,30,20.7,28,0.25,LILAS,1,1997-02-28,1997-03-28,1997-03-05,148.61,Barquisimeto,Venezuela,LILA-Supermercado,Carlos González,Barquisimeto,Venezuela,Nord-Ost Matjeshering,13,8,10 - 200 g glasses,0,Seafood,Nord-Ost-Fisch Handelsgesellschaft mbH,Germany,Nancy Davolio,Sales Representative,Federal Shipping,434.7
10461,55,19.2,60,0.25,LILAS,1,1997-02-28,1997-03-28,1997-03-05,148.61,Barquisimeto,Venezuela,LILA-Supermercado,Carlos González,Barquisimeto,Venezuela,Pâté chinois,25,6,24 boxes x 2 pies,0,Meat/Poultry,Ma Maison,Canada,Nancy Davolio,Sales Representative,Federal Shipping,864.0
10462,13,4.8,1,0.0,CONSH,2,1997-03-03,1997-03-31,1997-03-18,6.17,London,UK,Consolidated Holdings,Elizabeth Brown,London,UK,Konbu,6,8,2 kg box,0,Seafood,Mayumi's,Japan,Andrew Fuller,Vice President Sales,Speedy Express,4.8
10462,23,7.2,21,0.0,CONSH,2,1997-03-03,1997-03-31,1997-03-18,6.17,London,UK,Consolidated Holdings,Elizabeth Brown,London,UK,Tunnbröd,9,5,12 - 250 g pkgs.,0,Grains/Cereals,PB Knäckebröd AB,Sweden,Andrew Fuller,Vice President Sales,Speedy Express,151.2
10463,19,7.3,21,0.0,SUPRD,5,1997-03-04,1997-04-01,1997-03-06,14.78,Charleroi,Belgium,Suprêmes délices,Pascale Cartrain,Charleroi,Belgium,Teatime Chocolate Biscuits,8,3,10 boxes x 12 pieces,0,Confections,Specialty Biscuits Ltd.,UK,Steven Buchanan,Sales Manager,Federal Shipping,153.3
10463,42,11.2,50,0.0,SUPRD,5,1997-03-04,1997-04-01,1997-03-06,14.78,Charleroi,Belgium,Suprêmes délices,Pascale Cartrain,Charleroi,Belgium,Singaporean Hokkien Fried Mee,20,5,32 - 1 kg pkgs.,1,Grains/Cereals,Leka Trading,Singapore,Steven Buchanan,Sales Manager,Federal Shipping,560.0
10464,4,17.6,16,0.2,FURIB,4,1997-03-04,1997-04-01,1997-03-14,89.0,Lisboa,Portugal,Furia Bacalhau e Frutos do Mar,Lino Rodriguez,Lisboa,Portugal,Chef Anton's Cajun Seasoning,2,2,48 - 6 oz jars,0,Condiments,New Orleans Cajun Delights,USA,Margaret Peacock,Sales Representative,United Package,225.28
10464,43,36.8,3,0.0,FURIB,4,1997-03-04,1997-04-01,1997-03-14,89.0,Lisboa,Portugal,Furia Bacalhau e Frutos do Mar,Lino Rodriguez,Lisboa,Portugal,Ipoh Coffee,20,1,16 - 500 g tins,0,Beverages,Leka Trading,Singapore,Margaret Peacock,Sales Representative,United Package,110.4
10464,56,30.4,30,0.2,FURIB,4,1997-03-04,1997-04-01,1997-03-14,89.0,Lisboa,Portugal,Furia Bacalhau e Frutos do Mar,Lino Rodriguez,Lisboa,Portugal,Gnocchi di nonna Alice,26,5,24 - 250 g pkgs.,0,Grains/Cereals,Pasta Buttini s.r.l.,Italy,Margaret Peacock,Sales Representative,United Package,729.6
10464,60,27.2,20,0.0,FURIB,4,1997-03-04,1997-04-01,1997-03-14,89.0,Lisboa,Portugal,Furia Bacalhau e Frutos do Mar,Lino Rodriguez,Lisboa,Portugal,Camembert Pierrot,28,4,15 - 300 g rounds,0,Dairy Products,Gai pâturage,France,Margaret Peacock,Sales Representative,United Package,544.0
10465,24,3.6,25,0.0,VAFFE,1,1997-03-05,1997-04-02,1997-03-14,145.04,Århus,Denmark,Vaffeljernet,Palle Ibsen,Århus,Denmark,Guaraná Fantástica,10,1,12 - 355 ml cans,1,Beverages,Refrescos Americanas LTDA,Brazil,Nancy Davolio,Sales Representative,Federal Shipping,90.0
10465,29,99.0,18,0.1,VAFFE,1,1997-03-05,1997-04-02,1997-03-14,145.04,Århus,Denmark,Vaffeljernet,Palle Ibsen,Århus,Denmark,Thüringer Rostbratwurst,12,6,50 bags x 30 sausgs.,1,Meat/Poultry,Plutzer Lebensmittelgroßmärkte AG,Germany,Nancy Davolio,Sales Representative,Federal Shipping,1603.8
10465,40,14.7,20,0.0,VAFFE,1,1997-03-05,1997-04-02,1997-03-14,145.04,Århus,Denmark,Vaffeljernet,Palle Ibsen,Århus,Denmark,Boston Crab Meat,19,8,24 - 4 oz tins,0,Seafood,New England Seafood Cannery,USA,Nancy Davolio,Sales Representative,Federal Shipping,294.0
10465,45,7.6,30,0.1,VAFFE,1,1997-03-05,1997-04-02,1997-03-14,145.04,Århus,Denmark,Vaffeljernet,Palle Ibsen,Århus,Denmark,Rogede sild,21,8,1k pkg.,0,Seafood,Lyngbysild,Denmark,Nancy Davolio,Sales Representative,Federal Shipping,205.2
10465,50,13.0,25,0.0,VAFFE,1,1997-03-05,1997-04-02,1997-03-14,145.04,Århus,Denmark,Vaffeljernet,Palle Ibsen,Århus,Denmark,Valkoinen suklaa,23,3,12 - 100 g bars,0,Confections,Karkki Oy,Finland,Nancy Davolio,Sales Representative,Federal Shipping,325.0
10466,11,16.8,10,0.0,COMMI,4,1997-03-06,1997-04-03,1997-03-13,11.93,Sao Paulo,Brazil,Comércio Mineiro,Pedro Afonso,Sao Paulo,Brazil,Queso Cabrales,5,4,1 kg pkg.,0,Dairy Products,Cooperativa de Quesos 'Las Cabras',Spain,Margaret Peacock,Sales Representative,Speedy Express,168.0
10466,46,9.6,5,0.0,COMMI,4,1997-03-06,1997-04-03,1997-03-13,11.93,Sao Paulo,Brazil,Comércio Mineiro,Pedro Afonso,Sao Paulo,Brazil,Spegesild,21,8,4 - 450 g glasses,0,Seafood,Lyngbysild,Denmark,Margaret Peacock,Sales Representative,Speedy Express,48.0
10467,24,3.6,28,0.0,MAGAA,8,1997-03-06,1997-04-03,1997-03-11,4.93,Bergamo,Italy,Magazzini Alimentari Riuniti,Giovanni Rovelli,Bergamo,Italy,Guaraná Fantástica,10,1,12 - 355 ml cans,1,Beverages,Refrescos Americanas LTDA,Brazil,Laura Callahan,Inside Sales Coordinator,United Package,100.8
10467,25,11.2,12,0.0,MAGAA,8,1997-03-06,1997-04-03,1997-03-11,4.93,Bergamo,Italy,Magazzini Alimentari Riuniti,Giovanni Rovelli,Bergamo,Italy,NuNuCa Nuß-Nougat-Creme,11,3,20 - 450 g glasses,0,Confections,Heli Süßwaren GmbH & Co. KG,Germany,Laura Callahan,Inside Sales Coordinator,United Package,134.4
10468,30,20.7,8,0.0,KOENE,3,1997-03-07,1997-04-04,1997-03-12,44.12,Brandenburg,Germany,Königlich Essen,Philip Cramer,Brandenburg,Germany,Nord-Ost Matjeshering,13,8,10 - 200 g glasses,0,Seafood,Nord-Ost-Fisch Handelsgesellschaft mbH,Germany,Janet Leverling,Sales Representative,Federal Shipping,165.6
10468,43,36.8,15,0.0,KOENE,3,1997-03-07,1997-04-04,1997-03-12,44.12,Brandenburg,Germany,Königlich Essen,Philip Cramer,Brandenburg,Germany,Ipoh Coffee,20,1,16 - 500 g tins,0,Beverages,Leka Trading,Singapore,Janet Leverling,Sales Representative,Federal Shipping,552.0
10469,2,15.2,40,0.15,WHITC,1,1997-03-10,1997-04-07,1997-03-14,60.18,Seattle,USA,White Clover Markets,Karl Jablonski,Seattle,USA,Chang,1,1,24 - 12 oz bottles,0,Beverages,Exotic Liquids,UK,Nancy Davolio,Sales Representative,Speedy Express,516.8
10469,16,13.9,35,0.15,WHITC,1,1997-03-10,1997-04-07,1997-03-14,60.18,Seattle,USA,White Clover Markets,Karl Jablonski,Seattle,USA,Pavlova,7,3,32 - 500 g boxes,0,Confections,Pavlova Ltd.,Australia,Nancy Davolio,Sales Representative,Speedy Express,413.52
10469,44,15.5,2,0.15,WHITC,1,1997-03-10,1997-04-07,1997-03-14,60.18,Seattle,USA,White Clover Markets,Karl Jablonski,Seattle,USA,Gula Malacca,20,2,20 - 2 kg bags,0,Condiments,Leka Trading,Singapore,Nancy Davolio,Sales Representative,Speedy Express,26.35
10470,18,50.0,30,0.0,BONAP,4,1997-03-11,1997-04-08,1997-03-14,64.56,Marseille,France,Bon app',Laurence Lebihan,Marseille,France,Carnarvon Tigers,7,8,16 kg pkg.,0,Seafood,Pavlova Ltd.,Australia,Margaret Peacock,Sales Representative,United Package,1500.0
10470,23,7.2,15,0.0,BONAP,4,1997-03-11,1997-04-08,1997-03-14,64.56,Marseille,France,Bon app',Laurence Lebihan,Marseille,France,Tunnbröd,9,5,12 - 250 g pkgs.,0,Grains/Cereals,PB Knäckebröd AB,Sweden,Margaret Peacock,Sales Representative,United Package,108.0
10470,64,26.6,8,0.0,BONAP,4,1997-03-11,1997-04-08,1997-03-14,64.56,Marseille,France,Bon app',Laurence Lebihan,Marseille,France,Wimmers gute Semmelknödel,12,5,20 bags x 4 pieces,0,Grains/Cereals,Plutzer Lebensmittelgroßmärkte AG,Germany,Margaret Peacock,Sales Representative,United Package,212.8
10471,7,24.0,30,0.0,BSBEV,2,1997-03-11,1997-04-08,1997-03-18,45.59,London,UK,B's Beverages,Victoria Ashworth,London,UK,Uncle Bob's Organic Dried Pears,3,7,12 - 1 lb pkgs.,0,Produce,Grandma Kelly's Homestead,USA,Andrew Fuller,Vice President Sales,Federal Shipping,720.0
10471,56,30.4,20,0.0,BSBEV,2,1997-03-11,1997-04-08,1997-03-18,45.59,London,UK,B's Beverages,Victoria Ashworth,London,UK,Gnocchi di nonna Alice,26,5,24 - 250 g pkgs.,0,Grains/Cereals,Pasta Buttini s.r.l.,Italy,Andrew Fuller,Vice President Sales,Federal Shipping,608.0
10472,24,3.6,80,0.05,SEVES,8,1997-03-12,1997-04-09,1997-03-19,4.2,London,UK,Seven Seas Imports,Hari Kumar,London,UK,Guaraná Fantástica,10,1,12 - 355 ml cans,1,Beverages,Refrescos Americanas LTDA,Brazil,Laura Callahan,Inside Sales Coordinator,Speedy Express,273.6
10472,51,42.4,18,0.0,SEVES,8,1997-03-12,1997-04-09,1997-03-19,4.2,London,UK,Seven Seas Imports,Hari Kumar,London,UK,Manjimup Dried Apples,24,7,50 - 300 g pkgs.,0,Produce,G'day Mate,Australia,Laura Callahan,Inside Sales Coordinator,Speedy Express,763.2
10473,33,2.0,12,0.0,ISLAT,1,1997-03-13,1997-03-27,1997-03-21,16.37,Cowes,UK,Island Trading,Helen Bennett,Cowes,UK,Geitost,15,4,500 g,0,Dairy Products,Norske Meierier,Norway,Nancy Davolio,Sales Representative,Federal Shipping,24.0
10473,71,17.2,12,0.0,ISLAT,1,1997-03-13,1997-03-27,1997-03-21,16.37,Cowes,UK,Island Trading,Helen Bennett,Cowes,UK,Flotemysost,15,4,10 - 500 g pkgs.,0,Dairy Products,Norske Meierier,Norway,Nancy Davolio,Sales Representative,Federal Shipping,206.4
10474,14,18.6,12,0.0,PERIC,5,1997-03-13,1997-04-10,1997-03-21,83.49,México D.F.,Mexico,Pericles Comidas clásicas,Guillermo Fernández,México D.F.,Mexico,Tofu,6,7,40 - 100 g pkgs.,0,Produce,Mayumi's,Japan,Steven Buchanan,Sales Manager,United Package,223.2
10474,28,36.4,18,0.0,PERIC,5,1997-03-13,1997-04-10,1997-03-21,83.49,México D.F.,Mexico,Pericles Comidas clásicas,Guillermo Fernández,México D.F.,Mexico,Rössle Sauerkraut,12,7,25 - 825 g cans,1,Produce,Plutzer Lebensmittelgroßmärkte AG,Germany,Steven Buchanan,Sales Manager,United Package,655.2
10474,40,14.7,21,0.0,PERIC,5,1997-03-13,1997-04-10,1997-03-21,83.49,México D.F.,Mexico,Pericles Comidas clásicas,Guillermo Fernández,México D.F.,Mexico,Boston Crab Meat,19,8,24 - 4 oz tins,0,Seafood,New England Seafood Cannery,USA,Steven Buchanan,Sales Manager,United Package,308.7
10474,75,6.2,10,0.0,PERIC,5,1997-03-13,1997-04-10,1997-03-21,83.49,México D.F.,Mexico,Pericles Comidas clásicas,Guillermo Fernández,México D.F.,Mexico,Rhönbräu Klosterbier,12,1,24 - 0.5 l bottles,0,Beverages,Plutzer Lebensmittelgroßmärkte AG,Germany,Steven Buchanan,Sales Manager,United Package,62.0
10475,31,10.0,35,0.15,SUPRD,9,1997-03-14,1997-04-11,1997-04-04,68.52,Charleroi,Belgium,Suprêmes délices,Pascale Cartrain,Charleroi,Belgium,Gorgonzola Telino,14,4,12 - 100 g pkgs,0,Dairy Products,Formaggi Fortini s.r.l.,Italy,Anne Dodsworth,Sales Representative,Speedy Express,297.5
10475,66,13.6,60,0.15,SUPRD,9,1997-03-14,1997-04-11,1997-04-04,68.52,Charleroi,Belgium,Suprêmes délices,Pascale Cartrain,Charleroi,Belgium,Louisiana Hot Spiced Okra,2,2,24 - 8 oz jars,0,Condiments,New Orleans Cajun Delights,USA,Anne Dodsworth,Sales Representative,Speedy Express,693.6
10475,76,14.4,42,0.15,SUPRD,9,1997-03-14,1997-04-11,1997-04-04,68.52,Charleroi,Belgium,Suprêmes délices,Pascale Cartrain,Charleroi,Belgium,Lakkalikööri,23,1,500 ml,0,Beverages,Karkki Oy,Finland,Anne Dodsworth,Sales Representative,Speedy Express,514.08
10476,55,19.2,2,0.05,HILAA,8,1997-03-17,1997-04-14,1997-03-24,4.41,San Cristóbal,Venezuela,HILARION-Abastos,Carlos Hernández,San Cristóbal,Venezuela,Pâté chinois,25,6,24 boxes x 2 pies,0,Meat/Poultry,Ma Maison,Canada,Laura Callahan,Inside Sales Coordinator,Federal Shipping,36.48
10476,70,12.0,12,0.0,HILAA,8,1997-03-17,1997-04-14,1997-03-24,4.41,San Cristóbal,Venezuela,HILARION-Abastos,Carlos Hernández,San Cristóbal,Venezuela,Outback Lager,7,1,24 - 355 ml bottles,0,Beverages,Pavlova Ltd.,Australia,Laura Callahan,Inside Sales Coordinator,Federal Shipping,144.0
10477,1,14.4,15,0.0,PRINI,5,1997-03-17,1997-04-14,1997-03-25,13.02,Lisboa,Portugal,Princesa Isabel Vinhos,Isabel de Castro,Lisboa,Portugal,Chai,1,1,10 boxes x 20 bags,0,Beverages,Exotic Liquids,UK,Steven Buchanan,Sales Manager,United Package,216.0
10477,21,8.0,21,0.25,PRINI,5,1997-03-17,1997-04-14,1997-03-25,13.02,Lisboa,Portugal,Princesa Isabel Vinhos,Isabel de Castro,Lisboa,Portugal,Sir Rodney's Scones,8,3,24 pkgs. x 4 pieces,0,Confections,Specialty Biscuits Ltd.,UK,Steven Buchanan,Sales Manager,United Package,126.0
10477,39,14.4,20,0.25,PRINI,5,1997-03-17,1997-04-14,1997-03-25,13.02,Lisboa,Portugal,Princesa Isabel Vinhos,Isabel de Castro,Lisboa,Portugal,Chartreuse verte,18,1,750 cc per bottle,0,Beverages,Aux joyeux ecclésiastiques,France,Steven Buchanan,Sales Manager,United Package,216.0
10478,10,24.8,20,0.05,VICTE,2,1997-03-18,1997-04-01,1997-03-26,4.81,Lyon,France,Victuailles en stock,Mary Saveley,Lyon,France,Ikura,4,8,12 - 200 ml jars,0,Seafood,Tokyo Traders,Japan,Andrew Fuller,Vice President Sales,Federal Shipping,471.2
10479,38,210.8,30,0.0,RATTC,3,1997-03-19,1997-04-16,1997-03-21,708.95,Albuquerque,USA,Rattlesnake Canyon Grocery,Paula Wilson,Albuquerque,USA,Côte de Blaye,18,1,12 - 75 cl bottles,0,Beverages,Aux joyeux ecclésiastiques,France,Janet Leverling,Sales Representative,Federal Shipping,6324.0
10479,53,26.2,28,0.0,RATTC,3,1997-03-19,1997-04-16,1997-03-21,708.95,Albuquerque,USA,Rattlesnake Canyon Grocery,Paula Wilson,Albuquerque,USA,Perth Pasties,24,6,48 pieces,1,Meat/Poultry,G'day Mate,Australia,Janet Leverling,Sales Representative,Federal Shipping,733.6
10479,59,44.0,60,0.0,RATTC,3,1997-03-19,1997-04-16,1997-03-21,708.95,Albuquerque,USA,Rattlesnake Canyon Grocery,Paula Wilson,Albuquerque,USA,Raclette Courdavault,28,4,5 kg pkg.,0,Dairy Products,Gai pâturage,France,Janet Leverling,Sales Representative,Federal Shipping,2640.0
10479,64,26.6,30,0.0,RATTC,3,1997-03-19,1997-04-16,1997-03-21,708.95,Albuquerque,USA,Rattlesnake Canyon Grocery,Paula Wilson,Albuquerque,USA,Wimmers gute Semmelknödel,12,5,20 bags x 4 pieces,0,Grains/Cereals,Plutzer Lebensmittelgroßmärkte AG,Germany,Janet Leverling,Sales Representative,Federal Shipping,798.0
10480,47,7.6,30,0.0,FOLIG,6,1997-03-20,1997-04-17,1997-03-24,1.35,Lille,France,Folies gourmandes,Martine Rancé,Lille,France,Zaanse koeken,22,3,10 - 4 oz boxes,0,Confections,Zaanse Snoepfabriek,Netherlands,Michael Suyama,Sales Representative,United Package,228.0
10480,59,44.0,12,0.0,FOLIG,6,1997-03-20,1997-04-17,1997-03-24,1.35,Lille,France,Folies gourmandes,Martine Rancé,Lille,France,Raclette Courdavault,28,4,5 kg pkg.,0,Dairy Products,Gai pâturage,France,Michael Suyama,Sales Representative,United Package,528.0
10481,49,16.0,24,0.0,RICAR,8,1997-03-20,1997-04-17,1997-03-25,64.33,Rio de Janeiro,Brazil,Ricardo Adocicados,Janete Limeira,Rio de Janeiro,Brazil,Maxilaku,23,3,24 - 50 g pkgs.,0,Confections,Karkki Oy,Finland,Laura Callahan,Inside Sales Coordinator,United Package,384.0
10481,60,27.2,40,0.0,RICAR,8,1997-03-20,1997-04-17,1997-03-25,64.33,Rio de Janeiro,Brazil,Ricardo Adocicados,Janete Limeira,Rio de Janeiro,Brazil,Camembert Pierrot,28,4,15 - 300 g rounds,0,Dairy Products,Gai pâturage,France,Laura Callahan,Inside Sales Coordinator,United Package,1088.0
10482,40,14.7,10,0.0,LAZYK,1,1997-03-21,1997-04-18,1997-04-10,7.48,Walla Walla,USA,Lazy K Kountry Store,John Steel,Walla Walla,USA,Boston Crab Meat,19,8,24 - 4 oz tins,0,Seafood,New England Seafood Cannery,USA,Nancy Davolio,Sales Representative,Federal Shipping,147.0
10483,34,11.2,35,0.05,WHITC,7,1997-03-24,1997-04-21,1997-04-25,15.28,Seattle,USA,White Clover Markets,Karl Jablonski,Seattle,USA,Sasquatch Ale,16,1,24 - 12 oz bottles,0,Beverages,Bigfoot Breweries,USA,Robert King,Sales Representative,United Package,372.4
10483,77,10.4,30,0.05,WHITC,7,1997-03-24,1997-04-21,1997-04-25,15.28,Seattle,USA,White Clover Markets,Karl Jablonski,Seattle,USA,Original Frankfurter grüne Soße,12,2,12 boxes,0,Condiments,Plutzer Lebensmittelgroßmärkte AG,Germany,Robert King,Sales Representative,United Package,296.4
10484,21,8.0,14,0.0,BSBEV,3,1997-03-24,1997-04-21,1997-04-01,6.88,London,UK,B's Beverages,Victoria Ashworth,London,UK,Sir Rodney's Scones,8,3,24 pkgs. x 4 pieces,0,Confections,Specialty Biscuits Ltd.,UK,Janet Leverling,Sales Representative,Federal Shipping,112.0
10484,40,14.7,10,0.0,BSBEV,3,1997-03-24,1997-04-21,1997-04-01,6.88,London,UK,B's Beverages,Victoria Ashworth,London,UK,Boston Crab Meat,19,8,24 - 4 oz tins,0,Seafood,New England Seafood Cannery,USA,Janet Leverling,Sales Representative,Federal Shipping,147.0
10484,51,42.4,3,0.0,BSBEV,3,1997-03-24,1997-04-21,1997-04-01,6.88,London,UK,B's Beverages,Victoria Ashworth,London,UK,Manjimup Dried Apples,24,7,50 - 300 g pkgs.,0,Produce,G'day Mate,Australia,Janet Leverling,Sales Representative,Federal Shipping,127.2
10485,2,15.2,20,0.1,LINOD,4,1997-03-25,1997-04-08,1997-03-31,64.45,I. de Margarita,Venezuela,LINO-Delicateses,Felipe Izquierdo,I. de Margarita,Venezuela,Chang,1,1,24 - 12 oz bottles,0,Beverages,Exotic Liquids,UK,Margaret Peacock,Sales Representative,United Package,273.6
10485,3,8.0,20,0.1,LINOD,4,1997-03-25,1997-04-08,1997-03-31,64.45,I. de Margarita,Venezuela,LINO-Delicateses,Felipe Izquierdo,I. de Margarita,Venezuela,Aniseed Syrup,1,2,12 - 550 ml bottles,0,Condiments,Exotic Liquids,UK,Margaret Peacock,Sales Representative,United Package,144.0
10485,55,19.2,30,0.1,LINOD,4,1997-03-25,1997-04-08,1997-03-31,64.45,I. de Margarita,Venezuela,LINO-Delicateses,Felipe Izquierdo,I. de Margarita,Venezuela,Pâté chinois,25,6,24 boxes x 2 pies,0,Meat/Poultry,Ma Maison,Canada,Margaret Peacock,Sales Representative,United Package,518.4
10485,70,12.0,60,0.1,LINOD,4,1997-03-25,1997-04-08,1997-03-31,64.45,I. de Margarita,Venezuela,LINO-Delicateses,Felipe Izquierdo,I. de Margarita,Venezuela,Outback Lager,7,1,24 - 355 ml bottles,0,Beverages,Pavlova Ltd.,Australia,Margaret Peacock,Sales Representative,United Package,648.0
10486,11,16.8,5,0.0,HILAA,1,1997-03-26,1997-04-23,1997-04-02,30.53,San Cristóbal,Venezuela,HILARION-Abastos,Carlos Hernández,San Cristóbal,Venezuela,Queso Cabrales,5,4,1 kg pkg.,0,Dairy Products,Cooperativa de Quesos 'Las Cabras',Spain,Nancy Davolio,Sales Representative,United Package,84.0
10486,51,42.4,25,0.0,HILAA,1,1997-03-26,1997-04-23,1997-04-02,30.53,San Cristóbal,Venezuela,HILARION-Abastos,Carlos Hernández,San Cristóbal,Venezuela,Manjimup Dried Apples,24,7,50 - 300 g pkgs.,0,Produce,G'day Mate,Australia,Nancy Davolio,Sales Representative,United Package,1060.0
10486,74,8.0,16,0.0,HILAA,1,1997-03-26,1997-04-23,1997-04-02,30.53,San Cristóbal,Venezuela,HILARION-Abastos,Carlos Hernández,San Cristóbal,Venezuela,Longlife Tofu,4,7,5 kg pkg.,0,Produce,Tokyo Traders,Japan,Nancy Davolio,Sales Representative,United Package,128.0
10487,19,7.3,5,0.0,QUEEN,2,1997-03-26,1997-04-23,1997-03-28,71.07,Sao Paulo,Brazil,Queen Cozinha,Lúcia Carvalho,Sao Paulo,Brazil,Teatime Chocolate Biscuits,8,3,10 boxes x 12 pieces,0,Confections,Specialty Biscuits Ltd.,UK,Andrew Fuller,Vice President Sales,United Package,36.5
10487,26,24.9,30,0.0,QUEEN,2,1997-03-26,1997-04-23,1997-03-28,71.07,Sao Paulo,Brazil,Queen Cozinha,Lúcia Carvalho,Sao Paulo,Brazil,Gumbär Gummibärchen,11,3,100 - 250 g bags,0,Confections,Heli Süßwaren GmbH & Co. KG,Germany,Andrew Fuller,Vice President Sales,United Package,747.0
10487,54,5.9,24,0.25,QUEEN,2,1997-03-26,1997-04-23,1997-03-28,71.07,Sao Paulo,Brazil,Queen Cozinha,Lúcia Carvalho,Sao Paulo,Brazil,Tourtière,25,6,16 pies,0,Meat/Poultry,Ma Maison,Canada,Andrew Fuller,Vice President Sales,United Package,106.2
10488,59,44.0,30,0.0,FRANK,8,1997-03-27,1997-04-24,1997-04-02,4.93,München,Germany,Frankenversand,Peter Franken,München,Germany,Raclette Courdavault,28,4,5 kg pkg.,0,Dairy Products,Gai pâturage,France,Laura Callahan,Inside Sales Coordinator,United Package,1320.0
10488,73,12.0,20,0.2,FRANK,8,1997-03-27,1997-04-24,1997-04-02,4.93,München,Germany,Frankenversand,Peter Franken,München,Germany,Röd Kaviar,17,8,24 - 150 g jars,0,Seafood,Svensk Sjöföda AB,Sweden,Laura Callahan,Inside Sales Coordinator,United Package,192.0
10489,11,16.8,15,0.25,PICCO,6,1997-03-28,1997-04-25,1997-04-09,5.29,Salzburg,Austria,Piccolo und mehr,Georg Pipps,Salzburg,Austria,Queso Cabrales,5,4,1 kg pkg.,0,Dairy Products,Cooperativa de Quesos 'Las Cabras',Spain,Michael Suyama,Sales Representative,United Package,189.0
10489,16,13.9,18,0.0,PICCO,6,1997-03-28,1997-04-25,1997-04-09,5.29,Salzburg,Austria,Piccolo und mehr,Georg Pipps,Salzburg,Austria,Pavlova,7,3,32 - 500 g boxes,0,Confections,Pavlova Ltd.,Australia,Michael Suyama,Sales Representative,United Package,250.2
10490,59,44.0,60,0.0,HILAA,7,1997-03-31,1997-04-28,1997-04-03,210.19,San Cristóbal,Venezuela,HILARION-Abastos,Carlos Hernández,San Cristóbal,Venezuela,Raclette Courdavault,28,4,5 kg pkg.,0,Dairy Products,Gai pâturage,France,Robert King,Sales Representative,United Package,2640.0
10490,68,10.0,30,0.0,HILAA,7,1997-03-31,1997-04-28,1997-04-03,210.19,San Cristóbal,Venezuela,HILARION-Abastos,Carlos Hernández,San Cristóbal,Venezuela,Scottish Longbreads,8,3,10 boxes x 8 pieces,0,Confections,Specialty Biscuits Ltd.,UK,Robert King,Sales Representative,United Package,300.0
10490,75,6.2,36,0.0,HILAA,7,1997-03-31,1997-04-28,1997-04-03,210.19,San Cristóbal,Venezuela,HILARION-Abastos,Carlos Hernández,San Cristóbal,Venezuela,Rhönbräu Klosterbier,12,1,24 - 0.5 l bottles,0,Beverages,Plutzer Lebensmittelgroßmärkte AG,Germany,Robert King,Sales Representative,United Package,223.2
10491,44,15.5,15,0.15,FURIB,8,1997-03-31,1997-04-28,1997-04-08,16.96,Lisboa,Portugal,Furia Bacalhau e Frutos do Mar,Lino Rodriguez,Lisboa,Portugal,Gula Malacca,20,2,20 - 2 kg bags,0,Condiments,Leka Trading,Singapore,Laura Callahan,Inside Sales Coordinator,Federal Shipping,197.62
10491,77,10.4,7,0.15,FURIB,8,1997-03-31,1997-04-28,1997-04-08,16.96,Lisboa,Portugal,Furia Bacalhau e Frutos do Mar,Lino Rodriguez,Lisboa,Portugal,Original Frankfurter grüne Soße,12,2,12 boxes,0,Condiments,Plutzer Lebensmittelgroßmärkte AG,Germany,Laura Callahan,Inside Sales Coordinator,Federal Shipping,61.88
10492,25,11.2,60,0.05,BOTTM,3,1997-04-01,1997-04-29,1997-04-11,62.89,Tsawassen,Canada,Bottom-Dollar Markets,Elizabeth Lincoln,Tsawassen,Canada,NuNuCa Nuß-Nougat-Creme,11,3,20 - 450 g glasses,0,Confections,Heli Süßwaren GmbH & Co. KG,Germany,Janet Leverling,Sales Representative,Speedy Express,638.4
10492,42,11.2,20,0.05,BOTTM,3,1997-04-01,1997-04-29,1997-04-11,62.89,Tsawassen,Canada,Bottom-Dollar Markets,Elizabeth Lincoln,Tsawassen,Canada,Singaporean Hokkien Fried Mee,20,5,32 - 1 kg pkgs.,1,Grains/Cereals,Leka Trading,Singapore,Janet Leverling,Sales Representative,Speedy Express,212.8
10493,65,16.8,15,0.1,LAMAI,4,1997-04-02,1997-04-30,1997-04-10,10.64,Toulouse,France,La maison d'Asie,Annette Roulet,Toulouse,France,Louisiana Fiery Hot Pepper Sauce,2,2,32 - 8 oz bottles,0,Condiments,New Orleans Cajun Delights,USA,Margaret Peacock,Sales Representative,Federal Shipping,226.8
10493,66,13.6,10,0.1,LAMAI,4,1997-04-02,1997-04-30,1997-04-10,10.64,Toulouse,France,La maison d'Asie,Annette Roulet,Toulouse,France,Louisiana Hot Spiced Okra,2,2,24 - 8 oz jars,0,Condiments,New Orleans Cajun Delights,USA,Margaret Peacock,Sales Representative,Federal Shipping,122.4
10493,69,28.8,10,0.1,LAMAI,4,1997-04-02,1997-04-30,1997-04-10,10.64,Toulouse,France,La maison d'Asie,Annette Roulet,Toulouse,France,Gudbrandsdalsost,15,4,10 kg pkg.,0,Dairy Products,Norske Meierier,Norway,Margaret Peacock,Sales Representative,Federal Shipping,259.2
10494,56,30.4,30,0.0,COMMI,4,1997-04-02,1997-04-30,1997-04-09,65.99,Sao Paulo,Brazil,Comércio Mineiro,Pedro Afonso,Sao Paulo,Brazil,Gnocchi di nonna Alice,26,5,24 - 250 g pkgs.,0,Grains/Cereals,Pasta Buttini s.r.l.,Italy,Margaret Peacock,Sales Representative,United Package,912.0
10495,23,7.2,10,0.0,LAUGB,3,1997-04-03,1997-05-01,1997-04-11,4.65,Vancouver,Canada,Laughing Bacchus Wine Cellars,Yoshi Tannamuri,Vancouver,Canada,Tunnbröd,9,5,12 - 250 g pkgs.,0,Grains/Cereals,PB Knäckebröd AB,Sweden,Janet Leverling,Sales Representative,Federal Shipping,72.0
10495,41,7.7,20,0.0,LAUGB,3,1997-04-03,1997-05-01,1997-04-11,4.65,Vancouver,Canada,Laughing Bacchus Wine Cellars,Yoshi Tannamuri,Vancouver,Canada,Jack's New England Clam Chowder,19,8,12 - 12 oz cans,0,Seafood,New England Seafood Cannery,USA,Janet Leverling,Sales Representative,Federal Shipping,154.0
10495,77,10.4,5,0.0,LAUGB,3,1997-04-03,1997-05-01,1997-04-11,4.65,Vancouver,Canada,Laughing Bacchus Wine Cellars,Yoshi Tannamuri,Vancouver,Canada,Original Frankfurter grüne Soße,12,2,12 boxes,0,Condiments,Plutzer Lebensmittelgroßmärkte AG,Germany,Janet Leverling,Sales Representative,Federal Shipping,52.0
10496,31,10.0,20,0.05,TRADH,7,1997-04-04,1997-05-02,1997-04-07,46.77,Sao Paulo,Brazil,Tradição Hipermercados,Anabela Domingues,Sao Paulo,Brazil,Gorgonzola Telino,14,4,12 - 100 g pkgs,0,Dairy Products,Formaggi Fortini s.r.l.,Italy,Robert King,Sales Representative,United Package,190.0
10497,56,30.4,14,0.0,LEHMS,7,1997-04-04,1997-05-02,1997-04-07,36.21,Frankfurt a.M.,Germany,Lehmanns Marktstand,Renate Messner,Frankfurt a.M.,Germany,Gnocchi di nonna Alice,26,5,24 - 250 g pkgs.,0,Grains/Cereals,Pasta Buttini s.r.l.,Italy,Robert King,Sales Representative,Speedy Express,425.6
10497,72,27.8,25,0.0,LEHMS,7,1997-04-04,1997-05-02,1997-04-07,36.21,Frankfurt a.M.,Germany,Lehmanns Marktstand,Renate Messner,Frankfurt a.M.,Germany,Mozzarella di Giovanni,14,4,24 - 200 g pkgs.,0,Dairy Products,Formaggi Fortini s.r.l.,Italy,Robert King,Sales Representative,Speedy Express,695.0
10497,77,10.4,25,0.0,LEHMS,7,1997-04-04,1997-05-02,1997-04-07,36.21,Frankfurt a.M.,Germany,Lehmanns Marktstand,Renate Messner,Frankfurt a.M.,Germany,Original Frankfurter grüne Soße,12,2,12 boxes,0,Condiments,Plutzer Lebensmittelgroßmärkte AG,Germany,Robert King,Sales Representative,Speedy Express,260.0
10498,24,4.5,14,0.0,HILAA,8,1997-04-07,1997-05-05,1997-04-11,29.75,San Cristóbal,Venezuela,HILARION-Abastos,Carlos Hernández,San Cristóbal,Venezuela,Guaraná Fantástica,10,1,12 - 355 ml cans,1,Beverages,Refrescos Americanas LTDA,Brazil,Laura Callahan,Inside Sales Coordinator,United Package,63.0
10498,40,18.4,5,0.0,HILAA,8,1997-04-07,1997-05-05,1997-04-11,29.75,San Cristóbal,Venezuela,HILARION-Abastos,Carlos Hernández,San Cristóbal,Venezuela,Boston Crab Meat,19,8,24 - 4 oz tins,0,Seafood,New England Seafood Cannery,USA,Laura Callahan,Inside Sales Coordinator,United Package,92.0
10498,42,14.0,30,0.0,HILAA,8,1997-04-07,1997-05-05,1997-04-11,29.75,San Cristóbal,Venezuela,HILARION-Abastos,Carlos Hernández,San Cristóbal,Venezuela,Singaporean Hokkien Fried Mee,20,5,32 - 1 kg pkgs.,1,Grains/Cereals,Leka Trading,Singapore,Laura Callahan,Inside Sales Coordinator,United Package,420.0
10499,28,45.6,20,0.0,LILAS,4,1997-04-08,1997-05-06,1997-04-16,102.02,Barquisimeto,Venezuela,LILA-Supermercado,Carlos González,Barquisimeto,Venezuela,Rössle Sauerkraut,12,7,25 - 825 g cans,1,Produce,Plutzer Lebensmittelgroßmärkte AG,Germany,Margaret Peacock,Sales Representative,United Package,912.0
10499,49,20.0,25,0.0,LILAS,4,1997-04-08,1997-05-06,1997-04-16,102.02,Barquisimeto,Venezuela,LILA-Supermercado,Carlos González,Barquisimeto,Venezuela,Maxilaku,23,3,24 - 50 g pkgs.,0,Confections,Karkki Oy,Finland,Margaret Peacock,Sales Representative,United Package,500.0
10500,15,15.5,12,0.05,LAMAI,6,1997-04-09,1997-05-07,1997-04-17,42.68,Toulouse,France,La maison d'Asie,Annette Roulet,Toulouse,France,Genen Shouyu,6,2,24 - 250 ml bottles,0,Condiments,Mayumi's,Japan,Michael Suyama,Sales Representative,Speedy Express,176.7
10500,28,45.6,8,0.05,LAMAI,6,1997-04-09,1997-05-07,1997-04-17,42.68,Toulouse,France,La maison d'Asie,Annette Roulet,Toulouse,France,Rössle Sauerkraut,12,7,25 - 825 g cans,1,Produce,Plutzer Lebensmittelgroßmärkte AG,Germany,Michael Suyama,Sales Representative,Speedy Express,346.56
10501,54,7.45,20,0.0,BLAUS,9,1997-04-09,1997-05-07,1997-04-16,8.85,Mannheim,Germany,Blauer See Delikatessen,Hanna Moos,Mannheim,Germany,Tourtière,25,6,16 pies,0,Meat/Poultry,Ma Maison,Canada,Anne Dodsworth,Sales Representative,Federal Shipping,149.0
10502,45,9.5,21,0.0,PERIC,2,1997-04-10,1997-05-08,1997-04-29,69.32,México D.F.,Mexico,Pericles Comidas clásicas,Guillermo Fernández,México D.F.,Mexico,Rogede sild,21,8,1k pkg.,0,Seafood,Lyngbysild,Denmark,Andrew Fuller,Vice President Sales,Speedy Express,199.5
10502,53,32.8,6,0.0,PERIC,2,1997-04-10,1997-05-08,1997-04-29,69.32,México D.F.,Mexico,Pericles Comidas clásicas,Guillermo Fernández,México D.F.,Mexico,Perth Pasties,24,6,48 pieces,1,Meat/Poultry,G'day Mate,Australia,Andrew Fuller,Vice President Sales,Speedy Express,196.8
10502,67,14.0,30,0.0,PERIC,2,1997-04-10,1997-05-08,1997-04-29,69.32,México D.F.,Mexico,Pericles Comidas clásicas,Guillermo Fernández,México D.F.,Mexico,Laughing Lumberjack Lager,16,1,24 - 12 oz bottles,0,Beverages,Bigfoot Breweries,USA,Andrew Fuller,Vice President Sales,Speedy Express,420.0
10503,14,23.25,70,0.0,HUNGO,6,1997-04-11,1997-05-09,1997-04-16,16.74,Cork,Ireland,Hungry Owl All-Night Grocers,Patricia McKenna,Cork,Ireland,Tofu,6,7,40 - 100 g pkgs.,0,Produce,Mayumi's,Japan,Michael Suyama,Sales Representative,United Package,1627.5
10503,65,21.05,20,0.0,HUNGO,6,1997-04-11,1997-05-09,1997-04-16,16.74,Cork,Ireland,Hungry Owl All-Night Grocers,Patricia McKenna,Cork,Ireland,Louisiana Fiery Hot Pepper Sauce,2,2,32 - 8 oz bottles,0,Condiments,New Orleans Cajun Delights,USA,Michael Suyama,Sales Representative,United Package,421.0
10504,2,19.0,12,0.0,WHITC,4,1997-04-11,1997-05-09,1997-04-18,59.13,Seattle,USA,White Clover Markets,Karl Jablonski,Seattle,USA,Chang,1,1,24 - 12 oz bottles,0,Beverages,Exotic Liquids,UK,Margaret Peacock,Sales Representative,Federal Shipping,228.0
10504,21,10.0,12,0.0,WHITC,4,1997-04-11,1997-05-09,1997-04-18,59.13,Seattle,USA,White Clover Markets,Karl Jablonski,Seattle,USA,Sir Rodney's Scones,8,3,24 pkgs. x 4 pieces,0,Confections,Specialty Biscuits Ltd.,UK,Margaret Peacock,Sales Representative,Federal Shipping,120.0
10504,53,32.8,10,0.0,WHITC,4,1997-04-11,1997-05-09,1997-04-18,59.13,Seattle,USA,White Clover Markets,Karl Jablonski,Seattle,USA,Perth Pasties,24,6,48 pieces,1,Meat/Poultry,G'day Mate,Australia,Margaret Peacock,Sales Representative,Federal Shipping,328.0
10504,61,28.5,25,0.0,WHITC,4,1997-04-11,1997-05-09,1997-04-18,59.13,Seattle,USA,White Clover Markets,Karl Jablonski,Seattle,USA,Sirop d'érable,29,2,24 - 500 ml bottles,0,Condiments,Forêts d'érables,Canada,Margaret Peacock,Sales Representative,Federal Shipping,712.5
10505,62,49.3,3,0.0,MEREP,3,1997-04-14,1997-05-12,1997-04-21,7.13,Montréal,Canada,Mère Paillarde,Jean Fresnière,Montréal,Canada,Tarte au sucre,29,3,48 pies,0,Confections,Forêts d'érables,Canada,Janet Leverling,Sales Representative,Federal Shipping,147.9
10506,25,14.0,18,0.1,KOENE,9,1997-04-15,1997-05-13,1997-05-02,21.19,Brandenburg,Germany,Königlich Essen,Philip Cramer,Brandenburg,Germany,NuNuCa Nuß-Nougat-Creme,11,3,20 - 450 g glasses,0,Confections,Heli Süßwaren GmbH & Co. KG,Germany,Anne Dodsworth,Sales Representative,United Package,226.8
10506,70,15.0,14,0.1,KOENE,9,1997-04-15,1997-05-13,1997-05-02,21.19,Brandenburg,Germany,Königlich Essen,Philip Cramer,Brandenburg,Germany,Outback Lager,7,1,24 - 355 ml bottles,0,Beverages,Pavlova Ltd.,Australia,Anne Dodsworth,Sales Representative,United Package,189.0
10507,43,46.0,15,0.15,ANTON,7,1997-04-15,1997-05-13,1997-04-22,47.45,México D.F.,Mexico,Antonio Moreno Taquería,Antonio Moreno,México D.F.,Mexico,Ipoh Coffee,20,1,16 - 500 g tins,0,Beverages,Leka Trading,Singapore,Robert King,Sales Representative,Speedy Express,586.5
10507,48,12.75,15,0.15,ANTON,7,1997-04-15,1997-05-13,1997-04-22,47.45,México D.F.,Mexico,Antonio Moreno Taquería,Antonio Moreno,México D.F.,Mexico,Chocolade,22,3,10 pkgs.,0,Confections,Zaanse Snoepfabriek,Netherlands,Robert King,Sales Representative,Speedy Express,162.56
10508,13,6.0,10,0.0,OTTIK,1,1997-04-16,1997-05-14,1997-05-13,4.99,Köln,Germany,Ottilies Käseladen,Henriette Pfalzheim,Köln,Germany,Konbu,6,8,2 kg box,0,Seafood,Mayumi's,Japan,Nancy Davolio,Sales Representative,United Package,60.0
10508,39,18.0,10,0.0,OTTIK,1,1997-04-16,1997-05-14,1997-05-13,4.99,Köln,Germany,Ottilies Käseladen,Henriette Pfalzheim,Köln,Germany,Chartreuse verte,18,1,750 cc per bottle,0,Beverages,Aux joyeux ecclésiastiques,France,Nancy Davolio,Sales Representative,United Package,180.0
10509,28,45.6,3,0.0,BLAUS,4,1997-04-17,1997-05-15,1997-04-29,0.15,Mannheim,Germany,Blauer See Delikatessen,Hanna Moos,Mannheim,Germany,Rössle Sauerkraut,12,7,25 - 825 g cans,1,Produce,Plutzer Lebensmittelgroßmärkte AG,Germany,Margaret Peacock,Sales Representative,Speedy Express,136.8
10510,29,123.79,36,0.0,SAVEA,6,1997-04-18,1997-05-16,1997-04-28,367.63,Boise,USA,Save-a-lot Markets,Jose Pavarotti,Boise,USA,Thüringer Rostbratwurst,12,6,50 bags x 30 sausgs.,1,Meat/Poultry,Plutzer Lebensmittelgroßmärkte AG,Germany,Michael Suyama,Sales Representative,Federal Shipping,4456.44
10510,75,7.75,36,0.1,SAVEA,6,1997-04-18,1997-05-16,1997-04-28,367.63,Boise,USA,Save-a-lot Markets,Jose Pavarotti,Boise,USA,Rhönbräu Klosterbier,12,1,24 - 0.5 l bottles,0,Beverages,Plutzer Lebensmittelgroßmärkte AG,Germany,Michael Suyama,Sales Representative,Federal Shipping,251.1
10511,4,22.0,50,0.15,BONAP,4,1997-04-18,1997-05-16,1997-04-21,350.64,Marseille,France,Bon app',Laurence Lebihan,Marseille,France,Chef Anton's Cajun Seasoning,2,2,48 - 6 oz jars,0,Condiments,New Orleans Cajun Delights,USA,Margaret Peacock,Sales Representative,Federal Shipping,935.0
10511,7,30.0,50,0.15,BONAP,4,1997-04-18,1997-05-16,1997-04-21,350.64,Marseille,France,Bon app',Laurence Lebihan,Marseille,France,Uncle Bob's Organic Dried Pears,3,7,12 - 1 lb pkgs.,0,Produce,Grandma Kelly's Homestead,USA,Margaret Peacock,Sales Representative,Federal Shipping,1275.0
10511,8,40.0,10,0.15,BONAP,4,1997-04-18,1997-05-16,1997-04-21,350.64,Marseille,France,Bon app',Laurence Lebihan,Marseille,France,Northwoods Cranberry Sauce,3,2,12 - 12 oz jars,0,Condiments,Grandma Kelly's Homestead,USA,Margaret Peacock,Sales Representative,Federal Shipping,340.0
10512,24,4.5,10,0.15,FAMIA,7,1997-04-21,1997-05-19,1997-04-24,3.53,Sao Paulo,Brazil,Familia Arquibaldo,Aria Cruz,Sao Paulo,Brazil,Guaraná Fantástica,10,1,12 - 355 ml cans,1,Beverages,Refrescos Americanas LTDA,Brazil,Robert King,Sales Representative,United Package,38.25
10512,46,12.0,9,0.15,FAMIA,7,1997-04-21,1997-05-19,1997-04-24,3.53,Sao Paulo,Brazil,Familia Arquibaldo,Aria Cruz,Sao Paulo,Brazil,Spegesild,21,8,4 - 450 g glasses,0,Seafood,Lyngbysild,Denmark,Robert King,Sales Representative,United Package,91.8
10512,47,9.5,6,0.15,FAMIA,7,1997-04-21,1997-05-19,1997-04-24,3.53,Sao Paulo,Brazil,Familia Arquibaldo,Aria Cruz,Sao Paulo,Brazil,Zaanse koeken,22,3,10 - 4 oz boxes,0,Confections,Zaanse Snoepfabriek,Netherlands,Robert King,Sales Representative,United Package,48.45
10512,60,34.0,12,0.15,FAMIA,7,1997-04-21,1997-05-19,1997-04-24,3.53,Sao Paulo,Brazil,Familia Arquibaldo,Aria Cruz,Sao Paulo,Brazil,Camembert Pierrot,28,4,15 - 300 g rounds,0,Dairy Products,Gai pâturage,France,Robert King,Sales Representative,United Package,346.8
10513,21,10.0,40,0.2,WANDK,7,1997-04-22,1997-06-03,1997-04-28,105.65,Stuttgart,Germany,Die Wandernde Kuh,Rita Müller,Stuttgart,Germany,Sir Rodney's Scones,8,3,24 pkgs. x 4 pieces,0,Confections,Specialty Biscuits Ltd.,UK,Robert King,Sales Representative,Speedy Express,320.0
10513,32,32.0,50,0.2,WANDK,7,1997-04-22,1997-06-03,1997-04-28,105.65,Stuttgart,Germany,Die Wandernde Kuh,Rita Müller,Stuttgart,Germany,Mascarpone Fabioli,14,4,24 - 200 g pkgs.,0,Dairy Products,Formaggi Fortini s.r.l.,Italy,Robert King,Sales Representative,Speedy Express,1280.0
10513,61,28.5,15,0.2,WANDK,7,1997-04-22,1997-06-03,1997-04-28,105.65,Stuttgart,Germany,Die Wandernde Kuh,Rita Müller,Stuttgart,Germany,Sirop d'érable,29,2,24 - 500 ml bottles,0,Condiments,Forêts d'érables,Canada,Robert King,Sales Representative,Speedy Express,342.0
10514,20,81.0,39,0.0,ERNSH,3,1997-04-22,1997-05-20,1997-05-16,789.95,Graz,Austria,Ernst Handel,Roland Mendel,Graz,Austria,Sir Rodney's Marmalade,8,3,30 gift boxes,0,Confections,Specialty Biscuits Ltd.,UK,Janet Leverling,Sales Representative,United Package,3159.0
10514,28,45.6,35,0.0,ERNSH,3,1997-04-22,1997-05-20,1997-05-16,789.95,Graz,Austria,Ernst Handel,Roland Mendel,Graz,Austria,Rössle Sauerkraut,12,7,25 - 825 g cans,1,Produce,Plutzer Lebensmittelgroßmärkte AG,Germany,Janet Leverling,Sales Representative,United Package,1596.0
10514,56,38.0,70,0.0,ERNSH,3,1997-04-22,1997-05-20,1997-05-16,789.95,Graz,Austria,Ernst Handel,Roland Mendel,Graz,Austria,Gnocchi di nonna Alice,26,5,24 - 250 g pkgs.,0,Grains/Cereals,Pasta Buttini s.r.l.,Italy,Janet Leverling,Sales Representative,United Package,2660.0
10514,65,21.05,39,0.0,ERNSH,3,1997-04-22,1997-05-20,1997-05-16,789.95,Graz,Austria,Ernst Handel,Roland Mendel,Graz,Austria,Louisiana Fiery Hot Pepper Sauce,2,2,32 - 8 oz bottles,0,Condiments,New Orleans Cajun Delights,USA,Janet Leverling,Sales Representative,United Package,820.95
10514,75,7.75,50,0.0,ERNSH,3,1997-04-22,1997-05-20,1997-05-16,789.95,Graz,Austria,Ernst Handel,Roland Mendel,Graz,Austria,Rhönbräu Klosterbier,12,1,24 - 0.5 l bottles,0,Beverages,Plutzer Lebensmittelgroßmärkte AG,Germany,Janet Leverling,Sales Representative,United Package,387.5
10515,9,97.0,16,0.15,QUICK,2,1997-04-23,1997-05-07,1997-05-23,204.47,Cunewalde,Germany,QUICK-Stop,Horst Kloss,Cunewalde,Germany,Mishi Kobe Niku,4,6,18 - 500 g pkgs.,1,Meat/Poultry,Tokyo Traders,Japan,Andrew Fuller,Vice President Sales,Speedy Express,1319.2
10515,16,17.45,50,0.0,QUICK,2,1997-04-23,1997-05-07,1997-05-23,204.47,Cunewalde,Germany,QUICK-Stop,Horst Kloss,Cunewalde,Germany,Pavlova,7,3,32 - 500 g boxes,0,Confections,Pavlova Ltd.,Australia,Andrew Fuller,Vice President Sales,Speedy Express,872.5
10515,27,43.9,120,0.0,QUICK,2,1997-04-23,1997-05-07,1997-05-23,204.47,Cunewalde,Germany,QUICK-Stop,Horst Kloss,Cunewalde,Germany,Schoggi Schokolade,11,3,100 - 100 g pieces,0,Confections,Heli Süßwaren GmbH & Co. KG,Germany,Andrew Fuller,Vice President Sales,Speedy Express,5268.0
10515,33,2.5,16,0.15,QUICK,2,1997-04-23,1997-05-07,1997-05-23,204.47,Cunewalde,Germany,QUICK-Stop,Horst Kloss,Cunewalde,Germany,Geitost,15,4,500 g,0,Dairy Products,Norske Meierier,Norway,Andrew Fuller,Vice President Sales,Speedy Express,34.0
10515,60,34.0,84,0.15,QUICK,2,1997-04-23,1997-05-07,1997-05-23,204.47,Cunewalde,Germany,QUICK-Stop,Horst Kloss,Cunewalde,Germany,Camembert Pierrot,28,4,15 - 300 g rounds,0,Dairy Products,Gai pâturage,France,Andrew Fuller,Vice President Sales,Speedy Express,2427.6
10516,18,62.5,25,0.1,HUNGO,2,1997-04-24,1997-05-22,1997-05-01,62.78,Cork,Ireland,Hungry Owl All-Night Grocers,Patricia McKenna,Cork,Ireland,Carnarvon Tigers,7,8,16 kg pkg.,0,Seafood,Pavlova Ltd.,Australia,Andrew Fuller,Vice President Sales,Federal Shipping,1406.25
10516,41,9.65,80,0.1,HUNGO,2,1997-04-24,1997-05-22,1997-05-01,62.78,Cork,Ireland,Hungry Owl All-Night Grocers,Patricia McKenna,Cork,Ireland,Jack's New England Clam Chowder,19,8,12 - 12 oz cans,0,Seafood,New England Seafood Cannery,USA,Andrew Fuller,Vice President Sales,Federal Shipping,694.8
10516,42,14.0,20,0.0,HUNGO,2,1997-04-24,1997-05-22,1997-05-01,62.78,Cork,Ireland,Hungry Owl All-Night Grocers,Patricia McKenna,Cork,Ireland,Singaporean Hokkien Fried Mee,20,5,32 - 1 kg pkgs.,1,Grains/Cereals,Leka Trading,Singapore,Andrew Fuller,Vice President Sales,Federal Shipping,280.0
10517,52,7.0,6,0.0,NORTS,3,1997-04-24,1997-05-22,1997-04-29,32.07,London,UK,North/South,Simon Crowther,London,UK,Filo Mix,24,5,16 - 2 kg boxes,0,Grains/Cereals,G'day Mate,Australia,Janet Leverling,Sales Representative,Federal Shipping,42.0
10517,59,55.0,4,0.0,NORTS,3,1997-04-24,1997-05-22,1997-04-29,32.07,London,UK,North/South,Simon Crowther,London,UK,Raclette Courdavault,28,4,5 kg pkg.,0,Dairy Products,Gai pâturage,France,Janet Leverling,Sales Representative,Federal Shipping,220.0
10517,70,15.0,6,0.0,NORTS,3,1997-04-24,1997-05-22,1997-04-29,32.07,London,UK,North/South,Simon Crowther,London,UK,Outback Lager,7,1,24 - 355 ml bottles,0,Beverages,Pavlova Ltd.,Australia,Janet Leverling,Sales Representative,Federal Shipping,90.0
10518,24,4.5,5,0.0,TORTU,4,1997-04-25,1997-05-09,1997-05-05,218.15,México D.F.,Mexico,Tortuga Restaurante,Miguel Angel Paolino,México D.F.,Mexico,Guaraná Fantástica,10,1,12 - 355 ml cans,1,Beverages,Refrescos Americanas LTDA,Brazil,Margaret Peacock,Sales Representative,United Package,22.5
10518,38,263.5,15,0.0,TORTU,4,1997-04-25,1997-05-09,1997-05-05,218.15,México D.F.,Mexico,Tortuga Restaurante,Miguel Angel Paolino,México D.F.,Mexico,Côte de Blaye,18,1,12 - 75 cl bottles,0,Beverages,Aux joyeux ecclésiastiques,France,Margaret Peacock,Sales Representative,United Package,3952.5
10518,44,19.45,9,0.0,TORTU,4,1997-04-25,1997-05-09,1997-05-05,218.15,México D.F.,Mexico,Tortuga Restaurante,Miguel Angel Paolino,México D.F.,Mexico,Gula Malacca,20,2,20 - 2 kg bags,0,Condiments,Leka Trading,Singapore,Margaret Peacock,Sales Representative,United Package,175.05
10519,10,31.0,16,0.05,CHOPS,6,1997-04-28,1997-05-26,1997-05-01,91.76,Bern,Switzerland,Chop-suey Chinese,Yang Wang,Bern,Switzerland,Ikura,4,8,12 - 200 ml jars,0,Seafood,Tokyo Traders,Japan,Michael Suyama,Sales Representative,Federal Shipping,471.2
10519,56,38.0,40,0.0,CHOPS,6,1997-04-28,1997-05-26,1997-05-01,91.76,Bern,Switzerland,Chop-suey Chinese,Yang Wang,Bern,Switzerland,Gnocchi di nonna Alice,26,5,24 - 250 g pkgs.,0,Grains/Cereals,Pasta Buttini s.r.l.,Italy,Michael Suyama,Sales Representative,Federal Shipping,1520.0
10519,60,34.0,10,0.05,CHOPS,6,1997-04-28,1997-05-26,1997-05-01,91.76,Bern,Switzerland,Chop-suey Chinese,Yang Wang,Bern,Switzerland,Camembert Pierrot,28,4,15 - 300 g rounds,0,Dairy Products,Gai pâturage,France,Michael Suyama,Sales Representative,Federal Shipping,323.0
10520,24,4.5,8,0.0,SANTG,7,1997-04-29,1997-05-27,1997-05-01,13.37,Stavern,Norway,Santé Gourmet,Jonas Bergulfsen,Stavern,Norway,Guaraná Fantástica,10,1,12 - 355 ml cans,1,Beverages,Refrescos Americanas LTDA,Brazil,Robert King,Sales Representative,Speedy Express,36.0
10520,53,32.8,5,0.0,SANTG,7,1997-04-29,1997-05-27,1997-05-01,13.37,Stavern,Norway,Santé Gourmet,Jonas Bergulfsen,Stavern,Norway,Perth Pasties,24,6,48 pieces,1,Meat/Poultry,G'day Mate,Australia,Robert King,Sales Representative,Speedy Express,164.0
10521,35,18.0,3,0.0,CACTU,8,1997-04-29,1997-05-27,1997-05-02,17.22,Buenos Aires,Argentina,Cactus Comidas para llevar,Patricio Simpson,Buenos Aires,Argentina,Steeleye Stout,16,1,24 - 12 oz bottles,0,Beverages,Bigfoot Breweries,USA,Laura Callahan,Inside Sales Coordinator,United Package,54.0
10521,41,9.65,10,0.0,CACTU,8,1997-04-29,1997-05-27,1997-05-02,17.22,Buenos Aires,Argentina,Cactus Comidas para llevar,Patricio Simpson,Buenos Aires,Argentina,Jack's New England Clam Chowder,19,8,12 - 12 oz cans,0,Seafood,New England Seafood Cannery,USA,Laura Callahan,Inside Sales Coordinator,United Package,96.5
10521,68,12.5,6,0.0,CACTU,8,1997-04-29,1997-05-27,1997-05-02,17.22,Buenos Aires,Argentina,Cactus Comidas para llevar,Patricio Simpson,Buenos Aires,Argentina,Scottish Longbreads,8,3,10 boxes x 8 pieces,0,Confections,Specialty Biscuits Ltd.,UK,Laura Callahan,Inside Sales Coordinator,United Package,75.0
10522,1,18.0,40,0.2,LEHMS,4,1997-04-30,1997-05-28,1997-05-06,45.33,Frankfurt a.M.,Germany,Lehmanns Marktstand,Renate Messner,Frankfurt a.M.,Germany,Chai,1,1,10 boxes x 20 bags,0,Beverages,Exotic Liquids,UK,Margaret Peacock,Sales Representative,Speedy Express,576.0
10522,8,40.0,24,0.0,LEHMS,4,1997-04-30,1997-05-28,1997-05-06,45.33,Frankfurt a.M.,Germany,Lehmanns Marktstand,Renate Messner,Frankfurt a.M.,Germany,Northwoods Cranberry Sauce,3,2,12 - 12 oz jars,0,Condiments,Grandma Kelly's Homestead,USA,Margaret Peacock,Sales Representative,Speedy Express,960.0
10522,30,25.89,20,0.2,LEHMS,4,1997-04-30,1997-05-28,1997-05-06,45.33,Frankfurt a.M.,Germany,Lehmanns Marktstand,Renate Messner,Frankfurt a.M.,Germany,Nord-Ost Matjeshering,13,8,10 - 200 g glasses,0,Seafood,Nord-Ost-Fisch Handelsgesellschaft mbH,Germany,Margaret Peacock,Sales Representative,Speedy Express,414.24
10522,40,18.4,25,0.2,LEHMS,4,1997-04-30,1997-05-28,1997-05-06,45.33,Frankfurt a.M.,Germany,Lehmanns Marktstand,Renate Messner,Frankfurt a.M.,Germany,Boston Crab Meat,19,8,24 - 4 oz tins,0,Seafood,New England Seafood Cannery,USA,Margaret Peacock,Sales Representative,Speedy Express,368.0
10523,17,39.0,25,0.1,SEVES,7,1997-05-01,1997-05-29,1997-05-30,77.63,London,UK,Seven Seas Imports,Hari Kumar,London,UK,Alice Mutton,7,6,20 - 1 kg tins,1,Meat/Poultry,Pavlova Ltd.,Australia,Robert King,Sales Representative,United Package,877.5
10523,20,81.0,15,0.1,SEVES,7,1997-05-01,1997-05-29,1997-05-30,77.63,London,UK,Seven Seas Imports,Hari Kumar,London,UK,Sir Rodney's Marmalade,8,3,30 gift boxes,0,Confections,Specialty Biscuits Ltd.,UK,Robert King,Sales Representative,United Package,1093.5
10523,37,26.0,18,0.1,SEVES,7,1997-05-01,1997-05-29,1997-05-30,77.63,London,UK,Seven Seas Imports,Hari Kumar,London,UK,Gravad lax,17,8,12 - 500 g pkgs.,0,Seafood,Svensk Sjöföda AB,Sweden,Robert King,Sales Representative,United Package,421.2
10523,41,9.65,6,0.1,SEVES,7,1997-05-01,1997-05-29,1997-05-30,77.63,London,UK,Seven Seas Imports,Hari Kumar,London,UK,Jack's New England Clam Chowder,19,8,12 - 12 oz cans,0,Seafood,New England Seafood Cannery,USA,Robert King,Sales Representative,United Package,52.11
10524,10,31.0,2,0.0,BERGS,1,1997-05-01,1997-05-29,1997-05-07,244.79,Luleå,Sweden,Berglunds snabbköp,Christina Berglund,Luleå,Sweden,Ikura,4,8,12 - 200 ml jars,0,Seafood,Tokyo Traders,Japan,Nancy Davolio,Sales Representative,United Package,62.0
10524,30,25.89,10,0.0,BERGS,1,1997-05-01,1997-05-29,1997-05-07,244.79,Luleå,Sweden,Berglunds snabbköp,Christina Berglund,Luleå,Sweden,Nord-Ost Matjeshering,13,8,10 - 200 g glasses,0,Seafood,Nord-Ost-Fisch Handelsgesellschaft mbH,Germany,Nancy Davolio,Sales Representative,United Package,258.9
10524,43,46.0,60,0.0,BERGS,1,1997-05-01,1997-05-29,1997-05-07,244.79,Luleå,Sweden,Berglunds snabbköp,Christina Berglund,Luleå,Sweden,Ipoh Coffee,20,1,16 - 500 g tins,0,Beverages,Leka Trading,Singapore,Nancy Davolio,Sales Representative,United Package,2760.0
10524,54,7.45,15,0.0,BERGS,1,1997-05-01,1997-05-29,1997-05-07,244.79,Luleå,Sweden,Berglunds snabbköp,Christina Berglund,Luleå,Sweden,Tourtière,25,6,16 pies,0,Meat/Poultry,Ma Maison,Canada,Nancy Davolio,Sales Representative,United Package,111.75
10525,36,19.0,30,0.0,BONAP,1,1997-05-02,1997-05-30,1997-05-23,11.06,Marseille,France,Bon app',Laurence Lebihan,Marseille,France,Inlagd Sill,17,8,24 - 250 g  jars,0,Seafood,Svensk Sjöföda AB,Sweden,Nancy Davolio,Sales Representative,United Package,570.0
10525,40,18.4,15,0.1,BONAP,1,1997-05-02,1997-05-30,1997-05-23,11.06,Marseille,France,Bon app',Laurence Lebihan,Marseille,France,Boston Crab Meat,19,8,24 - 4 oz tins,0,Seafood,New England Seafood Cannery,USA,Nancy Davolio,Sales Representative,United Package,248.4
10526,1,18.0,8,0.15,WARTH,4,1997-05-05,1997-06-02,1997-05-15,58.59,Oulu,Finland,Wartian Herkku,Pirkko Koskitalo,Oulu,Finland,Chai,1,1,10 boxes x 20 bags,0,Beverages,Exotic Liquids,UK,Margaret Peacock,Sales Representative,United Package,122.4
10526,13,6.0,10,0.0,WARTH,4,1997-05-05,1997-06-02,1997-05-15,58.59,Oulu,Finland,Wartian Herkku,Pirkko Koskitalo,Oulu,Finland,Konbu,6,8,2 kg box,0,Seafood,Mayumi's,Japan,Margaret Peacock,Sales Representative,United Package,60.0
10526,56,38.0,30,0.15,WARTH,4,1997-05-05,1997-06-02,1997-05-15,58.59,Oulu,Finland,Wartian Herkku,Pirkko Koskitalo,Oulu,Finland,Gnocchi di nonna Alice,26,5,24 - 250 g pkgs.,0,Grains/Cereals,Pasta Buttini s.r.l.,Italy,Margaret Peacock,Sales Representative,United Package,969.0
10527,4,22.0,50,0.1,QUICK,7,1997-05-05,1997-06-02,1997-05-07,41.9,Cunewalde,Germany,QUICK-Stop,Horst Kloss,Cunewalde,Germany,Chef Anton's Cajun Seasoning,2,2,48 - 6 oz jars,0,Condiments,New Orleans Cajun Delights,USA,Robert King,Sales Representative,Speedy Express,990.0
10527,36,19.0,30,0.1,QUICK,7,1997-05-05,1997-06-02,1997-05-07,41.9,Cunewalde,Germany,QUICK-Stop,Horst Kloss,Cunewalde,Germany,Inlagd Sill,17,8,24 - 250 g  jars,0,Seafood,Svensk Sjöföda AB,Sweden,Robert King,Sales Representative,Speedy Express,513.0
10528,11,21.0,3,0.0,GREAL,6,1997-05-06,1997-05-20,1997-05-09,3.35,Eugene,USA,Great Lakes Food Market,Howard Snyder,Eugene,USA,Queso Cabrales,5,4,1 kg pkg.,0,Dairy Products,Cooperativa de Quesos 'Las Cabras',Spain,Michael Suyama,Sales Representative,United Package,63.0
10528,33,2.5,8,0.2,GREAL,6,1997-05-06,1997-05-20,1997-05-09,3.35,Eugene,USA,Great Lakes Food Market,Howard Snyder,Eugene,USA,Geitost,15,4,500 g,0,Dairy Products,Norske Meierier,Norway,Michael Suyama,Sales Representative,United Package,16.0
10528,72,34.8,9,0.0,GREAL,6,1997-05-06,1997-05-20,1997-05-09,3.35,Eugene,USA,Great Lakes Food Market,Howard Snyder,Eugene,USA,Mozzarella di Giovanni,14,4,24 - 200 g pkgs.,0,Dairy Products,Formaggi Fortini s.r.l.,Italy,Michael Suyama,Sales Representative,United Package,313.2
10529,55,24.0,14,0.0,MAISD,5,1997-05-07,1997-06-04,1997-05-09,66.69,Bruxelles,Belgium,Maison Dewey,Catherine Dewey,Bruxelles,Belgium,Pâté chinois,25,6,24 boxes x 2 pies,0,Meat/Poultry,Ma Maison,Canada,Steven Buchanan,Sales Manager,United Package,336.0
10529,68,12.5,20,0.0,MAISD,5,1997-05-07,1997-06-04,1997-05-09,66.69,Bruxelles,Belgium,Maison Dewey,Catherine Dewey,Bruxelles,Belgium,Scottish Longbreads,8,3,10 boxes x 8 pieces,0,Confections,Specialty Biscuits Ltd.,UK,Steven Buchanan,Sales Manager,United Package,250.0
10529,69,36.0,10,0.0,MAISD,5,1997-05-07,1997-06-04,1997-05-09,66.69,Bruxelles,Belgium,Maison Dewey,Catherine Dewey,Bruxelles,Belgium,Gudbrandsdalsost,15,4,10 kg pkg.,0,Dairy Products,Norske Meierier,Norway,Steven Buchanan,Sales Manager,United Package,360.0
10530,17,39.0,40,0.0,PICCO,3,1997-05-08,1997-06-05,1997-05-12,339.22,Salzburg,Austria,Piccolo und mehr,Georg Pipps,Salzburg,Austria,Alice Mutton,7,6,20 - 1 kg tins,1,Meat/Poultry,Pavlova Ltd.,Australia,Janet Leverling,Sales Representative,United Package,1560.0
10530,43,46.0,25,0.0,PICCO,3,1997-05-08,1997-06-05,1997-05-12,339.22,Salzburg,Austria,Piccolo und mehr,Georg Pipps,Salzburg,Austria,Ipoh Coffee,20,1,16 - 500 g tins,0,Beverages,Leka Trading,Singapore,Janet Leverling,Sales Representative,United Package,1150.0
10530,61,28.5,20,0.0,PICCO,3,1997-05-08,1997-06-05,1997-05-12,339.22,Salzburg,Austria,Piccolo und mehr,Georg Pipps,Salzburg,Austria,Sirop d'érable,29,2,24 - 500 ml bottles,0,Condiments,Forêts d'érables,Canada,Janet Leverling,Sales Representative,United Package,570.0
10530,76,18.0,50,0.0,PICCO,3,1997-05-08,1997-06-05,1997-05-12,339.22,Salzburg,Austria,Piccolo und mehr,Georg Pipps,Salzburg,Austria,Lakkalikööri,23,1,500 ml,0,Beverages,Karkki Oy,Finland,Janet Leverling,Sales Representative,United Package,900.0
10531,59,55.0,2,0.0,OCEAN,7,1997-05-08,1997-06-05,1997-05-19,8.12,Buenos Aires,Argentina,Océano Atlántico Ltda.,Yvonne Moncada,Buenos Aires,Argentina,Raclette Courdavault,28,4,5 kg pkg.,0,Dairy Products,Gai pâturage,France,Robert King,Sales Representative,Speedy Express,110.0
10532,30,25.89,15,0.0,EASTC,7,1997-05-09,1997-06-06,1997-05-12,74.46,London,UK,Eastern Connection,Ann Devon,London,UK,Nord-Ost Matjeshering,13,8,10 - 200 g glasses,0,Seafood,Nord-Ost-Fisch Handelsgesellschaft mbH,Germany,Robert King,Sales Representative,Federal Shipping,388.35
10532,66,17.0,24,0.0,EASTC,7,1997-05-09,1997-06-06,1997-05-12,74.46,London,UK,Eastern Connection,Ann Devon,London,UK,Louisiana Hot Spiced Okra,2,2,24 - 8 oz jars,0,Condiments,New Orleans Cajun Delights,USA,Robert King,Sales Representative,Federal Shipping,408.0
10533,4,22.0,50,0.05,FOLKO,8,1997-05-12,1997-06-09,1997-05-22,188.04,Bräcke,Sweden,Folk och fä HB,Maria Larsson,Bräcke,Sweden,Chef Anton's Cajun Seasoning,2,2,48 - 6 oz jars,0,Condiments,New Orleans Cajun Delights,USA,Laura Callahan,Inside Sales Coordinator,Speedy Express,1045.0
10533,72,34.8,24,0.0,FOLKO,8,1997-05-12,1997-06-09,1997-05-22,188.04,Bräcke,Sweden,Folk och fä HB,Maria Larsson,Bräcke,Sweden,Mozzarella di Giovanni,14,4,24 - 200 g pkgs.,0,Dairy Products,Formaggi Fortini s.r.l.,Italy,Laura Callahan,Inside Sales Coordinator,Speedy Express,835.2
10533,73,15.0,24,0.05,FOLKO,8,1997-05-12,1997-06-09,1997-05-22,188.04,Bräcke,Sweden,Folk och fä HB,Maria Larsson,Bräcke,Sweden,Röd Kaviar,17,8,24 - 150 g jars,0,Seafood,Svensk Sjöföda AB,Sweden,Laura Callahan,Inside Sales Coordinator,Speedy Express,342.0
10534,30,25.89,10,0.0,LEHMS,8,1997-05-12,1997-06-09,1997-05-14,27.94,Frankfurt a.M.,Germany,Lehmanns Marktstand,Renate Messner,Frankfurt a.M.,Germany,Nord-Ost Matjeshering,13,8,10 - 200 g glasses,0,Seafood,Nord-Ost-Fisch Handelsgesellschaft mbH,Germany,Laura Callahan,Inside Sales Coordinator,United Package,258.9
10534,40,18.4,10,0.2,LEHMS,8,1997-05-12,1997-06-09,1997-05-14,27.94,Frankfurt a.M.,Germany,Lehmanns Marktstand,Renate Messner,Frankfurt a.M.,Germany,Boston Crab Meat,19,8,24 - 4 oz tins,0,Seafood,New England Seafood Cannery,USA,Laura Callahan,Inside Sales Coordinator,United Package,147.2
10534,54,7.45,10,0.2,LEHMS,8,1997-05-12,1997-06-09,1997-05-14,27.94,Frankfurt a.M.,Germany,Lehmanns Marktstand,Renate Messner,Frankfurt a.M.,Germany,Tourtière,25,6,16 pies,0,Meat/Poultry,Ma Maison,Canada,Laura Callahan,Inside Sales Coordinator,United Package,59.6
10535,11,21.0,50,0.1,ANTON,4,1997-05-13,1997-06-10,1997-05-21,15.64,México D.F.,Mexico,Antonio Moreno Taquería,Antonio Moreno,México D.F.,Mexico,Queso Cabrales,5,4,1 kg pkg.,0,Dairy Products,Cooperativa de Quesos 'Las Cabras',Spain,Margaret Peacock,Sales Representative,Speedy Express,945.0
10535,40,18.4,10,0.1,ANTON,4,1997-05-13,1997-06-10,1997-05-21,15.64,México D.F.,Mexico,Antonio Moreno Taquería,Antonio Moreno,México D.F.,Mexico,Boston Crab Meat,19,8,24 - 4 oz tins,0,Seafood,New England Seafood Cannery,USA,Margaret Peacock,Sales Representative,Speedy Express,165.6
10535,57,19.5,5,0.1,ANTON,4,1997-05-13,1997-06-10,1997-05-21,15.64,México D.F.,Mexico,Antonio Moreno Taquería,Antonio Moreno,México D.F.,Mexico,Ravioli Angelo,26,5,24 - 250 g pkgs.,0,Grains/Cereals,Pasta Buttini s.r.l.,Italy,Margaret Peacock,Sales Representative,Speedy Express,87.75
10535,59,55.0,15,0.1,ANTON,4,1997-05-13,1997-06-10,1997-05-21,15.64,México D.F.,Mexico,Antonio Moreno Taquería,Antonio Moreno,México D.F.,Mexico,Raclette Courdavault,28,4,5 kg pkg.,0,Dairy Products,Gai pâturage,France,Margaret Peacock,Sales Representative,Speedy Express,742.5
10536,12,38.0,15,0.25,LEHMS,3,1997-05-14,1997-06-11,1997-06-06,58.88,Frankfurt a.M.,Germany,Lehmanns Marktstand,Renate Messner,Frankfurt a.M.,Germany,Queso Manchego La Pastora,5,4,10 - 500 g pkgs.,0,Dairy Products,Cooperativa de Quesos 'Las Cabras',Spain,Janet Leverling,Sales Representative,United Package,427.5
10536,31,12.5,20,0.0,LEHMS,3,1997-05-14,1997-06-11,1997-06-06,58.88,Frankfurt a.M.,Germany,Lehmanns Marktstand,Renate Messner,Frankfurt a.M.,Germany,Gorgonzola Telino,14,4,12 - 100 g pkgs,0,Dairy Products,Formaggi Fortini s.r.l.,Italy,Janet Leverling,Sales Representative,United Package,250.0
10536,33,2.5,30,0.0,LEHMS,3,1997-05-14,1997-06-11,1997-06-06,58.88,Frankfurt a.M.,Germany,Lehmanns Marktstand,Renate Messner,Frankfurt a.M.,Germany,Geitost,15,4,500 g,0,Dairy Products,Norske Meierier,Norway,Janet Leverling,Sales Representative,United Package,75.0
10536,60,34.0,35,0.25,LEHMS,3,1997-05-14,1997-06-11,1997-06-06,58.88,Frankfurt a.M.,Germany,Lehmanns Marktstand,Renate Messner,Frankfurt a.M.,Germany,Camembert Pierrot,28,4,15 - 300 g rounds,0,Dairy Products,Gai pâturage,France,Janet Leverling,Sales Representative,United Package,892.5
10537,31,12.5,30,0.0,RICSU,1,1997-05-14,1997-05-28,1997-05-19,78.85,Genève,Switzerland,Richter Supermarkt,Michael Holz,Genève,Switzerland,Gorgonzola Telino,14,4,12 - 100 g pkgs,0,Dairy Products,Formaggi Fortini s.r.l.,Italy,Nancy Davolio,Sales Representative,Speedy Express,375.0
10537,51,53.0,6,0.0,RICSU,1,1997-05-14,1997-05-28,1997-05-19,78.85,Genève,Switzerland,Richter Supermarkt,Michael Holz,Genève,Switzerland,Manjimup Dried Apples,24,7,50 - 300 g pkgs.,0,Produce,G'day Mate,Australia,Nancy Davolio,Sales Representative,Speedy Express,318.0
10537,58,13.25,20,0.0,RICSU,1,1997-05-14,1997-05-28,1997-05-19,78.85,Genève,Switzerland,Richter Supermarkt,Michael Holz,Genève,Switzerland,Escargots de Bourgogne,27,8,24 pieces,0,Seafood,Escargots Nouveaux,France,Nancy Davolio,Sales Representative,Speedy Express,265.0
10537,72,34.8,21,0.0,RICSU,1,1997-05-14,1997-05-28,1997-05-19,78.85,Genève,Switzerland,Richter Supermarkt,Michael Holz,Genève,Switzerland,Mozzarella di Giovanni,14,4,24 - 200 g pkgs.,0,Dairy Products,Formaggi Fortini s.r.l.,Italy,Nancy Davolio,Sales Representative,Speedy Express,730.8
10537,73,15.0,9,0.0,RICSU,1,1997-05-14,1997-05-28,1997-05-19,78.85,Genève,Switzerland,Richter Supermarkt,Michael Holz,Genève,Switzerland,Röd Kaviar,17,8,24 - 150 g jars,0,Seafood,Svensk Sjöföda AB,Sweden,Nancy Davolio,Sales Representative,Speedy Express,135.0
10538,70,15.0,7,0.0,BSBEV,9,1997-05-15,1997-06-12,1997-05-16,4.87,London,UK,B's Beverages,Victoria Ashworth,London,UK,Outback Lager,7,1,24 - 355 ml bottles,0,Beverages,Pavlova Ltd.,Australia,Anne Dodsworth,Sales Representative,Federal Shipping,105.0
10538,72,34.8,1,0.0,BSBEV,9,1997-05-15,1997-06-12,1997-05-16,4.87,London,UK,B's Beverages,Victoria Ashworth,London,UK,Mozzarella di Giovanni,14,4,24 - 200 g pkgs.,0,Dairy Products,Formaggi Fortini s.r.l.,Italy,Anne Dodsworth,Sales Representative,Federal Shipping,34.8
10539,13,6.0,8,0.0,BSBEV,6,1997-05-16,1997-06-13,1997-05-23,12.36,London,UK,B's Beverages,Victoria Ashworth,London,UK,Konbu,6,8,2 kg box,0,Seafood,Mayumi's,Japan,Michael Suyama,Sales Representative,Federal Shipping,48.0
10539,21,10.0,15,0.0,BSBEV,6,1997-05-16,1997-06-13,1997-05-23,12.36,London,UK,B's Beverages,Victoria Ashworth,London,UK,Sir Rodney's Scones,8,3,24 pkgs. x 4 pieces,0,Confections,Specialty Biscuits Ltd.,UK,Michael Suyama,Sales Representative,Federal Shipping,150.0
10539,33,2.5,15,0.0,BSBEV,6,1997-05-16,1997-06-13,1997-05-23,12.36,London,UK,B's Beverages,Victoria Ashworth,London,UK,Geitost,15,4,500 g,0,Dairy Products,Norske Meierier,Norway,Michael Suyama,Sales Representative,Federal Shipping,37.5
10539,49,20.0,6,0.0,BSBEV,6,1997-05-16,1997-06-13,1997-05-23,12.36,London,UK,B's Beverages,Victoria Ashworth,London,UK,Maxilaku,23,3,24 - 50 g pkgs.,0,Confections,Karkki Oy,Finland,Michael Suyama,Sales Representative,Federal Shipping,120.0
10540,3,10.0,60,0.0,QUICK,3,1997-05-19,1997-06-16,1997-06-13,1007.64,Cunewalde,Germany,QUICK-Stop,Horst Kloss,Cunewalde,Germany,Aniseed Syrup,1,2,12 - 550 ml bottles,0,Condiments,Exotic Liquids,UK,Janet Leverling,Sales Representative,Federal Shipping,600.0
10540,26,31.23,40,0.0,QUICK,3,1997-05-19,1997-06-16,1997-06-13,1007.64,Cunewalde,Germany,QUICK-Stop,Horst Kloss,Cunewalde,Germany,Gumbär Gummibärchen,11,3,100 - 250 g bags,0,Confections,Heli Süßwaren GmbH & Co. KG,Germany,Janet Leverling,Sales Representative,Federal Shipping,1249.2
10540,38,263.5,30,0.0,QUICK,3,1997-05-19,1997-06-16,1997-06-13,1007.64,Cunewalde,Germany,QUICK-Stop,Horst Kloss,Cunewalde,Germany,Côte de Blaye,18,1,12 - 75 cl bottles,0,Beverages,Aux joyeux ecclésiastiques,France,Janet Leverling,Sales Representative,Federal Shipping,7905.0
10540,68,12.5,35,0.0,QUICK,3,1997-05-19,1997-06-16,1997-06-13,1007.64,Cunewalde,Germany,QUICK-Stop,Horst Kloss,Cunewalde,Germany,Scottish Longbreads,8,3,10 boxes x 8 pieces,0,Confections,Specialty Biscuits Ltd.,UK,Janet Leverling,Sales Representative,Federal Shipping,437.5
10541,24,4.5,35,0.1,HANAR,2,1997-05-19,1997-06-16,1997-05-29,68.65,Rio de Janeiro,Brazil,Hanari Carnes,Mario Pontes,Rio de Janeiro,Brazil,Guaraná Fantástica,10,1,12 - 355 ml cans,1,Beverages,Refrescos Americanas LTDA,Brazil,Andrew Fuller,Vice President Sales,Speedy Express,141.75
10541,38,263.5,4,0.1,HANAR,2,1997-05-19,1997-06-16,1997-05-29,68.65,Rio de Janeiro,Brazil,Hanari Carnes,Mario Pontes,Rio de Janeiro,Brazil,Côte de Blaye,18,1,12 - 75 cl bottles,0,Beverages,Aux joyeux ecclésiastiques,France,Andrew Fuller,Vice President Sales,Speedy Express,948.6
10541,65,21.05,36,0.1,HANAR,2,1997-05-19,1997-06-16,1997-05-29,68.65,Rio de Janeiro,Brazil,Hanari Carnes,Mario Pontes,Rio de Janeiro,Brazil,Louisiana Fiery Hot Pepper Sauce,2,2,32 - 8 oz bottles,0,Condiments,New Orleans Cajun Delights,USA,Andrew Fuller,Vice President Sales,Speedy Express,682.02
10541,71,21.5,9,0.1,HANAR,2,1997-05-19,1997-06-16,1997-05-29,68.65,Rio de Janeiro,Brazil,Hanari Carnes,Mario Pontes,Rio de Janeiro,Brazil,Flotemysost,15,4,10 - 500 g pkgs.,0,Dairy Products,Norske Meierier,Norway,Andrew Fuller,Vice President Sales,Speedy Express,174.15
10542,11,21.0,15,0.05,KOENE,1,1997-05-20,1997-06-17,1997-05-26,10.95,Brandenburg,Germany,Königlich Essen,Philip Cramer,Brandenburg,Germany,Queso Cabrales,5,4,1 kg pkg.,0,Dairy Products,Cooperativa de Quesos 'Las Cabras',Spain,Nancy Davolio,Sales Representative,Federal Shipping,299.25
10542,54,7.45,24,0.05,KOENE,1,1997-05-20,1997-06-17,1997-05-26,10.95,Brandenburg,Germany,Königlich Essen,Philip Cramer,Brandenburg,Germany,Tourtière,25,6,16 pies,0,Meat/Poultry,Ma Maison,Canada,Nancy Davolio,Sales Representative,Federal Shipping,169.86
10543,12,38.0,30,0.15,LILAS,8,1997-05-21,1997-06-18,1997-05-23,48.17,Barquisimeto,Venezuela,LILA-Supermercado,Carlos González,Barquisimeto,Venezuela,Queso Manchego La Pastora,5,4,10 - 500 g pkgs.,0,Dairy Products,Cooperativa de Quesos 'Las Cabras',Spain,Laura Callahan,Inside Sales Coordinator,United Package,969.0
10543,23,9.0,70,0.15,LILAS,8,1997-05-21,1997-06-18,1997-05-23,48.17,Barquisimeto,Venezuela,LILA-Supermercado,Carlos González,Barquisimeto,Venezuela,Tunnbröd,9,5,12 - 250 g pkgs.,0,Grains/Cereals,PB Knäckebröd AB,Sweden,Laura Callahan,Inside Sales Coordinator,United Package,535.5
10544,28,45.6,7,0.0,LONEP,4,1997-05-21,1997-06-18,1997-05-30,24.91,Portland,USA,Lonesome Pine Restaurant,Fran Wilson,Portland,USA,Rössle Sauerkraut,12,7,25 - 825 g cans,1,Produce,Plutzer Lebensmittelgroßmärkte AG,Germany,Margaret Peacock,Sales Representative,Speedy Express,319.2
10544,67,14.0,7,0.0,LONEP,4,1997-05-21,1997-06-18,1997-05-30,24.91,Portland,USA,Lonesome Pine Restaurant,Fran Wilson,Portland,USA,Laughing Lumberjack Lager,16,1,24 - 12 oz bottles,0,Beverages,Bigfoot Breweries,USA,Margaret Peacock,Sales Representative,Speedy Express,98.0
10545,11,21.0,10,0.0,LAZYK,8,1997-05-22,1997-06-19,1997-06-26,11.92,Walla Walla,USA,Lazy K Kountry Store,John Steel,Walla Walla,USA,Queso Cabrales,5,4,1 kg pkg.,0,Dairy Products,Cooperativa de Quesos 'Las Cabras',Spain,Laura Callahan,Inside Sales Coordinator,United Package,210.0
10546,7,30.0,10,0.0,VICTE,1,1997-05-23,1997-06-20,1997-05-27,194.72,Lyon,France,Victuailles en stock,Mary Saveley,Lyon,France,Uncle Bob's Organic Dried Pears,3,7,12 - 1 lb pkgs.,0,Produce,Grandma Kelly's Homestead,USA,Nancy Davolio,Sales Representative,Federal Shipping,300.0
10546,35,18.0,30,0.0,VICTE,1,1997-05-23,1997-06-20,1997-05-27,194.72,Lyon,France,Victuailles en stock,Mary Saveley,Lyon,France,Steeleye Stout,16,1,24 - 12 oz bottles,0,Beverages,Bigfoot Breweries,USA,Nancy Davolio,Sales Representative,Federal Shipping,540.0
10546,62,49.3,40,0.0,VICTE,1,1997-05-23,1997-06-20,1997-05-27,194.72,Lyon,France,Victuailles en stock,Mary Saveley,Lyon,France,Tarte au sucre,29,3,48 pies,0,Confections,Forêts d'érables,Canada,Nancy Davolio,Sales Representative,Federal Shipping,1972.0
10547,32,32.0,24,0.15,SEVES,3,1997-05-23,1997-06-20,1997-06-02,178.43,London,UK,Seven Seas Imports,Hari Kumar,London,UK,Mascarpone Fabioli,14,4,24 - 200 g pkgs.,0,Dairy Products,Formaggi Fortini s.r.l.,Italy,Janet Leverling,Sales Representative,United Package,652.8
10547,36,19.0,60,0.0,SEVES,3,1997-05-23,1997-06-20,1997-06-02,178.43,London,UK,Seven Seas Imports,Hari Kumar,London,UK,Inlagd Sill,17,8,24 - 250 g  jars,0,Seafood,Svensk Sjöföda AB,Sweden,Janet Leverling,Sales Representative,United Package,1140.0
10548,34,14.0,10,0.25,TOMSP,3,1997-05-26,1997-06-23,1997-06-02,1.43,Münster,Germany,Toms Spezialitäten,Karin Josephs,Münster,Germany,Sasquatch Ale,16,1,24 - 12 oz bottles,0,Beverages,Bigfoot Breweries,USA,Janet Leverling,Sales Representative,United Package,105.0
10548,41,9.65,14,0.0,TOMSP,3,1997-05-26,1997-06-23,1997-06-02,1.43,Münster,Germany,Toms Spezialitäten,Karin Josephs,Münster,Germany,Jack's New England Clam Chowder,19,8,12 - 12 oz cans,0,Seafood,New England Seafood Cannery,USA,Janet Leverling,Sales Representative,United Package,135.1
10549,31,12.5,55,0.15,QUICK,5,1997-05-27,1997-06-10,1997-05-30,171.24,Cunewalde,Germany,QUICK-Stop,Horst Kloss,Cunewalde,Germany,Gorgonzola Telino,14,4,12 - 100 g pkgs,0,Dairy Products,Formaggi Fortini s.r.l.,Italy,Steven Buchanan,Sales Manager,Speedy Express,584.38
10549,45,9.5,100,0.15,QUICK,5,1997-05-27,1997-06-10,1997-05-30,171.24,Cunewalde,Germany,QUICK-Stop,Horst Kloss,Cunewalde,Germany,Rogede sild,21,8,1k pkg.,0,Seafood,Lyngbysild,Denmark,Steven Buchanan,Sales Manager,Speedy Express,807.5
10549,51,53.0,48,0.15,QUICK,5,1997-05-27,1997-06-10,1997-05-30,171.24,Cunewalde,Germany,QUICK-Stop,Horst Kloss,Cunewalde,Germany,Manjimup Dried Apples,24,7,50 - 300 g pkgs.,0,Produce,G'day Mate,Australia,Steven Buchanan,Sales Manager,Speedy Express,2162.4
10550,17,39.0,8,0.1,GODOS,7,1997-05-28,1997-06-25,1997-06-06,4.32,Sevilla,Spain,Godos Cocina Típica,José Pedro Freyre,Sevilla,Spain,Alice Mutton,7,6,20 - 1 kg tins,1,Meat/Poultry,Pavlova Ltd.,Australia,Robert King,Sales Representative,Federal Shipping,280.8
10550,19,9.2,10,0.0,GODOS,7,1997-05-28,1997-06-25,1997-06-06,4.32,Sevilla,Spain,Godos Cocina Típica,José Pedro Freyre,Sevilla,Spain,Teatime Chocolate Biscuits,8,3,10 boxes x 12 pieces,0,Confections,Specialty Biscuits Ltd.,UK,Robert King,Sales Representative,Federal Shipping,92.0
10550,21,10.0,6,0.1,GODOS,7,1997-05-28,1997-06-25,1997-06-06,4.32,Sevilla,Spain,Godos Cocina Típica,José Pedro Freyre,Sevilla,Spain,Sir Rodney's Scones,8,3,24 pkgs. x 4 pieces,0,Confections,Specialty Biscuits Ltd.,UK,Robert King,Sales Representative,Federal Shipping,54.0
10550,61,28.5,10,0.1,GODOS,7,1997-05-28,1997-06-25,1997-06-06,4.32,Sevilla,Spain,Godos Cocina Típica,José Pedro Freyre,Sevilla,Spain,Sirop d'érable,29,2,24 - 500 ml bottles,0,Condiments,Forêts d'érables,Canada,Robert King,Sales Representative,Federal Shipping,256.5
10551,16,17.45,40,0.15,FURIB,4,1997-05-28,1997-07-09,1997-06-06,72.95,Lisboa,Portugal,Furia Bacalhau e Frutos do Mar,Lino Rodriguez,Lisboa,Portugal,Pavlova,7,3,32 - 500 g boxes,0,Confections,Pavlova Ltd.,Australia,Margaret Peacock,Sales Representative,Federal Shipping,593.3
10551,35,18.0,20,0.15,FURIB,4,1997-05-28,1997-07-09,1997-06-06,72.95,Lisboa,Portugal,Furia Bacalhau e Frutos do Mar,Lino Rodriguez,Lisboa,Portugal,Steeleye Stout,16,1,24 - 12 oz bottles,0,Beverages,Bigfoot Breweries,USA,Margaret Peacock,Sales Representative,Federal Shipping,306.0
10551,44,19.45,40,0.0,FURIB,4,1997-05-28,1997-07-09,1997-06-06,72.95,Lisboa,Portugal,Furia Bacalhau e Frutos do Mar,Lino Rodriguez,Lisboa,Portugal,Gula Malacca,20,2,20 - 2 kg bags,0,Condiments,Leka Trading,Singapore,Margaret Peacock,Sales Representative,Federal Shipping,778.0
10552,69,36.0,18,0.0,HILAA,2,1997-05-29,1997-06-26,1997-06-05,83.22,San Cristóbal,Venezuela,HILARION-Abastos,Carlos Hernández,San Cristóbal,Venezuela,Gudbrandsdalsost,15,4,10 kg pkg.,0,Dairy Products,Norske Meierier,Norway,Andrew Fuller,Vice President Sales,Speedy Express,648.0
10552,75,7.75,30,0.0,HILAA,2,1997-05-29,1997-06-26,1997-06-05,83.22,San Cristóbal,Venezuela,HILARION-Abastos,Carlos Hernández,San Cristóbal,Venezuela,Rhönbräu Klosterbier,12,1,24 - 0.5 l bottles,0,Beverages,Plutzer Lebensmittelgroßmärkte AG,Germany,Andrew Fuller,Vice President Sales,Speedy Express,232.5
10553,11,21.0,15,0.0,WARTH,2,1997-05-30,1997-06-27,1997-06-03,149.49,Oulu,Finland,Wartian Herkku,Pirkko Koskitalo,Oulu,Finland,Queso Cabrales,5,4,1 kg pkg.,0,Dairy Products,Cooperativa de Quesos 'Las Cabras',Spain,Andrew Fuller,Vice President Sales,United Package,315.0
10553,16,17.45,14,0.0,WARTH,2,1997-05-30,1997-06-27,1997-06-03,149.49,Oulu,Finland,Wartian Herkku,Pirkko Koskitalo,Oulu,Finland,Pavlova,7,3,32 - 500 g boxes,0,Confections,Pavlova Ltd.,Australia,Andrew Fuller,Vice President Sales,United Package,244.3
10553,22,21.0,24,0.0,WARTH,2,1997-05-30,1997-06-27,1997-06-03,149.49,Oulu,Finland,Wartian Herkku,Pirkko Koskitalo,Oulu,Finland,Gustaf's Knäckebröd,9,5,24 - 500 g pkgs.,0,Grains/Cereals,PB Knäckebröd AB,Sweden,Andrew Fuller,Vice President Sales,United Package,504.0
10553,31,12.5,30,0.0,WARTH,2,1997-05-30,1997-06-27,1997-06-03,149.49,Oulu,Finland,Wartian Herkku,Pirkko Koskitalo,Oulu,Finland,Gorgonzola Telino,14,4,12 - 100 g pkgs,0,Dairy Products,Formaggi Fortini s.r.l.,Italy,Andrew Fuller,Vice President Sales,United Package,375.0
10553,35,18.0,6,0.0,WARTH,2,1997-05-30,1997-06-27,1997-06-03,149.49,Oulu,Finland,Wartian Herkku,Pirkko Koskitalo,Oulu,Finland,Steeleye Stout,16,1,24 - 12 oz bottles,0,Beverages,Bigfoot Breweries,USA,Andrew Fuller,Vice President Sales,United Package,108.0
10554,16,17.45,30,0.05,OTTIK,4,1997-05-30,1997-06-27,1997-06-05,120.97,Köln,Germany,Ottilies Käseladen,Henriette Pfalzheim,Köln,Germany,Pavlova,7,3,32 - 500 g boxes,0,Confections,Pavlova Ltd.,Australia,Margaret Peacock,Sales Representative,Federal Shipping,497.32
10554,23,9.0,20,0.05,OTTIK,4,1997-05-30,1997-06-27,1997-06-05,120.97,Köln,Germany,Ottilies Käseladen,Henriette Pfalzheim,Köln,Germany,Tunnbröd,9,5,12 - 250 g pkgs.,0,Grains/Cereals,PB Knäckebröd AB,Sweden,Margaret Peacock,Sales Representative,Federal Shipping,171.0
10554,62,49.3,20,0.05,OTTIK,4,1997-05-30,1997-06-27,1997-06-05,120.97,Köln,Germany,Ottilies Käseladen,Henriette Pfalzheim,Köln,Germany,Tarte au sucre,29,3,48 pies,0,Confections,Forêts d'érables,Canada,Margaret Peacock,Sales Representative,Federal Shipping,936.7
10554,77,13.0,10,0.05,OTTIK,4,1997-05-30,1997-06-27,1997-06-05,120.97,Köln,Germany,Ottilies Käseladen,Henriette Pfalzheim,Köln,Germany,Original Frankfurter grüne Soße,12,2,12 boxes,0,Condiments,Plutzer Lebensmittelgroßmärkte AG,Germany,Margaret Peacock,Sales Representative,Federal Shipping,123.5
10555,14,23.25,30,0.2,SAVEA,6,1997-06-02,1997-06-30,1997-06-04,252.49,Boise,USA,Save-a-lot Markets,Jose Pavarotti,Boise,USA,Tofu,6,7,40 - 100 g pkgs.,0,Produce,Mayumi's,Japan,Michael Suyama,Sales Representative,Federal Shipping,558.0
10555,19,9.2,35,0.2,SAVEA,6,1997-06-02,1997-06-30,1997-06-04,252.49,Boise,USA,Save-a-lot Markets,Jose Pavarotti,Boise,USA,Teatime Chocolate Biscuits,8,3,10 boxes x 12 pieces,0,Confections,Specialty Biscuits Ltd.,UK,Michael Suyama,Sales Representative,Federal Shipping,257.6
10555,24,4.5,18,0.2,SAVEA,6,1997-06-02,1997-06-30,1997-06-04,252.49,Boise,USA,Save-a-lot Markets,Jose Pavarotti,Boise,USA,Guaraná Fantástica,10,1,12 - 355 ml cans,1,Beverages,Refrescos Americanas LTDA,Brazil,Michael Suyama,Sales Representative,Federal Shipping,64.8
10555,51,53.0,20,0.2,SAVEA,6,1997-06-02,1997-06-30,1997-06-04,252.49,Boise,USA,Save-a-lot Markets,Jose Pavarotti,Boise,USA,Manjimup Dried Apples,24,7,50 - 300 g pkgs.,0,Produce,G'day Mate,Australia,Michael Suyama,Sales Representative,Federal Shipping,848.0
10555,56,38.0,40,0.2,SAVEA,6,1997-06-02,1997-06-30,1997-06-04,252.49,Boise,USA,Save-a-lot Markets,Jose Pavarotti,Boise,USA,Gnocchi di nonna Alice,26,5,24 - 250 g pkgs.,0,Grains/Cereals,Pasta Buttini s.r.l.,Italy,Michael Suyama,Sales Representative,Federal Shipping,1216.0
10556,72,34.8,24,0.0,SIMOB,2,1997-06-03,1997-07-15,1997-06-13,9.8,Kobenhavn,Denmark,Simons bistro,Jytte Petersen,Kobenhavn,Denmark,Mozzarella di Giovanni,14,4,24 - 200 g pkgs.,0,Dairy Products,Formaggi Fortini s.r.l.,Italy,Andrew Fuller,Vice President Sales,Speedy Express,835.2
10557,64,33.25,30,0.0,LEHMS,9,1997-06-03,1997-06-17,1997-06-06,96.72,Frankfurt a.M.,Germany,Lehmanns Marktstand,Renate Messner,Frankfurt a.M.,Germany,Wimmers gute Semmelknödel,12,5,20 bags x 4 pieces,0,Grains/Cereals,Plutzer Lebensmittelgroßmärkte AG,Germany,Anne Dodsworth,Sales Representative,United Package,997.5
10557,75,7.75,20,0.0,LEHMS,9,1997-06-03,1997-06-17,1997-06-06,96.72,Frankfurt a.M.,Germany,Lehmanns Marktstand,Renate Messner,Frankfurt a.M.,Germany,Rhönbräu Klosterbier,12,1,24 - 0.5 l bottles,0,Beverages,Plutzer Lebensmittelgroßmärkte AG,Germany,Anne Dodsworth,Sales Representative,United Package,155.0
10558,47,9.5,25,0.0,AROUT,1,1997-06-04,1997-07-02,1997-06-10,72.97,Colchester,UK,Around the Horn,Thomas Hardy,London,UK,Zaanse koeken,22,3,10 - 4 oz boxes,0,Confections,Zaanse Snoepfabriek,Netherlands,Nancy Davolio,Sales Representative,United Package,237.5
10558,51,53.0,20,0.0,AROUT,1,1997-06-04,1997-07-02,1997-06-10,72.97,Colchester,UK,Around the Horn,Thomas Hardy,London,UK,Manjimup Dried Apples,24,7,50 - 300 g pkgs.,0,Produce,G'day Mate,Australia,Nancy Davolio,Sales Representative,United Package,1060.0
10558,52,7.0,30,0.0,AROUT,1,1997-06-04,1997-07-02,1997-06-10,72.97,Colchester,UK,Around the Horn,Thomas Hardy,London,UK,Filo Mix,24,5,16 - 2 kg boxes,0,Grains/Cereals,G'day Mate,Australia,Nancy Davolio,Sales Representative,United Package,210.0
10558,53,32.8,18,0.0,AROUT,1,1997-06-04,1997-07-02,1997-06-10,72.97,Colchester,UK,Around the Horn,Thomas Hardy,London,UK,Perth Pasties,24,6,48 pieces,1,Meat/Poultry,G'day Mate,Australia,Nancy Davolio,Sales Representative,United Package,590.4
10558,73,15.0,3,0.0,AROUT,1,1997-06-04,1997-07-02,1997-06-10,72.97,Colchester,UK,Around the Horn,Thomas Hardy,London,UK,Röd Kaviar,17,8,24 - 150 g jars,0,Seafood,Svensk Sjöföda AB,Sweden,Nancy Davolio,Sales Representative,United Package,45.0
10559,41,9.65,12,0.05,BLONP,6,1997-06-05,1997-07-03,1997-06-13,8.05,Strasbourg,France,Blondesddsl père et fils,Frédérique Citeaux,Strasbourg,France,Jack's New England Clam Chowder,19,8,12 - 12 oz cans,0,Seafood,New England Seafood Cannery,USA,Michael Suyama,Sales Representative,Speedy Express,110.01
10559,55,24.0,18,0.05,BLONP,6,1997-06-05,1997-07-03,1997-06-13,8.05,Strasbourg,France,Blondesddsl père et fils,Frédérique Citeaux,Strasbourg,France,Pâté chinois,25,6,24 boxes x 2 pies,0,Meat/Poultry,Ma Maison,Canada,Michael Suyama,Sales Representative,Speedy Express,410.4
10560,30,25.89,20,0.0,FRANK,8,1997-06-06,1997-07-04,1997-06-09,36.65,München,Germany,Frankenversand,Peter Franken,München,Germany,Nord-Ost Matjeshering,13,8,10 - 200 g glasses,0,Seafood,Nord-Ost-Fisch Handelsgesellschaft mbH,Germany,Laura Callahan,Inside Sales Coordinator,Speedy Express,517.8
10560,62,49.3,15,0.25,FRANK,8,1997-06-06,1997-07-04,1997-06-09,36.65,München,Germany,Frankenversand,Peter Franken,München,Germany,Tarte au sucre,29,3,48 pies,0,Confections,Forêts d'érables,Canada,Laura Callahan,Inside Sales Coordinator,Speedy Express,554.62
10561,44,19.45,10,0.0,FOLKO,2,1997-06-06,1997-07-04,1997-06-09,242.21,Bräcke,Sweden,Folk och fä HB,Maria Larsson,Bräcke,Sweden,Gula Malacca,20,2,20 - 2 kg bags,0,Condiments,Leka Trading,Singapore,Andrew Fuller,Vice President Sales,United Package,194.5
10561,51,53.0,50,0.0,FOLKO,2,1997-06-06,1997-07-04,1997-06-09,242.21,Bräcke,Sweden,Folk och fä HB,Maria Larsson,Bräcke,Sweden,Manjimup Dried Apples,24,7,50 - 300 g pkgs.,0,Produce,G'day Mate,Australia,Andrew Fuller,Vice President Sales,United Package,2650.0
10562,33,2.5,20,0.1,REGGC,1,1997-06-09,1997-07-07,1997-06-12,22.95,Reggio Emilia,Italy,Reggiani Caseifici,Maurizio Moroni,Reggio Emilia,Italy,Geitost,15,4,500 g,0,Dairy Products,Norske Meierier,Norway,Nancy Davolio,Sales Representative,Speedy Express,45.0
10562,62,49.3,10,0.1,REGGC,1,1997-06-09,1997-07-07,1997-06-12,22.95,Reggio Emilia,Italy,Reggiani Caseifici,Maurizio Moroni,Reggio Emilia,Italy,Tarte au sucre,29,3,48 pies,0,Confections,Forêts d'érables,Canada,Nancy Davolio,Sales Representative,Speedy Express,443.7
10563,36,19.0,25,0.0,RICAR,2,1997-06-10,1997-07-22,1997-06-24,60.43,Rio de Janeiro,Brazil,Ricardo Adocicados,Janete Limeira,Rio de Janeiro,Brazil,Inlagd Sill,17,8,24 - 250 g  jars,0,Seafood,Svensk Sjöföda AB,Sweden,Andrew Fuller,Vice President Sales,United Package,475.0
10563,52,7.0,70,0.0,RICAR,2,1997-06-10,1997-07-22,1997-06-24,60.43,Rio de Janeiro,Brazil,Ricardo Adocicados,Janete Limeira,Rio de Janeiro,Brazil,Filo Mix,24,5,16 - 2 kg boxes,0,Grains/Cereals,G'day Mate,Australia,Andrew Fuller,Vice President Sales,United Package,490.0
10564,17,39.0,16,0.05,RATTC,4,1997-06-10,1997-07-08,1997-06-16,13.75,Albuquerque,USA,Rattlesnake Canyon Grocery,Paula Wilson,Albuquerque,USA,Alice Mutton,7,6,20 - 1 kg tins,1,Meat/Poultry,Pavlova Ltd.,Australia,Margaret Peacock,Sales Representative,Federal Shipping,592.8
10564,31,12.5,6,0.05,RATTC,4,1997-06-10,1997-07-08,1997-06-16,13.75,Albuquerque,USA,Rattlesnake Canyon Grocery,Paula Wilson,Albuquerque,USA,Gorgonzola Telino,14,4,12 - 100 g pkgs,0,Dairy Products,Formaggi Fortini s.r.l.,Italy,Margaret Peacock,Sales Representative,Federal Shipping,71.25
10564,55,24.0,25,0.05,RATTC,4,1997-06-10,1997-07-08,1997-06-16,13.75,Albuquerque,USA,Rattlesnake Canyon Grocery,Paula Wilson,Albuquerque,USA,Pâté chinois,25,6,24 boxes x 2 pies,0,Meat/Poultry,Ma Maison,Canada,Margaret Peacock,Sales Representative,Federal Shipping,570.0
10565,24,4.5,25,0.1,MEREP,8,1997-06-11,1997-07-09,1997-06-18,7.15,Montréal,Canada,Mère Paillarde,Jean Fresnière,Montréal,Canada,Guaraná Fantástica,10,1,12 - 355 ml cans,1,Beverages,Refrescos Americanas LTDA,Brazil,Laura Callahan,Inside Sales Coordinator,United Package,101.25
10565,64,33.25,18,0.1,MEREP,8,1997-06-11,1997-07-09,1997-06-18,7.15,Montréal,Canada,Mère Paillarde,Jean Fresnière,Montréal,Canada,Wimmers gute Semmelknödel,12,5,20 bags x 4 pieces,0,Grains/Cereals,Plutzer Lebensmittelgroßmärkte AG,Germany,Laura Callahan,Inside Sales Coordinator,United Package,538.65
10566,11,21.0,35,0.15,BLONP,9,1997-06-12,1997-07-10,1997-06-18,88.4,Strasbourg,France,Blondesddsl père et fils,Frédérique Citeaux,Strasbourg,France,Queso Cabrales,5,4,1 kg pkg.,0,Dairy Products,Cooperativa de Quesos 'Las Cabras',Spain,Anne Dodsworth,Sales Representative,Speedy Express,624.75
10566,18,62.5,18,0.15,BLONP,9,1997-06-12,1997-07-10,1997-06-18,88.4,Strasbourg,France,Blondesddsl père et fils,Frédérique Citeaux,Strasbourg,France,Carnarvon Tigers,7,8,16 kg pkg.,0,Seafood,Pavlova Ltd.,Australia,Anne Dodsworth,Sales Representative,Speedy Express,956.25
10566,76,18.0,10,0.0,BLONP,9,1997-06-12,1997-07-10,1997-06-18,88.4,Strasbourg,France,Blondesddsl père et fils,Frédérique Citeaux,Strasbourg,France,Lakkalikööri,23,1,500 ml,0,Beverages,Karkki Oy,Finland,Anne Dodsworth,Sales Representative,Speedy Express,180.0
10567,31,12.5,60,0.2,HUNGO,1,1997-06-12,1997-07-10,1997-06-17,33.97,Cork,Ireland,Hungry Owl All-Night Grocers,Patricia McKenna,Cork,Ireland,Gorgonzola Telino,14,4,12 - 100 g pkgs,0,Dairy Products,Formaggi Fortini s.r.l.,Italy,Nancy Davolio,Sales Representative,Speedy Express,600.0
10567,51,53.0,3,0.0,HUNGO,1,1997-06-12,1997-07-10,1997-06-17,33.97,Cork,Ireland,Hungry Owl All-Night Grocers,Patricia McKenna,Cork,Ireland,Manjimup Dried Apples,24,7,50 - 300 g pkgs.,0,Produce,G'day Mate,Australia,Nancy Davolio,Sales Representative,Speedy Express,159.0
10567,59,55.0,40,0.2,HUNGO,1,1997-06-12,1997-07-10,1997-06-17,33.97,Cork,Ireland,Hungry Owl All-Night Grocers,Patricia McKenna,Cork,Ireland,Raclette Courdavault,28,4,5 kg pkg.,0,Dairy Products,Gai pâturage,France,Nancy Davolio,Sales Representative,Speedy Express,1760.0
10568,10,31.0,5,0.0,GALED,3,1997-06-13,1997-07-11,1997-07-09,6.54,Barcelona,Spain,Galería del gastrónomo,Eduardo Saavedra,Barcelona,Spain,Ikura,4,8,12 - 200 ml jars,0,Seafood,Tokyo Traders,Japan,Janet Leverling,Sales Representative,Federal Shipping,155.0
10569,31,12.5,35,0.2,RATTC,5,1997-06-16,1997-07-14,1997-07-11,58.98,Albuquerque,USA,Rattlesnake Canyon Grocery,Paula Wilson,Albuquerque,USA,Gorgonzola Telino,14,4,12 - 100 g pkgs,0,Dairy Products,Formaggi Fortini s.r.l.,Italy,Steven Buchanan,Sales Manager,Speedy Express,350.0
10569,76,18.0,30,0.0,RATTC,5,1997-06-16,1997-07-14,1997-07-11,58.98,Albuquerque,USA,Rattlesnake Canyon Grocery,Paula Wilson,Albuquerque,USA,Lakkalikööri,23,1,500 ml,0,Beverages,Karkki Oy,Finland,Steven Buchanan,Sales Manager,Speedy Express,540.0
10570,11,21.0,15,0.05,MEREP,3,1997-06-17,1997-07-15,1997-06-19,188.99,Montréal,Canada,Mère Paillarde,Jean Fresnière,Montréal,Canada,Queso Cabrales,5,4,1 kg pkg.,0,Dairy Products,Cooperativa de Quesos 'Las Cabras',Spain,Janet Leverling,Sales Representative,Federal Shipping,299.25
10570,56,38.0,60,0.05,MEREP,3,1997-06-17,1997-07-15,1997-06-19,188.99,Montréal,Canada,Mère Paillarde,Jean Fresnière,Montréal,Canada,Gnocchi di nonna Alice,26,5,24 - 250 g pkgs.,0,Grains/Cereals,Pasta Buttini s.r.l.,Italy,Janet Leverling,Sales Representative,Federal Shipping,2166.0
10571,14,23.25,11,0.15,ERNSH,8,1997-06-17,1997-07-29,1997-07-04,26.06,Graz,Austria,Ernst Handel,Roland Mendel,Graz,Austria,Tofu,6,7,40 - 100 g pkgs.,0,Produce,Mayumi's,Japan,Laura Callahan,Inside Sales Coordinator,Federal Shipping,217.39
10571,42,14.0,28,0.15,ERNSH,8,1997-06-17,1997-07-29,1997-07-04,26.06,Graz,Austria,Ernst Handel,Roland Mendel,Graz,Austria,Singaporean Hokkien Fried Mee,20,5,32 - 1 kg pkgs.,1,Grains/Cereals,Leka Trading,Singapore,Laura Callahan,Inside Sales Coordinator,Federal Shipping,333.2
10572,16,17.45,12,0.1,BERGS,3,1997-06-18,1997-07-16,1997-06-25,116.43,Luleå,Sweden,Berglunds snabbköp,Christina Berglund,Luleå,Sweden,Pavlova,7,3,32 - 500 g boxes,0,Confections,Pavlova Ltd.,Australia,Janet Leverling,Sales Representative,United Package,188.46
10572,32,32.0,10,0.1,BERGS,3,1997-06-18,1997-07-16,1997-06-25,116.43,Luleå,Sweden,Berglunds snabbköp,Christina Berglund,Luleå,Sweden,Mascarpone Fabioli,14,4,24 - 200 g pkgs.,0,Dairy Products,Formaggi Fortini s.r.l.,Italy,Janet Leverling,Sales Representative,United Package,288.0
10572,40,18.4,50,0.0,BERGS,3,1997-06-18,1997-07-16,1997-06-25,116.43,Luleå,Sweden,Berglunds snabbköp,Christina Berglund,Luleå,Sweden,Boston Crab Meat,19,8,24 - 4 oz tins,0,Seafood,New England Seafood Cannery,USA,Janet Leverling,Sales Representative,United Package,920.0
10572,75,7.75,15,0.1,BERGS,3,1997-06-18,1997-07-16,1997-06-25,116.43,Luleå,Sweden,Berglunds snabbköp,Christina Berglund,Luleå,Sweden,Rhönbräu Klosterbier,12,1,24 - 0.5 l bottles,0,Beverages,Plutzer Lebensmittelgroßmärkte AG,Germany,Janet Leverling,Sales Representative,United Package,104.62
10573,17,39.0,18,0.0,ANTON,7,1997-06-19,1997-07-17,1997-06-20,84.84,México D.F.,Mexico,Antonio Moreno Taquería,Antonio Moreno,México D.F.,Mexico,Alice Mutton,7,6,20 - 1 kg tins,1,Meat/Poultry,Pavlova Ltd.,Australia,Robert King,Sales Representative,Federal Shipping,702.0
10573,34,14.0,40,0.0,ANTON,7,1997-06-19,1997-07-17,1997-06-20,84.84,México D.F.,Mexico,Antonio Moreno Taquería,Antonio Moreno,México D.F.,Mexico,Sasquatch Ale,16,1,24 - 12 oz bottles,0,Beverages,Bigfoot Breweries,USA,Robert King,Sales Representative,Federal Shipping,560.0
10573,53,32.8,25,0.0,ANTON,7,1997-06-19,1997-07-17,1997-06-20,84.84,México D.F.,Mexico,Antonio Moreno Taquería,Antonio Moreno,México D.F.,Mexico,Perth Pasties,24,6,48 pieces,1,Meat/Poultry,G'day Mate,Australia,Robert King,Sales Representative,Federal Shipping,820.0
10574,33,2.5,14,0.0,TRAIH,4,1997-06-19,1997-07-17,1997-06-30,37.6,Kirkland,USA,Trail's Head Gourmet Provisioners,Helvetius Nagy,Kirkland,USA,Geitost,15,4,500 g,0,Dairy Products,Norske Meierier,Norway,Margaret Peacock,Sales Representative,United Package,35.0
10574,40,18.4,2,0.0,TRAIH,4,1997-06-19,1997-07-17,1997-06-30,37.6,Kirkland,USA,Trail's Head Gourmet Provisioners,Helvetius Nagy,Kirkland,USA,Boston Crab Meat,19,8,24 - 4 oz tins,0,Seafood,New England Seafood Cannery,USA,Margaret Peacock,Sales Representative,United Package,36.8
10574,62,49.3,10,0.0,TRAIH,4,1997-06-19,1997-07-17,1997-06-30,37.6,Kirkland,USA,Trail's Head Gourmet Provisioners,Helvetius Nagy,Kirkland,USA,Tarte au sucre,29,3,48 pies,0,Confections,Forêts d'érables,Canada,Margaret Peacock,Sales Representative,United Package,493.0
10574,64,33.25,6,0.0,TRAIH,4,1997-06-19,1997-07-17,1997-06-30,37.6,Kirkland,USA,Trail's Head Gourmet Provisioners,Helvetius Nagy,Kirkland,USA,Wimmers gute Semmelknödel,12,5,20 bags x 4 pieces,0,Grains/Cereals,Plutzer Lebensmittelgroßmärkte AG,Germany,Margaret Peacock,Sales Representative,United Package,199.5
10575,59,55.0,12,0.0,MORGK,5,1997-06-20,1997-07-04,1997-06-30,127.34,Leipzig,Germany,Morgenstern Gesundkost,Alexander Feuer,Leipzig,Germany,Raclette Courdavault,28,4,5 kg pkg.,0,Dairy Products,Gai pâturage,France,Steven Buchanan,Sales Manager,Speedy Express,660.0
10575,63,43.9,6,0.0,MORGK,5,1997-06-20,1997-07-04,1997-06-30,127.34,Leipzig,Germany,Morgenstern Gesundkost,Alexander Feuer,Leipzig,Germany,Vegie-spread,7,2,15 - 625 g jars,0,Condiments,Pavlova Ltd.,Australia,Steven Buchanan,Sales Manager,Speedy Express,263.4
10575,72,34.8,30,0.0,MORGK,5,1997-06-20,1997-07-04,1997-06-30,127.34,Leipzig,Germany,Morgenstern Gesundkost,Alexander Feuer,Leipzig,Germany,Mozzarella di Giovanni,14,4,24 - 200 g pkgs.,0,Dairy Products,Formaggi Fortini s.r.l.,Italy,Steven Buchanan,Sales Manager,Speedy Express,1044.0
10575,76,18.0,10,0.0,MORGK,5,1997-06-20,1997-07-04,1997-06-30,127.34,Leipzig,Germany,Morgenstern Gesundkost,Alexander Feuer,Leipzig,Germany,Lakkalikööri,23,1,500 ml,0,Beverages,Karkki Oy,Finland,Steven Buchanan,Sales Manager,Speedy Express,180.0
10576,1,18.0,10,0.0,TORTU,3,1997-06-23,1997-07-07,1997-06-30,18.56,México D.F.,Mexico,Tortuga Restaurante,Miguel Angel Paolino,México D.F.,Mexico,Chai,1,1,10 boxes x 20 bags,0,Beverages,Exotic Liquids,UK,Janet Leverling,Sales Representative,Federal Shipping,180.0
10576,31,12.5,20,0.0,TORTU,3,1997-06-23,1997-07-07,1997-06-30,18.56,México D.F.,Mexico,Tortuga Restaurante,Miguel Angel Paolino,México D.F.,Mexico,Gorgonzola Telino,14,4,12 - 100 g pkgs,0,Dairy Products,Formaggi Fortini s.r.l.,Italy,Janet Leverling,Sales Representative,Federal Shipping,250.0
10576,44,19.45,21,0.0,TORTU,3,1997-06-23,1997-07-07,1997-06-30,18.56,México D.F.,Mexico,Tortuga Restaurante,Miguel Angel Paolino,México D.F.,Mexico,Gula Malacca,20,2,20 - 2 kg bags,0,Condiments,Leka Trading,Singapore,Janet Leverling,Sales Representative,Federal Shipping,408.45
10577,39,18.0,10,0.0,TRAIH,9,1997-06-23,1997-08-04,1997-06-30,25.41,Kirkland,USA,Trail's Head Gourmet Provisioners,Helvetius Nagy,Kirkland,USA,Chartreuse verte,18,1,750 cc per bottle,0,Beverages,Aux joyeux ecclésiastiques,France,Anne Dodsworth,Sales Representative,United Package,180.0
10577,75,7.75,20,0.0,TRAIH,9,1997-06-23,1997-08-04,1997-06-30,25.41,Kirkland,USA,Trail's Head Gourmet Provisioners,Helvetius Nagy,Kirkland,USA,Rhönbräu Klosterbier,12,1,24 - 0.5 l bottles,0,Beverages,Plutzer Lebensmittelgroßmärkte AG,Germany,Anne Dodsworth,Sales Representative,United Package,155.0
10577,77,13.0,18,0.0,TRAIH,9,1997-06-23,1997-08-04,1997-06-30,25.41,Kirkland,USA,Trail's Head Gourmet Provisioners,Helvetius Nagy,Kirkland,USA,Original Frankfurter grüne Soße,12,2,12 boxes,0,Condiments,Plutzer Lebensmittelgroßmärkte AG,Germany,Anne Dodsworth,Sales Representative,United Package,234.0
10578,35,18.0,20,0.0,BSBEV,4,1997-06-24,1997-07-22,1997-07-25,29.6,London,UK,B's Beverages,Victoria Ashworth,London,UK,Steeleye Stout,16,1,24 - 12 oz bottles,0,Beverages,Bigfoot Breweries,USA,Margaret Peacock,Sales Representative,Federal Shipping,360.0
10578,57,19.5,6,0.0,BSBEV,4,1997-06-24,1997-07-22,1997-07-25,29.6,London,UK,B's Beverages,Victoria Ashworth,London,UK,Ravioli Angelo,26,5,24 - 250 g pkgs.,0,Grains/Cereals,Pasta Buttini s.r.l.,Italy,Margaret Peacock,Sales Representative,Federal Shipping,117.0
10579,15,15.5,10,0.0,LETSS,1,1997-06-25,1997-07-23,1997-07-04,13.73,San Francisco,USA,Let's Stop N Shop,Jaime Yorres,San Francisco,USA,Genen Shouyu,6,2,24 - 250 ml bottles,0,Condiments,Mayumi's,Japan,Nancy Davolio,Sales Representative,United Package,155.0
10579,75,7.75,21,0.0,LETSS,1,1997-06-25,1997-07-23,1997-07-04,13.73,San Francisco,USA,Let's Stop N Shop,Jaime Yorres,San Francisco,USA,Rhönbräu Klosterbier,12,1,24 - 0.5 l bottles,0,Beverages,Plutzer Lebensmittelgroßmärkte AG,Germany,Nancy Davolio,Sales Representative,United Package,162.75
10580,14,23.25,15,0.05,OTTIK,4,1997-06-26,1997-07-24,1997-07-01,75.89,Köln,Germany,Ottilies Käseladen,Henriette Pfalzheim,Köln,Germany,Tofu,6,7,40 - 100 g pkgs.,0,Produce,Mayumi's,Japan,Margaret Peacock,Sales Representative,Federal Shipping,331.31
10580,41,9.65,9,0.05,OTTIK,4,1997-06-26,1997-07-24,1997-07-01,75.89,Köln,Germany,Ottilies Käseladen,Henriette Pfalzheim,Köln,Germany,Jack's New England Clam Chowder,19,8,12 - 12 oz cans,0,Seafood,New England Seafood Cannery,USA,Margaret Peacock,Sales Representative,Federal Shipping,82.51
10580,65,21.05,30,0.05,OTTIK,4,1997-06-26,1997-07-24,1997-07-01,75.89,Köln,Germany,Ottilies Käseladen,Henriette Pfalzheim,Köln,Germany,Louisiana Fiery Hot Pepper Sauce,2,2,32 - 8 oz bottles,0,Condiments,New Orleans Cajun Delights,USA,Margaret Peacock,Sales Representative,Federal Shipping,599.92
10581,75,7.75,50,0.2,FAMIA,3,1997-06-26,1997-07-24,1997-07-02,3.01,Sao Paulo,Brazil,Familia Arquibaldo,Aria Cruz,Sao Paulo,Brazil,Rhönbräu Klosterbier,12,1,24 - 0.5 l bottles,0,Beverages,Plutzer Lebensmittelgroßmärkte AG,Germany,Janet Leverling,Sales Representative,Speedy Express,310.0
10582,57,19.5,4,0.0,BLAUS,3,1997-06-27,1997-07-25,1997-07-14,27.71,Mannheim,Germany,Blauer See Delikatessen,Hanna Moos,Mannheim,Germany,Ravioli Angelo,26,5,24 - 250 g pkgs.,0,Grains/Cereals,Pasta Buttini s.r.l.,Italy,Janet Leverling,Sales Representative,United Package,78.0
10582,76,18.0,14,0.0,BLAUS,3,1997-06-27,1997-07-25,1997-07-14,27.71,Mannheim,Germany,Blauer See Delikatessen,Hanna Moos,Mannheim,Germany,Lakkalikööri,23,1,500 ml,0,Beverages,Karkki Oy,Finland,Janet Leverling,Sales Representative,United Package,252.0
10583,29,123.79,10,0.0,WARTH,2,1997-06-30,1997-07-28,1997-07-04,7.28,Oulu,Finland,Wartian Herkku,Pirkko Koskitalo,Oulu,Finland,Thüringer Rostbratwurst,12,6,50 bags x 30 sausgs.,1,Meat/Poultry,Plutzer Lebensmittelgroßmärkte AG,Germany,Andrew Fuller,Vice President Sales,United Package,1237.9
10583,60,34.0,24,0.15,WARTH,2,1997-06-30,1997-07-28,1997-07-04,7.28,Oulu,Finland,Wartian Herkku,Pirkko Koskitalo,Oulu,Finland,Camembert Pierrot,28,4,15 - 300 g rounds,0,Dairy Products,Gai pâturage,France,Andrew Fuller,Vice President Sales,United Package,693.6
10583,69,36.0,10,0.15,WARTH,2,1997-06-30,1997-07-28,1997-07-04,7.28,Oulu,Finland,Wartian Herkku,Pirkko Koskitalo,Oulu,Finland,Gudbrandsdalsost,15,4,10 kg pkg.,0,Dairy Products,Norske Meierier,Norway,Andrew Fuller,Vice President Sales,United Package,306.0
10584,31,12.5,50,0.05,BLONP,4,1997-06-30,1997-07-28,1997-07-04,59.14,Strasbourg,France,Blondesddsl père et fils,Frédérique Citeaux,Strasbourg,France,Gorgonzola Telino,14,4,12 - 100 g pkgs,0,Dairy Products,Formaggi Fortini s.r.l.,Italy,Margaret Peacock,Sales Representative,Speedy Express,593.75
10585,47,9.5,15,0.0,WELLI,7,1997-07-01,1997-07-29,1997-07-10,13.41,Resende,Brazil,Wellington Importadora,Paula Parente,Resende,Brazil,Zaanse koeken,22,3,10 - 4 oz boxes,0,Confections,Zaanse Snoepfabriek,Netherlands,Robert King,Sales Representative,Speedy Express,142.5
10586,52,7.0,4,0.15,REGGC,9,1997-07-02,1997-07-30,1997-07-09,0.48,Reggio Emilia,Italy,Reggiani Caseifici,Maurizio Moroni,Reggio Emilia,Italy,Filo Mix,24,5,16 - 2 kg boxes,0,Grains/Cereals,G'day Mate,Australia,Anne Dodsworth,Sales Representative,Speedy Express,23.8
10587,26,31.23,6,0.0,QUEDE,1,1997-07-02,1997-07-30,1997-07-09,62.52,Rio de Janeiro,Brazil,Que Delícia,Bernardo Batista, 12Rio de Janeiro,Brazil,Gumbär Gummibärchen,11,3,100 - 250 g bags,0,Confections,Heli Süßwaren GmbH & Co. KG,Germany,Nancy Davolio,Sales Representative,Speedy Express,187.38
10587,35,18.0,20,0.0,QUEDE,1,1997-07-02,1997-07-30,1997-07-09,62.52,Rio de Janeiro,Brazil,Que Delícia,Bernardo Batista, 12Rio de Janeiro,Brazil,Steeleye Stout,16,1,24 - 12 oz bottles,0,Beverages,Bigfoot Breweries,USA,Nancy Davolio,Sales Representative,Speedy Express,360.0
10587,77,13.0,20,0.0,QUEDE,1,1997-07-02,1997-07-30,1997-07-09,62.52,Rio de Janeiro,Brazil,Que Delícia,Bernardo Batista, 12Rio de Janeiro,Brazil,Original Frankfurter grüne Soße,12,2,12 boxes,0,Condiments,Plutzer Lebensmittelgroßmärkte AG,Germany,Nancy Davolio,Sales Representative,Speedy Express,260.0
10588,18,62.5,40,0.2,QUICK,2,1997-07-03,1997-07-31,1997-07-10,194.67,Cunewalde,Germany,QUICK-Stop,Horst Kloss,Cunewalde,Germany,Carnarvon Tigers,7,8,16 kg pkg.,0,Seafood,Pavlova Ltd.,Australia,Andrew Fuller,Vice President Sales,Federal Shipping,2000.0
10588,42,14.0,100,0.2,QUICK,2,1997-07-03,1997-07-31,1997-07-10,194.67,Cunewalde,Germany,QUICK-Stop,Horst Kloss,Cunewalde,Germany,Singaporean Hokkien Fried Mee,20,5,32 - 1 kg pkgs.,1,Grains/Cereals,Leka Trading,Singapore,Andrew Fuller,Vice President Sales,Federal Shipping,1120.0
10589,35,18.0,4,0.0,GREAL,8,1997-07-04,1997-08-01,1997-07-14,4.42,Eugene,USA,Great Lakes Food Market,Howard Snyder,Eugene,USA,Steeleye Stout,16,1,24 - 12 oz bottles,0,Beverages,Bigfoot Breweries,USA,Laura Callahan,Inside Sales Coordinator,United Package,72.0
10590,1,18.0,20,0.0,MEREP,4,1997-07-07,1997-08-04,1997-07-14,44.77,Montréal,Canada,Mère Paillarde,Jean Fresnière,Montréal,Canada,Chai,1,1,10 boxes x 20 bags,0,Beverages,Exotic Liquids,UK,Margaret Peacock,Sales Representative,Federal Shipping,360.0
10590,77,13.0,60,0.05,MEREP,4,1997-07-07,1997-08-04,1997-07-14,44.77,Montréal,Canada,Mère Paillarde,Jean Fresnière,Montréal,Canada,Original Frankfurter grüne Soße,12,2,12 boxes,0,Condiments,Plutzer Lebensmittelgroßmärkte AG,Germany,Margaret Peacock,Sales Representative,Federal Shipping,741.0
10591,3,10.0,14,0.0,VAFFE,1,1997-07-07,1997-07-21,1997-07-16,55.92,Århus,Denmark,Vaffeljernet,Palle Ibsen,Århus,Denmark,Aniseed Syrup,1,2,12 - 550 ml bottles,0,Condiments,Exotic Liquids,UK,Nancy Davolio,Sales Representative,Speedy Express,140.0
10591,7,30.0,10,0.0,VAFFE,1,1997-07-07,1997-07-21,1997-07-16,55.92,Århus,Denmark,Vaffeljernet,Palle Ibsen,Århus,Denmark,Uncle Bob's Organic Dried Pears,3,7,12 - 1 lb pkgs.,0,Produce,Grandma Kelly's Homestead,USA,Nancy Davolio,Sales Representative,Speedy Express,300.0
10591,54,7.45,50,0.0,VAFFE,1,1997-07-07,1997-07-21,1997-07-16,55.92,Århus,Denmark,Vaffeljernet,Palle Ibsen,Århus,Denmark,Tourtière,25,6,16 pies,0,Meat/Poultry,Ma Maison,Canada,Nancy Davolio,Sales Representative,Speedy Express,372.5
10592,15,15.5,25,0.05,LEHMS,3,1997-07-08,1997-08-05,1997-07-16,32.1,Frankfurt a.M.,Germany,Lehmanns Marktstand,Renate Messner,Frankfurt a.M.,Germany,Genen Shouyu,6,2,24 - 250 ml bottles,0,Condiments,Mayumi's,Japan,Janet Leverling,Sales Representative,Speedy Express,368.12
10592,26,31.23,5,0.05,LEHMS,3,1997-07-08,1997-08-05,1997-07-16,32.1,Frankfurt a.M.,Germany,Lehmanns Marktstand,Renate Messner,Frankfurt a.M.,Germany,Gumbär Gummibärchen,11,3,100 - 250 g bags,0,Confections,Heli Süßwaren GmbH & Co. KG,Germany,Janet Leverling,Sales Representative,Speedy Express,148.34
10593,20,81.0,21,0.2,LEHMS,7,1997-07-09,1997-08-06,1997-08-13,174.2,Frankfurt a.M.,Germany,Lehmanns Marktstand,Renate Messner,Frankfurt a.M.,Germany,Sir Rodney's Marmalade,8,3,30 gift boxes,0,Confections,Specialty Biscuits Ltd.,UK,Robert King,Sales Representative,United Package,1360.8
10593,69,36.0,20,0.2,LEHMS,7,1997-07-09,1997-08-06,1997-08-13,174.2,Frankfurt a.M.,Germany,Lehmanns Marktstand,Renate Messner,Frankfurt a.M.,Germany,Gudbrandsdalsost,15,4,10 kg pkg.,0,Dairy Products,Norske Meierier,Norway,Robert King,Sales Representative,United Package,576.0
10593,76,18.0,4,0.2,LEHMS,7,1997-07-09,1997-08-06,1997-08-13,174.2,Frankfurt a.M.,Germany,Lehmanns Marktstand,Renate Messner,Frankfurt a.M.,Germany,Lakkalikööri,23,1,500 ml,0,Beverages,Karkki Oy,Finland,Robert King,Sales Representative,United Package,57.6
10594,52,7.0,24,0.0,OLDWO,3,1997-07-09,1997-08-06,1997-07-16,5.24,Anchorage,USA,Old World Delicatessen,Rene Phillips,Anchorage,USA,Filo Mix,24,5,16 - 2 kg boxes,0,Grains/Cereals,G'day Mate,Australia,Janet Leverling,Sales Representative,United Package,168.0
10594,58,13.25,30,0.0,OLDWO,3,1997-07-09,1997-08-06,1997-07-16,5.24,Anchorage,USA,Old World Delicatessen,Rene Phillips,Anchorage,USA,Escargots de Bourgogne,27,8,24 pieces,0,Seafood,Escargots Nouveaux,France,Janet Leverling,Sales Representative,United Package,397.5
10595,35,18.0,30,0.25,ERNSH,2,1997-07-10,1997-08-07,1997-07-14,96.78,Graz,Austria,Ernst Handel,Roland Mendel,Graz,Austria,Steeleye Stout,16,1,24 - 12 oz bottles,0,Beverages,Bigfoot Breweries,USA,Andrew Fuller,Vice President Sales,Speedy Express,405.0
10595,61,28.5,120,0.25,ERNSH,2,1997-07-10,1997-08-07,1997-07-14,96.78,Graz,Austria,Ernst Handel,Roland Mendel,Graz,Austria,Sirop d'érable,29,2,24 - 500 ml bottles,0,Condiments,Forêts d'érables,Canada,Andrew Fuller,Vice President Sales,Speedy Express,2565.0
10595,69,36.0,65,0.25,ERNSH,2,1997-07-10,1997-08-07,1997-07-14,96.78,Graz,Austria,Ernst Handel,Roland Mendel,Graz,Austria,Gudbrandsdalsost,15,4,10 kg pkg.,0,Dairy Products,Norske Meierier,Norway,Andrew Fuller,Vice President Sales,Speedy Express,1755.0
10596,56,38.0,5,0.2,WHITC,8,1997-07-11,1997-08-08,1997-08-12,16.34,Seattle,USA,White Clover Markets,Karl Jablonski,Seattle,USA,Gnocchi di nonna Alice,26,5,24 - 250 g pkgs.,0,Grains/Cereals,Pasta Buttini s.r.l.,Italy,Laura Callahan,Inside Sales Coordinator,Speedy Express,152.0
10596,63,43.9,24,0.2,WHITC,8,1997-07-11,1997-08-08,1997-08-12,16.34,Seattle,USA,White Clover Markets,Karl Jablonski,Seattle,USA,Vegie-spread,7,2,15 - 625 g jars,0,Condiments,Pavlova Ltd.,Australia,Laura Callahan,Inside Sales Coordinator,Speedy Express,842.88
10596,75,7.75,30,0.2,WHITC,8,1997-07-11,1997-08-08,1997-08-12,16.34,Seattle,USA,White Clover Markets,Karl Jablonski,Seattle,USA,Rhönbräu Klosterbier,12,1,24 - 0.5 l bottles,0,Beverages,Plutzer Lebensmittelgroßmärkte AG,Germany,Laura Callahan,Inside Sales Coordinator,Speedy Express,186.0
10597,24,4.5,35,0.2,PICCO,7,1997-07-11,1997-08-08,1997-07-18,35.12,Salzburg,Austria,Piccolo und mehr,Georg Pipps,Salzburg,Austria,Guaraná Fantástica,10,1,12 - 355 ml cans,1,Beverages,Refrescos Americanas LTDA,Brazil,Robert King,Sales Representative,Federal Shipping,126.0
10597,57,19.5,20,0.0,PICCO,7,1997-07-11,1997-08-08,1997-07-18,35.12,Salzburg,Austria,Piccolo und mehr,Georg Pipps,Salzburg,Austria,Ravioli Angelo,26,5,24 - 250 g pkgs.,0,Grains/Cereals,Pasta Buttini s.r.l.,Italy,Robert King,Sales Representative,Federal Shipping,390.0
10597,65,21.05,12,0.2,PICCO,7,1997-07-11,1997-08-08,1997-07-18,35.12,Salzburg,Austria,Piccolo und mehr,Georg Pipps,Salzburg,Austria,Louisiana Fiery Hot Pepper Sauce,2,2,32 - 8 oz bottles,0,Condiments,New Orleans Cajun Delights,USA,Robert King,Sales Representative,Federal Shipping,202.08
10598,27,43.9,50,0.0,RATTC,1,1997-07-14,1997-08-11,1997-07-18,44.42,Albuquerque,USA,Rattlesnake Canyon Grocery,Paula Wilson,Albuquerque,USA,Schoggi Schokolade,11,3,100 - 100 g pieces,0,Confections,Heli Süßwaren GmbH & Co. KG,Germany,Nancy Davolio,Sales Representative,Federal Shipping,2195.0
10598,71,21.5,9,0.0,RATTC,1,1997-07-14,1997-08-11,1997-07-18,44.42,Albuquerque,USA,Rattlesnake Canyon Grocery,Paula Wilson,Albuquerque,USA,Flotemysost,15,4,10 - 500 g pkgs.,0,Dairy Products,Norske Meierier,Norway,Nancy Davolio,Sales Representative,Federal Shipping,193.5
10599,62,49.3,10,0.0,BSBEV,6,1997-07-15,1997-08-26,1997-07-21,29.98,London,UK,B's Beverages,Victoria Ashworth,London,UK,Tarte au sucre,29,3,48 pies,0,Confections,Forêts d'érables,Canada,Michael Suyama,Sales Representative,Federal Shipping,493.0
10600,54,7.45,4,0.0,HUNGC,4,1997-07-16,1997-08-13,1997-07-21,45.13,Elgin,USA,Hungry Coyote Import Store,Yoshi Latimer,Elgin,USA,Tourtière,25,6,16 pies,0,Meat/Poultry,Ma Maison,Canada,Margaret Peacock,Sales Representative,Speedy Express,29.8
10600,73,15.0,30,0.0,HUNGC,4,1997-07-16,1997-08-13,1997-07-21,45.13,Elgin,USA,Hungry Coyote Import Store,Yoshi Latimer,Elgin,USA,Röd Kaviar,17,8,24 - 150 g jars,0,Seafood,Svensk Sjöföda AB,Sweden,Margaret Peacock,Sales Representative,Speedy Express,450.0
10601,13,6.0,60,0.0,HILAA,7,1997-07-16,1997-08-27,1997-07-22,58.3,San Cristóbal,Venezuela,HILARION-Abastos,Carlos Hernández,San Cristóbal,Venezuela,Konbu,6,8,2 kg box,0,Seafood,Mayumi's,Japan,Robert King,Sales Representative,Speedy Express,360.0
10601,59,55.0,35,0.0,HILAA,7,1997-07-16,1997-08-27,1997-07-22,58.3,San Cristóbal,Venezuela,HILARION-Abastos,Carlos Hernández,San Cristóbal,Venezuela,Raclette Courdavault,28,4,5 kg pkg.,0,Dairy Products,Gai pâturage,France,Robert King,Sales Representative,Speedy Express,1925.0
10602,77,13.0,5,0.25,VAFFE,8,1997-07-17,1997-08-14,1997-07-22,2.92,Århus,Denmark,Vaffeljernet,Palle Ibsen,Århus,Denmark,Original Frankfurter grüne Soße,12,2,12 boxes,0,Condiments,Plutzer Lebensmittelgroßmärkte AG,Germany,Laura Callahan,Inside Sales Coordinator,United Package,48.75
10603,22,21.0,48,0.0,SAVEA,8,1997-07-18,1997-08-15,1997-08-08,48.77,Boise,USA,Save-a-lot Markets,Jose Pavarotti,Boise,USA,Gustaf's Knäckebröd,9,5,24 - 500 g pkgs.,0,Grains/Cereals,PB Knäckebröd AB,Sweden,Laura Callahan,Inside Sales Coordinator,United Package,1008.0
10603,49,20.0,25,0.05,SAVEA,8,1997-07-18,1997-08-15,1997-08-08,48.77,Boise,USA,Save-a-lot Markets,Jose Pavarotti,Boise,USA,Maxilaku,23,3,24 - 50 g pkgs.,0,Confections,Karkki Oy,Finland,Laura Callahan,Inside Sales Coordinator,United Package,475.0
10604,48,12.75,6,0.1,FURIB,1,1997-07-18,1997-08-15,1997-07-29,7.46,Lisboa,Portugal,Furia Bacalhau e Frutos do Mar,Lino Rodriguez,Lisboa,Portugal,Chocolade,22,3,10 pkgs.,0,Confections,Zaanse Snoepfabriek,Netherlands,Nancy Davolio,Sales Representative,Speedy Express,68.85
10604,76,18.0,10,0.1,FURIB,1,1997-07-18,1997-08-15,1997-07-29,7.46,Lisboa,Portugal,Furia Bacalhau e Frutos do Mar,Lino Rodriguez,Lisboa,Portugal,Lakkalikööri,23,1,500 ml,0,Beverages,Karkki Oy,Finland,Nancy Davolio,Sales Representative,Speedy Express,162.0
10605,16,17.45,30,0.05,MEREP,1,1997-07-21,1997-08-18,1997-07-29,379.13,Montréal,Canada,Mère Paillarde,Jean Fresnière,Montréal,Canada,Pavlova,7,3,32 - 500 g boxes,0,Confections,Pavlova Ltd.,Australia,Nancy Davolio,Sales Representative,United Package,497.32
10605,59,55.0,20,0.05,MEREP,1,1997-07-21,1997-08-18,1997-07-29,379.13,Montréal,Canada,Mère Paillarde,Jean Fresnière,Montréal,Canada,Raclette Courdavault,28,4,5 kg pkg.,0,Dairy Products,Gai pâturage,France,Nancy Davolio,Sales Representative,United Package,1045.0
10605,60,34.0,70,0.05,MEREP,1,1997-07-21,1997-08-18,1997-07-29,379.13,Montréal,Canada,Mère Paillarde,Jean Fresnière,Montréal,Canada,Camembert Pierrot,28,4,15 - 300 g rounds,0,Dairy Products,Gai pâturage,France,Nancy Davolio,Sales Representative,United Package,2261.0
10605,71,21.5,15,0.05,MEREP,1,1997-07-21,1997-08-18,1997-07-29,379.13,Montréal,Canada,Mère Paillarde,Jean Fresnière,Montréal,Canada,Flotemysost,15,4,10 - 500 g pkgs.,0,Dairy Products,Norske Meierier,Norway,Nancy Davolio,Sales Representative,United Package,306.38
10606,4,22.0,20,0.2,TRADH,4,1997-07-22,1997-08-19,1997-07-31,79.4,Sao Paulo,Brazil,Tradição Hipermercados,Anabela Domingues,Sao Paulo,Brazil,Chef Anton's Cajun Seasoning,2,2,48 - 6 oz jars,0,Condiments,New Orleans Cajun Delights,USA,Margaret Peacock,Sales Representative,Federal Shipping,352.0
10606,55,24.0,20,0.2,TRADH,4,1997-07-22,1997-08-19,1997-07-31,79.4,Sao Paulo,Brazil,Tradição Hipermercados,Anabela Domingues,Sao Paulo,Brazil,Pâté chinois,25,6,24 boxes x 2 pies,0,Meat/Poultry,Ma Maison,Canada,Margaret Peacock,Sales Representative,Federal Shipping,384.0
10606,62,49.3,10,0.2,TRADH,4,1997-07-22,1997-08-19,1997-07-31,79.4,Sao Paulo,Brazil,Tradição Hipermercados,Anabela Domingues,Sao Paulo,Brazil,Tarte au sucre,29,3,48 pies,0,Confections,Forêts d'érables,Canada,Margaret Peacock,Sales Representative,Federal Shipping,394.4
10607,7,30.0,45,0.0,SAVEA,5,1997-07-22,1997-08-19,1997-07-25,200.24,Boise,USA,Save-a-lot Markets,Jose Pavarotti,Boise,USA,Uncle Bob's Organic Dried Pears,3,7,12 - 1 lb pkgs.,0,Produce,Grandma Kelly's Homestead,USA,Steven Buchanan,Sales Manager,Speedy Express,1350.0
10607,17,39.0,100,0.0,SAVEA,5,1997-07-22,1997-08-19,1997-07-25,200.24,Boise,USA,Save-a-lot Markets,Jose Pavarotti,Boise,USA,Alice Mutton,7,6,20 - 1 kg tins,1,Meat/Poultry,Pavlova Ltd.,Australia,Steven Buchanan,Sales Manager,Speedy Express,3900.0
10607,33,2.5,14,0.0,SAVEA,5,1997-07-22,1997-08-19,1997-07-25,200.24,Boise,USA,Save-a-lot Markets,Jose Pavarotti,Boise,USA,Geitost,15,4,500 g,0,Dairy Products,Norske Meierier,Norway,Steven Buchanan,Sales Manager,Speedy Express,35.0
10607,40,18.4,42,0.0,SAVEA,5,1997-07-22,1997-08-19,1997-07-25,200.24,Boise,USA,Save-a-lot Markets,Jose Pavarotti,Boise,USA,Boston Crab Meat,19,8,24 - 4 oz tins,0,Seafood,New England Seafood Cannery,USA,Steven Buchanan,Sales Manager,Speedy Express,772.8
10607,72,34.8,12,0.0,SAVEA,5,1997-07-22,1997-08-19,1997-07-25,200.24,Boise,USA,Save-a-lot Markets,Jose Pavarotti,Boise,USA,Mozzarella di Giovanni,14,4,24 - 200 g pkgs.,0,Dairy Products,Formaggi Fortini s.r.l.,Italy,Steven Buchanan,Sales Manager,Speedy Express,417.6
10608,56,38.0,28,0.0,TOMSP,4,1997-07-23,1997-08-20,1997-08-01,27.79,Münster,Germany,Toms Spezialitäten,Karin Josephs,Münster,Germany,Gnocchi di nonna Alice,26,5,24 - 250 g pkgs.,0,Grains/Cereals,Pasta Buttini s.r.l.,Italy,Margaret Peacock,Sales Representative,United Package,1064.0
10609,1,18.0,3,0.0,DUMON,7,1997-07-24,1997-08-21,1997-07-30,1.85,Nantes,France,Du monde entier,Janine Labrune,Nantes,France,Chai,1,1,10 boxes x 20 bags,0,Beverages,Exotic Liquids,UK,Robert King,Sales Representative,United Package,54.0
10609,10,31.0,10,0.0,DUMON,7,1997-07-24,1997-08-21,1997-07-30,1.85,Nantes,France,Du monde entier,Janine Labrune,Nantes,France,Ikura,4,8,12 - 200 ml jars,0,Seafood,Tokyo Traders,Japan,Robert King,Sales Representative,United Package,310.0
10609,21,10.0,6,0.0,DUMON,7,1997-07-24,1997-08-21,1997-07-30,1.85,Nantes,France,Du monde entier,Janine Labrune,Nantes,France,Sir Rodney's Scones,8,3,24 pkgs. x 4 pieces,0,Confections,Specialty Biscuits Ltd.,UK,Robert King,Sales Representative,United Package,60.0
10610,36,19.0,21,0.25,LAMAI,8,1997-07-25,1997-08-22,1997-08-06,26.78,Toulouse,France,La maison d'Asie,Annette Roulet,Toulouse,France,Inlagd Sill,17,8,24 - 250 g  jars,0,Seafood,Svensk Sjöföda AB,Sweden,Laura Callahan,Inside Sales Coordinator,Speedy Express,299.25
10611,1,18.0,6,0.0,WOLZA,6,1997-07-25,1997-08-22,1997-08-01,80.65,Warszawa,Poland,Wolski  Zajazd,Zbyszek Piestrzeniewicz,Warszawa,Poland,Chai,1,1,10 boxes x 20 bags,0,Beverages,Exotic Liquids,UK,Michael Suyama,Sales Representative,United Package,108.0
10611,2,19.0,10,0.0,WOLZA,6,1997-07-25,1997-08-22,1997-08-01,80.65,Warszawa,Poland,Wolski  Zajazd,Zbyszek Piestrzeniewicz,Warszawa,Poland,Chang,1,1,24 - 12 oz bottles,0,Beverages,Exotic Liquids,UK,Michael Suyama,Sales Representative,United Package,190.0
10611,60,34.0,15,0.0,WOLZA,6,1997-07-25,1997-08-22,1997-08-01,80.65,Warszawa,Poland,Wolski  Zajazd,Zbyszek Piestrzeniewicz,Warszawa,Poland,Camembert Pierrot,28,4,15 - 300 g rounds,0,Dairy Products,Gai pâturage,France,Michael Suyama,Sales Representative,United Package,510.0
10612,10,31.0,70,0.0,SAVEA,1,1997-07-28,1997-08-25,1997-08-01,544.08,Boise,USA,Save-a-lot Markets,Jose Pavarotti,Boise,USA,Ikura,4,8,12 - 200 ml jars,0,Seafood,Tokyo Traders,Japan,Nancy Davolio,Sales Representative,United Package,2170.0
10612,36,19.0,55,0.0,SAVEA,1,1997-07-28,1997-08-25,1997-08-01,544.08,Boise,USA,Save-a-lot Markets,Jose Pavarotti,Boise,USA,Inlagd Sill,17,8,24 - 250 g  jars,0,Seafood,Svensk Sjöföda AB,Sweden,Nancy Davolio,Sales Representative,United Package,1045.0
10612,49,20.0,18,0.0,SAVEA,1,1997-07-28,1997-08-25,1997-08-01,544.08,Boise,USA,Save-a-lot Markets,Jose Pavarotti,Boise,USA,Maxilaku,23,3,24 - 50 g pkgs.,0,Confections,Karkki Oy,Finland,Nancy Davolio,Sales Representative,United Package,360.0
10612,60,34.0,40,0.0,SAVEA,1,1997-07-28,1997-08-25,1997-08-01,544.08,Boise,USA,Save-a-lot Markets,Jose Pavarotti,Boise,USA,Camembert Pierrot,28,4,15 - 300 g rounds,0,Dairy Products,Gai pâturage,France,Nancy Davolio,Sales Representative,United Package,1360.0
10612,76,18.0,80,0.0,SAVEA,1,1997-07-28,1997-08-25,1997-08-01,544.08,Boise,USA,Save-a-lot Markets,Jose Pavarotti,Boise,USA,Lakkalikööri,23,1,500 ml,0,Beverages,Karkki Oy,Finland,Nancy Davolio,Sales Representative,United Package,1440.0
10613,13,6.0,8,0.1,HILAA,4,1997-07-29,1997-08-26,1997-08-01,8.11,San Cristóbal,Venezuela,HILARION-Abastos,Carlos Hernández,San Cristóbal,Venezuela,Konbu,6,8,2 kg box,0,Seafood,Mayumi's,Japan,Margaret Peacock,Sales Representative,United Package,43.2
10613,75,7.75,40,0.0,HILAA,4,1997-07-29,1997-08-26,1997-08-01,8.11,San Cristóbal,Venezuela,HILARION-Abastos,Carlos Hernández,San Cristóbal,Venezuela,Rhönbräu Klosterbier,12,1,24 - 0.5 l bottles,0,Beverages,Plutzer Lebensmittelgroßmärkte AG,Germany,Margaret Peacock,Sales Representative,United Package,310.0
10614,11,21.0,14,0.0,BLAUS,8,1997-07-29,1997-08-26,1997-08-01,1.93,Mannheim,Germany,Blauer See Delikatessen,Hanna Moos,Mannheim,Germany,Queso Cabrales,5,4,1 kg pkg.,0,Dairy Products,Cooperativa de Quesos 'Las Cabras',Spain,Laura Callahan,Inside Sales Coordinator,Federal Shipping,294.0
10614,21,10.0,8,0.0,BLAUS,8,1997-07-29,1997-08-26,1997-08-01,1.93,Mannheim,Germany,Blauer See Delikatessen,Hanna Moos,Mannheim,Germany,Sir Rodney's Scones,8,3,24 pkgs. x 4 pieces,0,Confections,Specialty Biscuits Ltd.,UK,Laura Callahan,Inside Sales Coordinator,Federal Shipping,80.0
10614,39,18.0,5,0.0,BLAUS,8,1997-07-29,1997-08-26,1997-08-01,1.93,Mannheim,Germany,Blauer See Delikatessen,Hanna Moos,Mannheim,Germany,Chartreuse verte,18,1,750 cc per bottle,0,Beverages,Aux joyeux ecclésiastiques,France,Laura Callahan,Inside Sales Coordinator,Federal Shipping,90.0
10615,55,24.0,5,0.0,WILMK,2,1997-07-30,1997-08-27,1997-08-06,0.75,Helsinki,Finland,Wilman Kala,Matti Karttunen,Helsinki,Finland,Pâté chinois,25,6,24 boxes x 2 pies,0,Meat/Poultry,Ma Maison,Canada,Andrew Fuller,Vice President Sales,Federal Shipping,120.0
10616,38,263.5,15,0.05,GREAL,1,1997-07-31,1997-08-28,1997-08-05,116.53,Eugene,USA,Great Lakes Food Market,Howard Snyder,Eugene,USA,Côte de Blaye,18,1,12 - 75 cl bottles,0,Beverages,Aux joyeux ecclésiastiques,France,Nancy Davolio,Sales Representative,United Package,3754.88
10616,56,38.0,14,0.0,GREAL,1,1997-07-31,1997-08-28,1997-08-05,116.53,Eugene,USA,Great Lakes Food Market,Howard Snyder,Eugene,USA,Gnocchi di nonna Alice,26,5,24 - 250 g pkgs.,0,Grains/Cereals,Pasta Buttini s.r.l.,Italy,Nancy Davolio,Sales Representative,United Package,532.0
10616,70,15.0,15,0.05,GREAL,1,1997-07-31,1997-08-28,1997-08-05,116.53,Eugene,USA,Great Lakes Food Market,Howard Snyder,Eugene,USA,Outback Lager,7,1,24 - 355 ml bottles,0,Beverages,Pavlova Ltd.,Australia,Nancy Davolio,Sales Representative,United Package,213.75
10616,71,21.5,15,0.05,GREAL,1,1997-07-31,1997-08-28,1997-08-05,116.53,Eugene,USA,Great Lakes Food Market,Howard Snyder,Eugene,USA,Flotemysost,15,4,10 - 500 g pkgs.,0,Dairy Products,Norske Meierier,Norway,Nancy Davolio,Sales Representative,United Package,306.38
10617,59,55.0,30,0.15,GREAL,4,1997-07-31,1997-08-28,1997-08-04,18.53,Eugene,USA,Great Lakes Food Market,Howard Snyder,Eugene,USA,Raclette Courdavault,28,4,5 kg pkg.,0,Dairy Products,Gai pâturage,France,Margaret Peacock,Sales Representative,United Package,1402.5
10618,6,25.0,70,0.0,MEREP,1,1997-08-01,1997-09-12,1997-08-08,154.68,Montréal,Canada,Mère Paillarde,Jean Fresnière,Montréal,Canada,Grandma's Boysenberry Spread,3,2,12 - 8 oz jars,0,Condiments,Grandma Kelly's Homestead,USA,Nancy Davolio,Sales Representative,Speedy Express,1750.0
10618,56,38.0,20,0.0,MEREP,1,1997-08-01,1997-09-12,1997-08-08,154.68,Montréal,Canada,Mère Paillarde,Jean Fresnière,Montréal,Canada,Gnocchi di nonna Alice,26,5,24 - 250 g pkgs.,0,Grains/Cereals,Pasta Buttini s.r.l.,Italy,Nancy Davolio,Sales Representative,Speedy Express,760.0
10618,68,12.5,15,0.0,MEREP,1,1997-08-01,1997-09-12,1997-08-08,154.68,Montréal,Canada,Mère Paillarde,Jean Fresnière,Montréal,Canada,Scottish Longbreads,8,3,10 boxes x 8 pieces,0,Confections,Specialty Biscuits Ltd.,UK,Nancy Davolio,Sales Representative,Speedy Express,187.5
10619,21,10.0,42,0.0,MEREP,3,1997-08-04,1997-09-01,1997-08-07,91.05,Montréal,Canada,Mère Paillarde,Jean Fresnière,Montréal,Canada,Sir Rodney's Scones,8,3,24 pkgs. x 4 pieces,0,Confections,Specialty Biscuits Ltd.,UK,Janet Leverling,Sales Representative,Federal Shipping,420.0
10619,22,21.0,40,0.0,MEREP,3,1997-08-04,1997-09-01,1997-08-07,91.05,Montréal,Canada,Mère Paillarde,Jean Fresnière,Montréal,Canada,Gustaf's Knäckebröd,9,5,24 - 500 g pkgs.,0,Grains/Cereals,PB Knäckebröd AB,Sweden,Janet Leverling,Sales Representative,Federal Shipping,840.0
10620,24,4.5,5,0.0,LAUGB,2,1997-08-05,1997-09-02,1997-08-14,0.94,Vancouver,Canada,Laughing Bacchus Wine Cellars,Yoshi Tannamuri,Vancouver,Canada,Guaraná Fantástica,10,1,12 - 355 ml cans,1,Beverages,Refrescos Americanas LTDA,Brazil,Andrew Fuller,Vice President Sales,Federal Shipping,22.5
10620,52,7.0,5,0.0,LAUGB,2,1997-08-05,1997-09-02,1997-08-14,0.94,Vancouver,Canada,Laughing Bacchus Wine Cellars,Yoshi Tannamuri,Vancouver,Canada,Filo Mix,24,5,16 - 2 kg boxes,0,Grains/Cereals,G'day Mate,Australia,Andrew Fuller,Vice President Sales,Federal Shipping,35.0
10621,19,9.2,5,0.0,ISLAT,4,1997-08-05,1997-09-02,1997-08-11,23.73,Cowes,UK,Island Trading,Helen Bennett,Cowes,UK,Teatime Chocolate Biscuits,8,3,10 boxes x 12 pieces,0,Confections,Specialty Biscuits Ltd.,UK,Margaret Peacock,Sales Representative,United Package,46.0
10621,23,9.0,10,0.0,ISLAT,4,1997-08-05,1997-09-02,1997-08-11,23.73,Cowes,UK,Island Trading,Helen Bennett,Cowes,UK,Tunnbröd,9,5,12 - 250 g pkgs.,0,Grains/Cereals,PB Knäckebröd AB,Sweden,Margaret Peacock,Sales Representative,United Package,90.0
10621,70,15.0,20,0.0,ISLAT,4,1997-08-05,1997-09-02,1997-08-11,23.73,Cowes,UK,Island Trading,Helen Bennett,Cowes,UK,Outback Lager,7,1,24 - 355 ml bottles,0,Beverages,Pavlova Ltd.,Australia,Margaret Peacock,Sales Representative,United Package,300.0
10621,71,21.5,15,0.0,ISLAT,4,1997-08-05,1997-09-02,1997-08-11,23.73,Cowes,UK,Island Trading,Helen Bennett,Cowes,UK,Flotemysost,15,4,10 - 500 g pkgs.,0,Dairy Products,Norske Meierier,Norway,Margaret Peacock,Sales Representative,United Package,322.5
10622,2,19.0,20,0.0,RICAR,4,1997-08-06,1997-09-03,1997-08-11,50.97,Rio de Janeiro,Brazil,Ricardo Adocicados,Janete Limeira,Rio de Janeiro,Brazil,Chang,1,1,24 - 12 oz bottles,0,Beverages,Exotic Liquids,UK,Margaret Peacock,Sales Representative,Federal Shipping,380.0
10622,68,12.5,18,0.2,RICAR,4,1997-08-06,1997-09-03,1997-08-11,50.97,Rio de Janeiro,Brazil,Ricardo Adocicados,Janete Limeira,Rio de Janeiro,Brazil,Scottish Longbreads,8,3,10 boxes x 8 pieces,0,Confections,Specialty Biscuits Ltd.,UK,Margaret Peacock,Sales Representative,Federal Shipping,180.0
10623,14,23.25,21,0.0,FRANK,8,1997-08-07,1997-09-04,1997-08-12,97.18,München,Germany,Frankenversand,Peter Franken,München,Germany,Tofu,6,7,40 - 100 g pkgs.,0,Produce,Mayumi's,Japan,Laura Callahan,Inside Sales Coordinator,United Package,488.25
10623,19,9.2,15,0.1,FRANK,8,1997-08-07,1997-09-04,1997-08-12,97.18,München,Germany,Frankenversand,Peter Franken,München,Germany,Teatime Chocolate Biscuits,8,3,10 boxes x 12 pieces,0,Confections,Specialty Biscuits Ltd.,UK,Laura Callahan,Inside Sales Coordinator,United Package,124.2
10623,21,10.0,25,0.1,FRANK,8,1997-08-07,1997-09-04,1997-08-12,97.18,München,Germany,Frankenversand,Peter Franken,München,Germany,Sir Rodney's Scones,8,3,24 pkgs. x 4 pieces,0,Confections,Specialty Biscuits Ltd.,UK,Laura Callahan,Inside Sales Coordinator,United Package,225.0
10623,24,4.5,3,0.0,FRANK,8,1997-08-07,1997-09-04,1997-08-12,97.18,München,Germany,Frankenversand,Peter Franken,München,Germany,Guaraná Fantástica,10,1,12 - 355 ml cans,1,Beverages,Refrescos Americanas LTDA,Brazil,Laura Callahan,Inside Sales Coordinator,United Package,13.5
10623,35,18.0,30,0.1,FRANK,8,1997-08-07,1997-09-04,1997-08-12,97.18,München,Germany,Frankenversand,Peter Franken,München,Germany,Steeleye Stout,16,1,24 - 12 oz bottles,0,Beverages,Bigfoot Breweries,USA,Laura Callahan,Inside Sales Coordinator,United Package,486.0
10624,28,45.6,10,0.0,THECR,4,1997-08-07,1997-09-04,1997-08-19,94.8,Butte,USA,The Cracker Box,Liu Wong,Butte,USA,Rössle Sauerkraut,12,7,25 - 825 g cans,1,Produce,Plutzer Lebensmittelgroßmärkte AG,Germany,Margaret Peacock,Sales Representative,United Package,456.0
10624,29,123.79,6,0.0,THECR,4,1997-08-07,1997-09-04,1997-08-19,94.8,Butte,USA,The Cracker Box,Liu Wong,Butte,USA,Thüringer Rostbratwurst,12,6,50 bags x 30 sausgs.,1,Meat/Poultry,Plutzer Lebensmittelgroßmärkte AG,Germany,Margaret Peacock,Sales Representative,United Package,742.74
10624,44,19.45,10,0.0,THECR,4,1997-08-07,1997-09-04,1997-08-19,94.8,Butte,USA,The Cracker Box,Liu Wong,Butte,USA,Gula Malacca,20,2,20 - 2 kg bags,0,Condiments,Leka Trading,Singapore,Margaret Peacock,Sales Representative,United Package,194.5
10625,14,23.25,3,0.0,ANATR,3,1997-08-08,1997-09-05,1997-08-14,43.9,México D.F.,Mexico,Ana Trujillo Emparedados y helados,Ana Trujillo,México D.F.,Mexico,Tofu,6,7,40 - 100 g pkgs.,0,Produce,Mayumi's,Japan,Janet Leverling,Sales Representative,Speedy Express,69.75
10625,42,14.0,5,0.0,ANATR,3,1997-08-08,1997-09-05,1997-08-14,43.9,México D.F.,Mexico,Ana Trujillo Emparedados y helados,Ana Trujillo,México D.F.,Mexico,Singaporean Hokkien Fried Mee,20,5,32 - 1 kg pkgs.,1,Grains/Cereals,Leka Trading,Singapore,Janet Leverling,Sales Representative,Speedy Express,70.0
10625,60,34.0,10,0.0,ANATR,3,1997-08-08,1997-09-05,1997-08-14,43.9,México D.F.,Mexico,Ana Trujillo Emparedados y helados,Ana Trujillo,México D.F.,Mexico,Camembert Pierrot,28,4,15 - 300 g rounds,0,Dairy Products,Gai pâturage,France,Janet Leverling,Sales Representative,Speedy Express,340.0
10626,53,32.8,12,0.0,BERGS,1,1997-08-11,1997-09-08,1997-08-20,138.69,Luleå,Sweden,Berglunds snabbköp,Christina Berglund,Luleå,Sweden,Perth Pasties,24,6,48 pieces,1,Meat/Poultry,G'day Mate,Australia,Nancy Davolio,Sales Representative,United Package,393.6
10626,60,34.0,20,0.0,BERGS,1,1997-08-11,1997-09-08,1997-08-20,138.69,Luleå,Sweden,Berglunds snabbköp,Christina Berglund,Luleå,Sweden,Camembert Pierrot,28,4,15 - 300 g rounds,0,Dairy Products,Gai pâturage,France,Nancy Davolio,Sales Representative,United Package,680.0
10626,71,21.5,20,0.0,BERGS,1,1997-08-11,1997-09-08,1997-08-20,138.69,Luleå,Sweden,Berglunds snabbköp,Christina Berglund,Luleå,Sweden,Flotemysost,15,4,10 - 500 g pkgs.,0,Dairy Products,Norske Meierier,Norway,Nancy Davolio,Sales Representative,United Package,430.0
10627,62,49.3,15,0.0,SAVEA,8,1997-08-11,1997-09-22,1997-08-21,107.46,Boise,USA,Save-a-lot Markets,Jose Pavarotti,Boise,USA,Tarte au sucre,29,3,48 pies,0,Confections,Forêts d'érables,Canada,Laura Callahan,Inside Sales Coordinator,Federal Shipping,739.5
10627,73,15.0,35,0.15,SAVEA,8,1997-08-11,1997-09-22,1997-08-21,107.46,Boise,USA,Save-a-lot Markets,Jose Pavarotti,Boise,USA,Röd Kaviar,17,8,24 - 150 g jars,0,Seafood,Svensk Sjöföda AB,Sweden,Laura Callahan,Inside Sales Coordinator,Federal Shipping,446.25
10628,1,18.0,25,0.0,BLONP,4,1997-08-12,1997-09-09,1997-08-20,30.36,Strasbourg,France,Blondesddsl père et fils,Frédérique Citeaux,Strasbourg,France,Chai,1,1,10 boxes x 20 bags,0,Beverages,Exotic Liquids,UK,Margaret Peacock,Sales Representative,Federal Shipping,450.0
10629,29,123.79,20,0.0,GODOS,4,1997-08-12,1997-09-09,1997-08-20,85.46,Sevilla,Spain,Godos Cocina Típica,José Pedro Freyre,Sevilla,Spain,Thüringer Rostbratwurst,12,6,50 bags x 30 sausgs.,1,Meat/Poultry,Plutzer Lebensmittelgroßmärkte AG,Germany,Margaret Peacock,Sales Representative,Federal Shipping,2475.8
10629,64,33.25,9,0.0,GODOS,4,1997-08-12,1997-09-09,1997-08-20,85.46,Sevilla,Spain,Godos Cocina Típica,José Pedro Freyre,Sevilla,Spain,Wimmers gute Semmelknödel,12,5,20 bags x 4 pieces,0,Grains/Cereals,Plutzer Lebensmittelgroßmärkte AG,Germany,Margaret Peacock,Sales Representative,Federal Shipping,299.25
10630,55,24.0,12,0.05,KOENE,1,1997-08-13,1997-09-10,1997-08-19,32.35,Brandenburg,Germany,Königlich Essen,Philip Cramer,Brandenburg,Germany,Pâté chinois,25,6,24 boxes x 2 pies,0,Meat/Poultry,Ma Maison,Canada,Nancy Davolio,Sales Representative,United Package,273.6
10630,76,18.0,35,0.0,KOENE,1,1997-08-13,1997-09-10,1997-08-19,32.35,Brandenburg,Germany,Königlich Essen,Philip Cramer,Brandenburg,Germany,Lakkalikööri,23,1,500 ml,0,Beverages,Karkki Oy,Finland,Nancy Davolio,Sales Representative,United Package,630.0
10631,75,7.75,8,0.1,LAMAI,8,1997-08-14,1997-09-11,1997-08-15,0.87,Toulouse,France,La maison d'Asie,Annette Roulet,Toulouse,France,Rhönbräu Klosterbier,12,1,24 - 0.5 l bottles,0,Beverages,Plutzer Lebensmittelgroßmärkte AG,Germany,Laura Callahan,Inside Sales Coordinator,Speedy Express,55.8
10632,2,19.0,30,0.05,WANDK,8,1997-08-14,1997-09-11,1997-08-19,41.38,Stuttgart,Germany,Die Wandernde Kuh,Rita Müller,Stuttgart,Germany,Chang,1,1,24 - 12 oz bottles,0,Beverages,Exotic Liquids,UK,Laura Callahan,Inside Sales Coordinator,Speedy Express,541.5
10632,33,2.5,20,0.05,WANDK,8,1997-08-14,1997-09-11,1997-08-19,41.38,Stuttgart,Germany,Die Wandernde Kuh,Rita Müller,Stuttgart,Germany,Geitost,15,4,500 g,0,Dairy Products,Norske Meierier,Norway,Laura Callahan,Inside Sales Coordinator,Speedy Express,47.5
10633,12,38.0,36,0.15,ERNSH,7,1997-08-15,1997-09-12,1997-08-18,477.9,Graz,Austria,Ernst Handel,Roland Mendel,Graz,Austria,Queso Manchego La Pastora,5,4,10 - 500 g pkgs.,0,Dairy Products,Cooperativa de Quesos 'Las Cabras',Spain,Robert King,Sales Representative,Federal Shipping,1162.8
10633,13,6.0,13,0.15,ERNSH,7,1997-08-15,1997-09-12,1997-08-18,477.9,Graz,Austria,Ernst Handel,Roland Mendel,Graz,Austria,Konbu,6,8,2 kg box,0,Seafood,Mayumi's,Japan,Robert King,Sales Representative,Federal Shipping,66.3
10633,26,31.23,35,0.15,ERNSH,7,1997-08-15,1997-09-12,1997-08-18,477.9,Graz,Austria,Ernst Handel,Roland Mendel,Graz,Austria,Gumbär Gummibärchen,11,3,100 - 250 g bags,0,Confections,Heli Süßwaren GmbH & Co. KG,Germany,Robert King,Sales Representative,Federal Shipping,929.09
10633,62,49.3,80,0.15,ERNSH,7,1997-08-15,1997-09-12,1997-08-18,477.9,Graz,Austria,Ernst Handel,Roland Mendel,Graz,Austria,Tarte au sucre,29,3,48 pies,0,Confections,Forêts d'érables,Canada,Robert King,Sales Representative,Federal Shipping,3352.4
10634,7,30.0,35,0.0,FOLIG,4,1997-08-15,1997-09-12,1997-08-21,487.38,Lille,France,Folies gourmandes,Martine Rancé,Lille,France,Uncle Bob's Organic Dried Pears,3,7,12 - 1 lb pkgs.,0,Produce,Grandma Kelly's Homestead,USA,Margaret Peacock,Sales Representative,Federal Shipping,1050.0
10634,18,62.5,50,0.0,FOLIG,4,1997-08-15,1997-09-12,1997-08-21,487.38,Lille,France,Folies gourmandes,Martine Rancé,Lille,France,Carnarvon Tigers,7,8,16 kg pkg.,0,Seafood,Pavlova Ltd.,Australia,Margaret Peacock,Sales Representative,Federal Shipping,3125.0
10634,51,53.0,15,0.0,FOLIG,4,1997-08-15,1997-09-12,1997-08-21,487.38,Lille,France,Folies gourmandes,Martine Rancé,Lille,France,Manjimup Dried Apples,24,7,50 - 300 g pkgs.,0,Produce,G'day Mate,Australia,Margaret Peacock,Sales Representative,Federal Shipping,795.0
10634,75,7.75,2,0.0,FOLIG,4,1997-08-15,1997-09-12,1997-08-21,487.38,Lille,France,Folies gourmandes,Martine Rancé,Lille,France,Rhönbräu Klosterbier,12,1,24 - 0.5 l bottles,0,Beverages,Plutzer Lebensmittelgroßmärkte AG,Germany,Margaret Peacock,Sales Representative,Federal Shipping,15.5
10635,4,22.0,10,0.1,MAGAA,8,1997-08-18,1997-09-15,1997-08-21,47.46,Bergamo,Italy,Magazzini Alimentari Riuniti,Giovanni Rovelli,Bergamo,Italy,Chef Anton's Cajun Seasoning,2,2,48 - 6 oz jars,0,Condiments,New Orleans Cajun Delights,USA,Laura Callahan,Inside Sales Coordinator,Federal Shipping,198.0
10635,5,21.35,15,0.1,MAGAA,8,1997-08-18,1997-09-15,1997-08-21,47.46,Bergamo,Italy,Magazzini Alimentari Riuniti,Giovanni Rovelli,Bergamo,Italy,Chef Anton's Gumbo Mix,2,2,36 boxes,1,Condiments,New Orleans Cajun Delights,USA,Laura Callahan,Inside Sales Coordinator,Federal Shipping,288.23
10635,22,21.0,40,0.0,MAGAA,8,1997-08-18,1997-09-15,1997-08-21,47.46,Bergamo,Italy,Magazzini Alimentari Riuniti,Giovanni Rovelli,Bergamo,Italy,Gustaf's Knäckebröd,9,5,24 - 500 g pkgs.,0,Grains/Cereals,PB Knäckebröd AB,Sweden,Laura Callahan,Inside Sales Coordinator,Federal Shipping,840.0
10636,4,22.0,25,0.0,WARTH,4,1997-08-19,1997-09-16,1997-08-26,1.15,Oulu,Finland,Wartian Herkku,Pirkko Koskitalo,Oulu,Finland,Chef Anton's Cajun Seasoning,2,2,48 - 6 oz jars,0,Condiments,New Orleans Cajun Delights,USA,Margaret Peacock,Sales Representative,Speedy Express,550.0
10636,58,13.25,6,0.0,WARTH,4,1997-08-19,1997-09-16,1997-08-26,1.15,Oulu,Finland,Wartian Herkku,Pirkko Koskitalo,Oulu,Finland,Escargots de Bourgogne,27,8,24 pieces,0,Seafood,Escargots Nouveaux,France,Margaret Peacock,Sales Representative,Speedy Express,79.5
10637,11,21.0,10,0.0,QUEEN,6,1997-08-19,1997-09-16,1997-08-26,201.29,Sao Paulo,Brazil,Queen Cozinha,Lúcia Carvalho,Sao Paulo,Brazil,Queso Cabrales,5,4,1 kg pkg.,0,Dairy Products,Cooperativa de Quesos 'Las Cabras',Spain,Michael Suyama,Sales Representative,Speedy Express,210.0
10637,50,16.25,25,0.05,QUEEN,6,1997-08-19,1997-09-16,1997-08-26,201.29,Sao Paulo,Brazil,Queen Cozinha,Lúcia Carvalho,Sao Paulo,Brazil,Valkoinen suklaa,23,3,12 - 100 g bars,0,Confections,Karkki Oy,Finland,Michael Suyama,Sales Representative,Speedy Express,385.94
10637,56,38.0,60,0.05,QUEEN,6,1997-08-19,1997-09-16,1997-08-26,201.29,Sao Paulo,Brazil,Queen Cozinha,Lúcia Carvalho,Sao Paulo,Brazil,Gnocchi di nonna Alice,26,5,24 - 250 g pkgs.,0,Grains/Cereals,Pasta Buttini s.r.l.,Italy,Michael Suyama,Sales Representative,Speedy Express,2166.0
10638,45,9.5,20,0.0,LINOD,3,1997-08-20,1997-09-17,1997-09-01,158.44,I. de Margarita,Venezuela,LINO-Delicateses,Felipe Izquierdo,I. de Margarita,Venezuela,Rogede sild,21,8,1k pkg.,0,Seafood,Lyngbysild,Denmark,Janet Leverling,Sales Representative,Speedy Express,190.0
10638,65,21.05,21,0.0,LINOD,3,1997-08-20,1997-09-17,1997-09-01,158.44,I. de Margarita,Venezuela,LINO-Delicateses,Felipe Izquierdo,I. de Margarita,Venezuela,Louisiana Fiery Hot Pepper Sauce,2,2,32 - 8 oz bottles,0,Condiments,New Orleans Cajun Delights,USA,Janet Leverling,Sales Representative,Speedy Express,442.05
10638,72,34.8,60,0.0,LINOD,3,1997-08-20,1997-09-17,1997-09-01,158.44,I. de Margarita,Venezuela,LINO-Delicateses,Felipe Izquierdo,I. de Margarita,Venezuela,Mozzarella di Giovanni,14,4,24 - 200 g pkgs.,0,Dairy Products,Formaggi Fortini s.r.l.,Italy,Janet Leverling,Sales Representative,Speedy Express,2088.0
10639,18,62.5,8,0.0,SANTG,7,1997-08-20,1997-09-17,1997-08-27,38.64,Stavern,Norway,Santé Gourmet,Jonas Bergulfsen,Stavern,Norway,Carnarvon Tigers,7,8,16 kg pkg.,0,Seafood,Pavlova Ltd.,Australia,Robert King,Sales Representative,Federal Shipping,500.0
10640,69,36.0,20,0.25,WANDK,4,1997-08-21,1997-09-18,1997-08-28,23.55,Stuttgart,Germany,Die Wandernde Kuh,Rita Müller,Stuttgart,Germany,Gudbrandsdalsost,15,4,10 kg pkg.,0,Dairy Products,Norske Meierier,Norway,Margaret Peacock,Sales Representative,Speedy Express,540.0
10640,70,15.0,15,0.25,WANDK,4,1997-08-21,1997-09-18,1997-08-28,23.55,Stuttgart,Germany,Die Wandernde Kuh,Rita Müller,Stuttgart,Germany,Outback Lager,7,1,24 - 355 ml bottles,0,Beverages,Pavlova Ltd.,Australia,Margaret Peacock,Sales Representative,Speedy Express,168.75
10641,2,19.0,50,0.0,HILAA,4,1997-08-22,1997-09-19,1997-08-26,179.61,San Cristóbal,Venezuela,HILARION-Abastos,Carlos Hernández,San Cristóbal,Venezuela,Chang,1,1,24 - 12 oz bottles,0,Beverages,Exotic Liquids,UK,Margaret Peacock,Sales Representative,United Package,950.0
10641,40,18.4,60,0.0,HILAA,4,1997-08-22,1997-09-19,1997-08-26,179.61,San Cristóbal,Venezuela,HILARION-Abastos,Carlos Hernández,San Cristóbal,Venezuela,Boston Crab Meat,19,8,24 - 4 oz tins,0,Seafood,New England Seafood Cannery,USA,Margaret Peacock,Sales Representative,United Package,1104.0
10642,21,10.0,30,0.2,SIMOB,7,1997-08-22,1997-09-19,1997-09-05,41.89,Kobenhavn,Denmark,Simons bistro,Jytte Petersen,Kobenhavn,Denmark,Sir Rodney's Scones,8,3,24 pkgs. x 4 pieces,0,Confections,Specialty Biscuits Ltd.,UK,Robert King,Sales Representative,Federal Shipping,240.0
10642,61,28.5,20,0.2,SIMOB,7,1997-08-22,1997-09-19,1997-09-05,41.89,Kobenhavn,Denmark,Simons bistro,Jytte Petersen,Kobenhavn,Denmark,Sirop d'érable,29,2,24 - 500 ml bottles,0,Condiments,Forêts d'érables,Canada,Robert King,Sales Representative,Federal Shipping,456.0
10643,28,45.6,15,0.25,ALFKI,6,1997-08-25,1997-09-22,1997-09-02,29.46,Berlin,Germany,Alfreds Futterkiste,Maria Anders,Berlin,Germany,Rössle Sauerkraut,12,7,25 - 825 g cans,1,Produce,Plutzer Lebensmittelgroßmärkte AG,Germany,Michael Suyama,Sales Representative,Speedy Express,513.0
10643,39,18.0,21,0.25,ALFKI,6,1997-08-25,1997-09-22,1997-09-02,29.46,Berlin,Germany,Alfreds Futterkiste,Maria Anders,Berlin,Germany,Chartreuse verte,18,1,750 cc per bottle,0,Beverages,Aux joyeux ecclésiastiques,France,Michael Suyama,Sales Representative,Speedy Express,283.5
10643,46,12.0,2,0.25,ALFKI,6,1997-08-25,1997-09-22,1997-09-02,29.46,Berlin,Germany,Alfreds Futterkiste,Maria Anders,Berlin,Germany,Spegesild,21,8,4 - 450 g glasses,0,Seafood,Lyngbysild,Denmark,Michael Suyama,Sales Representative,Speedy Express,18.0
10644,18,62.5,4,0.1,WELLI,3,1997-08-25,1997-09-22,1997-09-01,0.14,Resende,Brazil,Wellington Importadora,Paula Parente,Resende,Brazil,Carnarvon Tigers,7,8,16 kg pkg.,0,Seafood,Pavlova Ltd.,Australia,Janet Leverling,Sales Representative,United Package,225.0
10644,43,46.0,20,0.0,WELLI,3,1997-08-25,1997-09-22,1997-09-01,0.14,Resende,Brazil,Wellington Importadora,Paula Parente,Resende,Brazil,Ipoh Coffee,20,1,16 - 500 g tins,0,Beverages,Leka Trading,Singapore,Janet Leverling,Sales Representative,United Package,920.0
10644,46,12.0,21,0.1,WELLI,3,1997-08-25,1997-09-22,1997-09-01,0.14,Resende,Brazil,Wellington Importadora,Paula Parente,Resende,Brazil,Spegesild,21,8,4 - 450 g glasses,0,Seafood,Lyngbysild,Denmark,Janet Leverling,Sales Representative,United Package,226.8
10645,18,62.5,20,0.0,HANAR,4,1997-08-26,1997-09-23,1997-09-02,12.41,Rio de Janeiro,Brazil,Hanari Carnes,Mario Pontes,Rio de Janeiro,Brazil,Carnarvon Tigers,7,8,16 kg pkg.,0,Seafood,Pavlova Ltd.,Australia,Margaret Peacock,Sales Representative,Speedy Express,1250.0
10645,36,19.0,15,0.0,HANAR,4,1997-08-26,1997-09-23,1997-09-02,12.41,Rio de Janeiro,Brazil,Hanari Carnes,Mario Pontes,Rio de Janeiro,Brazil,Inlagd Sill,17,8,24 - 250 g  jars,0,Seafood,Svensk Sjöföda AB,Sweden,Margaret Peacock,Sales Representative,Speedy Express,285.0
10646,1,18.0,15,0.25,HUNGO,9,1997-08-27,1997-10-08,1997-09-03,142.33,Cork,Ireland,Hungry Owl All-Night Grocers,Patricia McKenna,Cork,Ireland,Chai,1,1,10 boxes x 20 bags,0,Beverages,Exotic Liquids,UK,Anne Dodsworth,Sales Representative,Federal Shipping,202.5
10646,10,31.0,18,0.25,HUNGO,9,1997-08-27,1997-10-08,1997-09-03,142.33,Cork,Ireland,Hungry Owl All-Night Grocers,Patricia McKenna,Cork,Ireland,Ikura,4,8,12 - 200 ml jars,0,Seafood,Tokyo Traders,Japan,Anne Dodsworth,Sales Representative,Federal Shipping,418.5
10646,71,21.5,30,0.25,HUNGO,9,1997-08-27,1997-10-08,1997-09-03,142.33,Cork,Ireland,Hungry Owl All-Night Grocers,Patricia McKenna,Cork,Ireland,Flotemysost,15,4,10 - 500 g pkgs.,0,Dairy Products,Norske Meierier,Norway,Anne Dodsworth,Sales Representative,Federal Shipping,483.75
10646,77,13.0,35,0.25,HUNGO,9,1997-08-27,1997-10-08,1997-09-03,142.33,Cork,Ireland,Hungry Owl All-Night Grocers,Patricia McKenna,Cork,Ireland,Original Frankfurter grüne Soße,12,2,12 boxes,0,Condiments,Plutzer Lebensmittelgroßmärkte AG,Germany,Anne Dodsworth,Sales Representative,Federal Shipping,341.25
10647,19,9.2,30,0.0,QUEDE,4,1997-08-27,1997-09-10,1997-09-03,45.54,Rio de Janeiro,Brazil,Que Delícia,Bernardo Batista, 12Rio de Janeiro,Brazil,Teatime Chocolate Biscuits,8,3,10 boxes x 12 pieces,0,Confections,Specialty Biscuits Ltd.,UK,Margaret Peacock,Sales Representative,United Package,276.0
10647,39,18.0,20,0.0,QUEDE,4,1997-08-27,1997-09-10,1997-09-03,45.54,Rio de Janeiro,Brazil,Que Delícia,Bernardo Batista, 12Rio de Janeiro,Brazil,Chartreuse verte,18,1,750 cc per bottle,0,Beverages,Aux joyeux ecclésiastiques,France,Margaret Peacock,Sales Representative,United Package,360.0
10648,22,21.0,15,0.0,RICAR,5,1997-08-28,1997-10-09,1997-09-09,14.25,Rio de Janeiro,Brazil,Ricardo Adocicados,Janete Limeira,Rio de Janeiro,Brazil,Gustaf's Knäckebröd,9,5,24 - 500 g pkgs.,0,Grains/Cereals,PB Knäckebröd AB,Sweden,Steven Buchanan,Sales Manager,United Package,315.0
10648,24,4.5,15,0.15,RICAR,5,1997-08-28,1997-10-09,1997-09-09,14.25,Rio de Janeiro,Brazil,Ricardo Adocicados,Janete Limeira,Rio de Janeiro,Brazil,Guaraná Fantástica,10,1,12 - 355 ml cans,1,Beverages,Refrescos Americanas LTDA,Brazil,Steven Buchanan,Sales Manager,United Package,57.38
10649,28,45.6,20,0.0,MAISD,5,1997-08-28,1997-09-25,1997-08-29,6.2,Bruxelles,Belgium,Maison Dewey,Catherine Dewey,Bruxelles,Belgium,Rössle Sauerkraut,12,7,25 - 825 g cans,1,Produce,Plutzer Lebensmittelgroßmärkte AG,Germany,Steven Buchanan,Sales Manager,Federal Shipping,912.0
10649,72,34.8,15,0.0,MAISD,5,1997-08-28,1997-09-25,1997-08-29,6.2,Bruxelles,Belgium,Maison Dewey,Catherine Dewey,Bruxelles,Belgium,Mozzarella di Giovanni,14,4,24 - 200 g pkgs.,0,Dairy Products,Formaggi Fortini s.r.l.,Italy,Steven Buchanan,Sales Manager,Federal Shipping,522.0
10650,30,25.89,30,0.0,FAMIA,5,1997-08-29,1997-09-26,1997-09-03,176.81,Sao Paulo,Brazil,Familia Arquibaldo,Aria Cruz,Sao Paulo,Brazil,Nord-Ost Matjeshering,13,8,10 - 200 g glasses,0,Seafood,Nord-Ost-Fisch Handelsgesellschaft mbH,Germany,Steven Buchanan,Sales Manager,Federal Shipping,776.7
10650,53,32.8,25,0.05,FAMIA,5,1997-08-29,1997-09-26,1997-09-03,176.81,Sao Paulo,Brazil,Familia Arquibaldo,Aria Cruz,Sao Paulo,Brazil,Perth Pasties,24,6,48 pieces,1,Meat/Poultry,G'day Mate,Australia,Steven Buchanan,Sales Manager,Federal Shipping,779.0
10650,54,7.45,30,0.0,FAMIA,5,1997-08-29,1997-09-26,1997-09-03,176.81,Sao Paulo,Brazil,Familia Arquibaldo,Aria Cruz,Sao Paulo,Brazil,Tourtière,25,6,16 pies,0,Meat/Poultry,Ma Maison,Canada,Steven Buchanan,Sales Manager,Federal Shipping,223.5
10651,19,9.2,12,0.25,WANDK,8,1997-09-01,1997-09-29,1997-09-11,20.6,Stuttgart,Germany,Die Wandernde Kuh,Rita Müller,Stuttgart,Germany,Teatime Chocolate Biscuits,8,3,10 boxes x 12 pieces,0,Confections,Specialty Biscuits Ltd.,UK,Laura Callahan,Inside Sales Coordinator,United Package,82.8
10651,22,21.0,20,0.25,WANDK,8,1997-09-01,1997-09-29,1997-09-11,20.6,Stuttgart,Germany,Die Wandernde Kuh,Rita Müller,Stuttgart,Germany,Gustaf's Knäckebröd,9,5,24 - 500 g pkgs.,0,Grains/Cereals,PB Knäckebröd AB,Sweden,Laura Callahan,Inside Sales Coordinator,United Package,315.0
10652,30,25.89,2,0.25,GOURL,4,1997-09-01,1997-09-29,1997-09-08,7.14,Campinas,Brazil,Gourmet Lanchonetes,André Fonseca,Campinas,Brazil,Nord-Ost Matjeshering,13,8,10 - 200 g glasses,0,Seafood,Nord-Ost-Fisch Handelsgesellschaft mbH,Germany,Margaret Peacock,Sales Representative,United Package,38.84
10652,42,14.0,20,0.0,GOURL,4,1997-09-01,1997-09-29,1997-09-08,7.14,Campinas,Brazil,Gourmet Lanchonetes,André Fonseca,Campinas,Brazil,Singaporean Hokkien Fried Mee,20,5,32 - 1 kg pkgs.,1,Grains/Cereals,Leka Trading,Singapore,Margaret Peacock,Sales Representative,United Package,280.0
10653,16,17.45,30,0.1,FRANK,1,1997-09-02,1997-09-30,1997-09-19,93.25,München,Germany,Frankenversand,Peter Franken,München,Germany,Pavlova,7,3,32 - 500 g boxes,0,Confections,Pavlova Ltd.,Australia,Nancy Davolio,Sales Representative,Speedy Express,471.15
10653,60,34.0,20,0.1,FRANK,1,1997-09-02,1997-09-30,1997-09-19,93.25,München,Germany,Frankenversand,Peter Franken,München,Germany,Camembert Pierrot,28,4,15 - 300 g rounds,0,Dairy Products,Gai pâturage,France,Nancy Davolio,Sales Representative,Speedy Express,612.0
10654,4,22.0,12,0.1,BERGS,5,1997-09-02,1997-09-30,1997-09-11,55.26,Luleå,Sweden,Berglunds snabbköp,Christina Berglund,Luleå,Sweden,Chef Anton's Cajun Seasoning,2,2,48 - 6 oz jars,0,Condiments,New Orleans Cajun Delights,USA,Steven Buchanan,Sales Manager,Speedy Express,237.6
10654,39,18.0,20,0.1,BERGS,5,1997-09-02,1997-09-30,1997-09-11,55.26,Luleå,Sweden,Berglunds snabbköp,Christina Berglund,Luleå,Sweden,Chartreuse verte,18,1,750 cc per bottle,0,Beverages,Aux joyeux ecclésiastiques,France,Steven Buchanan,Sales Manager,Speedy Express,324.0
10654,54,7.45,6,0.1,BERGS,5,1997-09-02,1997-09-30,1997-09-11,55.26,Luleå,Sweden,Berglunds snabbköp,Christina Berglund,Luleå,Sweden,Tourtière,25,6,16 pies,0,Meat/Poultry,Ma Maison,Canada,Steven Buchanan,Sales Manager,Speedy Express,40.23
10655,41,9.65,20,0.2,REGGC,1,1997-09-03,1997-10-01,1997-09-11,4.41,Reggio Emilia,Italy,Reggiani Caseifici,Maurizio Moroni,Reggio Emilia,Italy,Jack's New England Clam Chowder,19,8,12 - 12 oz cans,0,Seafood,New England Seafood Cannery,USA,Nancy Davolio,Sales Representative,United Package,154.4
10656,14,23.25,3,0.1,GREAL,6,1997-09-04,1997-10-02,1997-09-10,57.15,Eugene,USA,Great Lakes Food Market,Howard Snyder,Eugene,USA,Tofu,6,7,40 - 100 g pkgs.,0,Produce,Mayumi's,Japan,Michael Suyama,Sales Representative,Speedy Express,62.78
10656,44,19.45,28,0.1,GREAL,6,1997-09-04,1997-10-02,1997-09-10,57.15,Eugene,USA,Great Lakes Food Market,Howard Snyder,Eugene,USA,Gula Malacca,20,2,20 - 2 kg bags,0,Condiments,Leka Trading,Singapore,Michael Suyama,Sales Representative,Speedy Express,490.14
10656,47,9.5,6,0.1,GREAL,6,1997-09-04,1997-10-02,1997-09-10,57.15,Eugene,USA,Great Lakes Food Market,Howard Snyder,Eugene,USA,Zaanse koeken,22,3,10 - 4 oz boxes,0,Confections,Zaanse Snoepfabriek,Netherlands,Michael Suyama,Sales Representative,Speedy Express,51.3
10657,15,15.5,50,0.0,SAVEA,2,1997-09-04,1997-10-02,1997-09-15,352.69,Boise,USA,Save-a-lot Markets,Jose Pavarotti,Boise,USA,Genen Shouyu,6,2,24 - 250 ml bottles,0,Condiments,Mayumi's,Japan,Andrew Fuller,Vice President Sales,United Package,775.0
10657,41,9.65,24,0.0,SAVEA,2,1997-09-04,1997-10-02,1997-09-15,352.69,Boise,USA,Save-a-lot Markets,Jose Pavarotti,Boise,USA,Jack's New England Clam Chowder,19,8,12 - 12 oz cans,0,Seafood,New England Seafood Cannery,USA,Andrew Fuller,Vice President Sales,United Package,231.6
10657,46,12.0,45,0.0,SAVEA,2,1997-09-04,1997-10-02,1997-09-15,352.69,Boise,USA,Save-a-lot Markets,Jose Pavarotti,Boise,USA,Spegesild,21,8,4 - 450 g glasses,0,Seafood,Lyngbysild,Denmark,Andrew Fuller,Vice President Sales,United Package,540.0
10657,47,9.5,10,0.0,SAVEA,2,1997-09-04,1997-10-02,1997-09-15,352.69,Boise,USA,Save-a-lot Markets,Jose Pavarotti,Boise,USA,Zaanse koeken,22,3,10 - 4 oz boxes,0,Confections,Zaanse Snoepfabriek,Netherlands,Andrew Fuller,Vice President Sales,United Package,95.0
10657,56,38.0,45,0.0,SAVEA,2,1997-09-04,1997-10-02,1997-09-15,352.69,Boise,USA,Save-a-lot Markets,Jose Pavarotti,Boise,USA,Gnocchi di nonna Alice,26,5,24 - 250 g pkgs.,0,Grains/Cereals,Pasta Buttini s.r.l.,Italy,Andrew Fuller,Vice President Sales,United Package,1710.0
10657,60,34.0,30,0.0,SAVEA,2,1997-09-04,1997-10-02,1997-09-15,352.69,Boise,USA,Save-a-lot Markets,Jose Pavarotti,Boise,USA,Camembert Pierrot,28,4,15 - 300 g rounds,0,Dairy Products,Gai pâturage,France,Andrew Fuller,Vice President Sales,United Package,1020.0
10658,21,10.0,60,0.0,QUICK,4,1997-09-05,1997-10-03,1997-09-08,364.15,Cunewalde,Germany,QUICK-Stop,Horst Kloss,Cunewalde,Germany,Sir Rodney's Scones,8,3,24 pkgs. x 4 pieces,0,Confections,Specialty Biscuits Ltd.,UK,Margaret Peacock,Sales Representative,Speedy Express,600.0
10658,40,18.4,70,0.05,QUICK,4,1997-09-05,1997-10-03,1997-09-08,364.15,Cunewalde,Germany,QUICK-Stop,Horst Kloss,Cunewalde,Germany,Boston Crab Meat,19,8,24 - 4 oz tins,0,Seafood,New England Seafood Cannery,USA,Margaret Peacock,Sales Representative,Speedy Express,1223.6
10658,60,34.0,55,0.05,QUICK,4,1997-09-05,1997-10-03,1997-09-08,364.15,Cunewalde,Germany,QUICK-Stop,Horst Kloss,Cunewalde,Germany,Camembert Pierrot,28,4,15 - 300 g rounds,0,Dairy Products,Gai pâturage,France,Margaret Peacock,Sales Representative,Speedy Express,1776.5
10658,77,13.0,70,0.05,QUICK,4,1997-09-05,1997-10-03,1997-09-08,364.15,Cunewalde,Germany,QUICK-Stop,Horst Kloss,Cunewalde,Germany,Original Frankfurter grüne Soße,12,2,12 boxes,0,Condiments,Plutzer Lebensmittelgroßmärkte AG,Germany,Margaret Peacock,Sales Representative,Speedy Express,864.5
10659,31,12.5,20,0.05,QUEEN,7,1997-09-05,1997-10-03,1997-09-10,105.81,Sao Paulo,Brazil,Queen Cozinha,Lúcia Carvalho,Sao Paulo,Brazil,Gorgonzola Telino,14,4,12 - 100 g pkgs,0,Dairy Products,Formaggi Fortini s.r.l.,Italy,Robert King,Sales Representative,United Package,237.5
10659,40,18.4,24,0.05,QUEEN,7,1997-09-05,1997-10-03,1997-09-10,105.81,Sao Paulo,Brazil,Queen Cozinha,Lúcia Carvalho,Sao Paulo,Brazil,Boston Crab Meat,19,8,24 - 4 oz tins,0,Seafood,New England Seafood Cannery,USA,Robert King,Sales Representative,United Package,419.52
10659,70,15.0,40,0.05,QUEEN,7,1997-09-05,1997-10-03,1997-09-10,105.81,Sao Paulo,Brazil,Queen Cozinha,Lúcia Carvalho,Sao Paulo,Brazil,Outback Lager,7,1,24 - 355 ml bottles,0,Beverages,Pavlova Ltd.,Australia,Robert King,Sales Representative,United Package,570.0
10660,20,81.0,21,0.0,HUNGC,8,1997-09-08,1997-10-06,1997-10-15,111.29,Elgin,USA,Hungry Coyote Import Store,Yoshi Latimer,Elgin,USA,Sir Rodney's Marmalade,8,3,30 gift boxes,0,Confections,Specialty Biscuits Ltd.,UK,Laura Callahan,Inside Sales Coordinator,Speedy Express,1701.0
10661,39,18.0,3,0.2,HUNGO,7,1997-09-09,1997-10-07,1997-09-15,17.55,Cork,Ireland,Hungry Owl All-Night Grocers,Patricia McKenna,Cork,Ireland,Chartreuse verte,18,1,750 cc per bottle,0,Beverages,Aux joyeux ecclésiastiques,France,Robert King,Sales Representative,Federal Shipping,43.2
10661,58,13.25,49,0.2,HUNGO,7,1997-09-09,1997-10-07,1997-09-15,17.55,Cork,Ireland,Hungry Owl All-Night Grocers,Patricia McKenna,Cork,Ireland,Escargots de Bourgogne,27,8,24 pieces,0,Seafood,Escargots Nouveaux,France,Robert King,Sales Representative,Federal Shipping,519.4
10662,68,12.5,10,0.0,LONEP,3,1997-09-09,1997-10-07,1997-09-18,1.28,Portland,USA,Lonesome Pine Restaurant,Fran Wilson,Portland,USA,Scottish Longbreads,8,3,10 boxes x 8 pieces,0,Confections,Specialty Biscuits Ltd.,UK,Janet Leverling,Sales Representative,United Package,125.0
10663,40,18.4,30,0.05,BONAP,2,1997-09-10,1997-09-24,1997-10-03,113.15,Marseille,France,Bon app',Laurence Lebihan,Marseille,France,Boston Crab Meat,19,8,24 - 4 oz tins,0,Seafood,New England Seafood Cannery,USA,Andrew Fuller,Vice President Sales,United Package,524.4
10663,42,14.0,30,0.05,BONAP,2,1997-09-10,1997-09-24,1997-10-03,113.15,Marseille,France,Bon app',Laurence Lebihan,Marseille,France,Singaporean Hokkien Fried Mee,20,5,32 - 1 kg pkgs.,1,Grains/Cereals,Leka Trading,Singapore,Andrew Fuller,Vice President Sales,United Package,399.0
10663,51,53.0,20,0.05,BONAP,2,1997-09-10,1997-09-24,1997-10-03,113.15,Marseille,France,Bon app',Laurence Lebihan,Marseille,France,Manjimup Dried Apples,24,7,50 - 300 g pkgs.,0,Produce,G'day Mate,Australia,Andrew Fuller,Vice President Sales,United Package,1007.0
10664,10,31.0,24,0.15,FURIB,1,1997-09-10,1997-10-08,1997-09-19,1.27,Lisboa,Portugal,Furia Bacalhau e Frutos do Mar,Lino Rodriguez,Lisboa,Portugal,Ikura,4,8,12 - 200 ml jars,0,Seafood,Tokyo Traders,Japan,Nancy Davolio,Sales Representative,Federal Shipping,632.4
10664,56,38.0,12,0.15,FURIB,1,1997-09-10,1997-10-08,1997-09-19,1.27,Lisboa,Portugal,Furia Bacalhau e Frutos do Mar,Lino Rodriguez,Lisboa,Portugal,Gnocchi di nonna Alice,26,5,24 - 250 g pkgs.,0,Grains/Cereals,Pasta Buttini s.r.l.,Italy,Nancy Davolio,Sales Representative,Federal Shipping,387.6
10664,65,21.05,15,0.15,FURIB,1,1997-09-10,1997-10-08,1997-09-19,1.27,Lisboa,Portugal,Furia Bacalhau e Frutos do Mar,Lino Rodriguez,Lisboa,Portugal,Louisiana Fiery Hot Pepper Sauce,2,2,32 - 8 oz bottles,0,Condiments,New Orleans Cajun Delights,USA,Nancy Davolio,Sales Representative,Federal Shipping,268.39
10665,51,53.0,20,0.0,LONEP,1,1997-09-11,1997-10-09,1997-09-17,26.31,Portland,USA,Lonesome Pine Restaurant,Fran Wilson,Portland,USA,Manjimup Dried Apples,24,7,50 - 300 g pkgs.,0,Produce,G'day Mate,Australia,Nancy Davolio,Sales Representative,United Package,1060.0
10665,59,55.0,1,0.0,LONEP,1,1997-09-11,1997-10-09,1997-09-17,26.31,Portland,USA,Lonesome Pine Restaurant,Fran Wilson,Portland,USA,Raclette Courdavault,28,4,5 kg pkg.,0,Dairy Products,Gai pâturage,France,Nancy Davolio,Sales Representative,United Package,55.0
10665,76,18.0,10,0.0,LONEP,1,1997-09-11,1997-10-09,1997-09-17,26.31,Portland,USA,Lonesome Pine Restaurant,Fran Wilson,Portland,USA,Lakkalikööri,23,1,500 ml,0,Beverages,Karkki Oy,Finland,Nancy Davolio,Sales Representative,United Package,180.0
10666,29,123.79,36,0.0,RICSU,7,1997-09-12,1997-10-10,1997-09-22,232.42,Genève,Switzerland,Richter Supermarkt,Michael Holz,Genève,Switzerland,Thüringer Rostbratwurst,12,6,50 bags x 30 sausgs.,1,Meat/Poultry,Plutzer Lebensmittelgroßmärkte AG,Germany,Robert King,Sales Representative,United Package,4456.44
10666,65,21.05,10,0.0,RICSU,7,1997-09-12,1997-10-10,1997-09-22,232.42,Genève,Switzerland,Richter Supermarkt,Michael Holz,Genève,Switzerland,Louisiana Fiery Hot Pepper Sauce,2,2,32 - 8 oz bottles,0,Condiments,New Orleans Cajun Delights,USA,Robert King,Sales Representative,United Package,210.5
10667,69,36.0,45,0.2,ERNSH,7,1997-09-12,1997-10-10,1997-09-19,78.09,Graz,Austria,Ernst Handel,Roland Mendel,Graz,Austria,Gudbrandsdalsost,15,4,10 kg pkg.,0,Dairy Products,Norske Meierier,Norway,Robert King,Sales Representative,Speedy Express,1296.0
10667,71,21.5,14,0.2,ERNSH,7,1997-09-12,1997-10-10,1997-09-19,78.09,Graz,Austria,Ernst Handel,Roland Mendel,Graz,Austria,Flotemysost,15,4,10 - 500 g pkgs.,0,Dairy Products,Norske Meierier,Norway,Robert King,Sales Representative,Speedy Express,240.8
10668,31,12.5,8,0.1,WANDK,1,1997-09-15,1997-10-13,1997-09-23,47.22,Stuttgart,Germany,Die Wandernde Kuh,Rita Müller,Stuttgart,Germany,Gorgonzola Telino,14,4,12 - 100 g pkgs,0,Dairy Products,Formaggi Fortini s.r.l.,Italy,Nancy Davolio,Sales Representative,United Package,90.0
10668,55,24.0,4,0.1,WANDK,1,1997-09-15,1997-10-13,1997-09-23,47.22,Stuttgart,Germany,Die Wandernde Kuh,Rita Müller,Stuttgart,Germany,Pâté chinois,25,6,24 boxes x 2 pies,0,Meat/Poultry,Ma Maison,Canada,Nancy Davolio,Sales Representative,United Package,86.4
10668,64,33.25,15,0.1,WANDK,1,1997-09-15,1997-10-13,1997-09-23,47.22,Stuttgart,Germany,Die Wandernde Kuh,Rita Müller,Stuttgart,Germany,Wimmers gute Semmelknödel,12,5,20 bags x 4 pieces,0,Grains/Cereals,Plutzer Lebensmittelgroßmärkte AG,Germany,Nancy Davolio,Sales Representative,United Package,448.88
10669,36,19.0,30,0.0,SIMOB,2,1997-09-15,1997-10-13,1997-09-22,24.39,Kobenhavn,Denmark,Simons bistro,Jytte Petersen,Kobenhavn,Denmark,Inlagd Sill,17,8,24 - 250 g  jars,0,Seafood,Svensk Sjöföda AB,Sweden,Andrew Fuller,Vice President Sales,Speedy Express,570.0
10670,23,9.0,32,0.0,FRANK,4,1997-09-16,1997-10-14,1997-09-18,203.48,München,Germany,Frankenversand,Peter Franken,München,Germany,Tunnbröd,9,5,12 - 250 g pkgs.,0,Grains/Cereals,PB Knäckebröd AB,Sweden,Margaret Peacock,Sales Representative,Speedy Express,288.0
10670,46,12.0,60,0.0,FRANK,4,1997-09-16,1997-10-14,1997-09-18,203.48,München,Germany,Frankenversand,Peter Franken,München,Germany,Spegesild,21,8,4 - 450 g glasses,0,Seafood,Lyngbysild,Denmark,Margaret Peacock,Sales Representative,Speedy Express,720.0
10670,67,14.0,25,0.0,FRANK,4,1997-09-16,1997-10-14,1997-09-18,203.48,München,Germany,Frankenversand,Peter Franken,München,Germany,Laughing Lumberjack Lager,16,1,24 - 12 oz bottles,0,Beverages,Bigfoot Breweries,USA,Margaret Peacock,Sales Representative,Speedy Express,350.0
10670,73,15.0,50,0.0,FRANK,4,1997-09-16,1997-10-14,1997-09-18,203.48,München,Germany,Frankenversand,Peter Franken,München,Germany,Röd Kaviar,17,8,24 - 150 g jars,0,Seafood,Svensk Sjöföda AB,Sweden,Margaret Peacock,Sales Representative,Speedy Express,750.0
10670,75,7.75,25,0.0,FRANK,4,1997-09-16,1997-10-14,1997-09-18,203.48,München,Germany,Frankenversand,Peter Franken,München,Germany,Rhönbräu Klosterbier,12,1,24 - 0.5 l bottles,0,Beverages,Plutzer Lebensmittelgroßmärkte AG,Germany,Margaret Peacock,Sales Representative,Speedy Express,193.75
10671,16,17.45,10,0.0,FRANR,1,1997-09-17,1997-10-15,1997-09-24,30.34,Nantes,France,France restauration,Carine Schmitt,Nantes,France,Pavlova,7,3,32 - 500 g boxes,0,Confections,Pavlova Ltd.,Australia,Nancy Davolio,Sales Representative,Speedy Express,174.5
10671,62,49.3,10,0.0,FRANR,1,1997-09-17,1997-10-15,1997-09-24,30.34,Nantes,France,France restauration,Carine Schmitt,Nantes,France,Tarte au sucre,29,3,48 pies,0,Confections,Forêts d'érables,Canada,Nancy Davolio,Sales Representative,Speedy Express,493.0
10671,65,21.05,12,0.0,FRANR,1,1997-09-17,1997-10-15,1997-09-24,30.34,Nantes,France,France restauration,Carine Schmitt,Nantes,France,Louisiana Fiery Hot Pepper Sauce,2,2,32 - 8 oz bottles,0,Condiments,New Orleans Cajun Delights,USA,Nancy Davolio,Sales Representative,Speedy Express,252.6
10672,38,263.5,15,0.1,BERGS,9,1997-09-17,1997-10-01,1997-09-26,95.75,Luleå,Sweden,Berglunds snabbköp,Christina Berglund,Luleå,Sweden,Côte de Blaye,18,1,12 - 75 cl bottles,0,Beverages,Aux joyeux ecclésiastiques,France,Anne Dodsworth,Sales Representative,United Package,3557.25
10672,71,21.5,12,0.0,BERGS,9,1997-09-17,1997-10-01,1997-09-26,95.75,Luleå,Sweden,Berglunds snabbköp,Christina Berglund,Luleå,Sweden,Flotemysost,15,4,10 - 500 g pkgs.,0,Dairy Products,Norske Meierier,Norway,Anne Dodsworth,Sales Representative,United Package,258.0
10673,16,17.45,3,0.0,WILMK,2,1997-09-18,1997-10-16,1997-09-19,22.76,Helsinki,Finland,Wilman Kala,Matti Karttunen,Helsinki,Finland,Pavlova,7,3,32 - 500 g boxes,0,Confections,Pavlova Ltd.,Australia,Andrew Fuller,Vice President Sales,Speedy Express,52.35
10673,42,14.0,6,0.0,WILMK,2,1997-09-18,1997-10-16,1997-09-19,22.76,Helsinki,Finland,Wilman Kala,Matti Karttunen,Helsinki,Finland,Singaporean Hokkien Fried Mee,20,5,32 - 1 kg pkgs.,1,Grains/Cereals,Leka Trading,Singapore,Andrew Fuller,Vice President Sales,Speedy Express,84.0
10673,43,46.0,6,0.0,WILMK,2,1997-09-18,1997-10-16,1997-09-19,22.76,Helsinki,Finland,Wilman Kala,Matti Karttunen,Helsinki,Finland,Ipoh Coffee,20,1,16 - 500 g tins,0,Beverages,Leka Trading,Singapore,Andrew Fuller,Vice President Sales,Speedy Express,276.0
10674,23,9.0,5,0.0,ISLAT,4,1997-09-18,1997-10-16,1997-09-30,0.9,Cowes,UK,Island Trading,Helen Bennett,Cowes,UK,Tunnbröd,9,5,12 - 250 g pkgs.,0,Grains/Cereals,PB Knäckebröd AB,Sweden,Margaret Peacock,Sales Representative,United Package,45.0
10675,14,23.25,30,0.0,FRANK,5,1997-09-19,1997-10-17,1997-09-23,31.85,München,Germany,Frankenversand,Peter Franken,München,Germany,Tofu,6,7,40 - 100 g pkgs.,0,Produce,Mayumi's,Japan,Steven Buchanan,Sales Manager,United Package,697.5
10675,53,32.8,10,0.0,FRANK,5,1997-09-19,1997-10-17,1997-09-23,31.85,München,Germany,Frankenversand,Peter Franken,München,Germany,Perth Pasties,24,6,48 pieces,1,Meat/Poultry,G'day Mate,Australia,Steven Buchanan,Sales Manager,United Package,328.0
10675,58,13.25,30,0.0,FRANK,5,1997-09-19,1997-10-17,1997-09-23,31.85,München,Germany,Frankenversand,Peter Franken,München,Germany,Escargots de Bourgogne,27,8,24 pieces,0,Seafood,Escargots Nouveaux,France,Steven Buchanan,Sales Manager,United Package,397.5
10676,10,31.0,2,0.0,TORTU,2,1997-09-22,1997-10-20,1997-09-29,2.01,México D.F.,Mexico,Tortuga Restaurante,Miguel Angel Paolino,México D.F.,Mexico,Ikura,4,8,12 - 200 ml jars,0,Seafood,Tokyo Traders,Japan,Andrew Fuller,Vice President Sales,United Package,62.0
10676,19,9.2,7,0.0,TORTU,2,1997-09-22,1997-10-20,1997-09-29,2.01,México D.F.,Mexico,Tortuga Restaurante,Miguel Angel Paolino,México D.F.,Mexico,Teatime Chocolate Biscuits,8,3,10 boxes x 12 pieces,0,Confections,Specialty Biscuits Ltd.,UK,Andrew Fuller,Vice President Sales,United Package,64.4
10676,44,19.45,21,0.0,TORTU,2,1997-09-22,1997-10-20,1997-09-29,2.01,México D.F.,Mexico,Tortuga Restaurante,Miguel Angel Paolino,México D.F.,Mexico,Gula Malacca,20,2,20 - 2 kg bags,0,Condiments,Leka Trading,Singapore,Andrew Fuller,Vice President Sales,United Package,408.45
10677,26,31.23,30,0.15,ANTON,1,1997-09-22,1997-10-20,1997-09-26,4.03,México D.F.,Mexico,Antonio Moreno Taquería,Antonio Moreno,México D.F.,Mexico,Gumbär Gummibärchen,11,3,100 - 250 g bags,0,Confections,Heli Süßwaren GmbH & Co. KG,Germany,Nancy Davolio,Sales Representative,Federal Shipping,796.36
10677,33,2.5,8,0.15,ANTON,1,1997-09-22,1997-10-20,1997-09-26,4.03,México D.F.,Mexico,Antonio Moreno Taquería,Antonio Moreno,México D.F.,Mexico,Geitost,15,4,500 g,0,Dairy Products,Norske Meierier,Norway,Nancy Davolio,Sales Representative,Federal Shipping,17.0
10678,12,38.0,100,0.0,SAVEA,7,1997-09-23,1997-10-21,1997-10-16,388.98,Boise,USA,Save-a-lot Markets,Jose Pavarotti,Boise,USA,Queso Manchego La Pastora,5,4,10 - 500 g pkgs.,0,Dairy Products,Cooperativa de Quesos 'Las Cabras',Spain,Robert King,Sales Representative,Federal Shipping,3800.0
10678,33,2.5,30,0.0,SAVEA,7,1997-09-23,1997-10-21,1997-10-16,388.98,Boise,USA,Save-a-lot Markets,Jose Pavarotti,Boise,USA,Geitost,15,4,500 g,0,Dairy Products,Norske Meierier,Norway,Robert King,Sales Representative,Federal Shipping,75.0
10678,41,9.65,120,0.0,SAVEA,7,1997-09-23,1997-10-21,1997-10-16,388.98,Boise,USA,Save-a-lot Markets,Jose Pavarotti,Boise,USA,Jack's New England Clam Chowder,19,8,12 - 12 oz cans,0,Seafood,New England Seafood Cannery,USA,Robert King,Sales Representative,Federal Shipping,1158.0
10678,54,7.45,30,0.0,SAVEA,7,1997-09-23,1997-10-21,1997-10-16,388.98,Boise,USA,Save-a-lot Markets,Jose Pavarotti,Boise,USA,Tourtière,25,6,16 pies,0,Meat/Poultry,Ma Maison,Canada,Robert King,Sales Representative,Federal Shipping,223.5
10679,59,55.0,12,0.0,BLONP,8,1997-09-23,1997-10-21,1997-09-30,27.94,Strasbourg,France,Blondesddsl père et fils,Frédérique Citeaux,Strasbourg,France,Raclette Courdavault,28,4,5 kg pkg.,0,Dairy Products,Gai pâturage,France,Laura Callahan,Inside Sales Coordinator,Federal Shipping,660.0
10680,16,17.45,50,0.25,OLDWO,1,1997-09-24,1997-10-22,1997-09-26,26.61,Anchorage,USA,Old World Delicatessen,Rene Phillips,Anchorage,USA,Pavlova,7,3,32 - 500 g boxes,0,Confections,Pavlova Ltd.,Australia,Nancy Davolio,Sales Representative,Speedy Express,654.38
10680,31,12.5,20,0.25,OLDWO,1,1997-09-24,1997-10-22,1997-09-26,26.61,Anchorage,USA,Old World Delicatessen,Rene Phillips,Anchorage,USA,Gorgonzola Telino,14,4,12 - 100 g pkgs,0,Dairy Products,Formaggi Fortini s.r.l.,Italy,Nancy Davolio,Sales Representative,Speedy Express,187.5
10680,42,14.0,40,0.25,OLDWO,1,1997-09-24,1997-10-22,1997-09-26,26.61,Anchorage,USA,Old World Delicatessen,Rene Phillips,Anchorage,USA,Singaporean Hokkien Fried Mee,20,5,32 - 1 kg pkgs.,1,Grains/Cereals,Leka Trading,Singapore,Nancy Davolio,Sales Representative,Speedy Express,420.0
10681,19,9.2,30,0.1,GREAL,3,1997-09-25,1997-10-23,1997-09-30,76.13,Eugene,USA,Great Lakes Food Market,Howard Snyder,Eugene,USA,Teatime Chocolate Biscuits,8,3,10 boxes x 12 pieces,0,Confections,Specialty Biscuits Ltd.,UK,Janet Leverling,Sales Representative,Federal Shipping,248.4
10681,21,10.0,12,0.1,GREAL,3,1997-09-25,1997-10-23,1997-09-30,76.13,Eugene,USA,Great Lakes Food Market,Howard Snyder,Eugene,USA,Sir Rodney's Scones,8,3,24 pkgs. x 4 pieces,0,Confections,Specialty Biscuits Ltd.,UK,Janet Leverling,Sales Representative,Federal Shipping,108.0
10681,64,33.25,28,0.0,GREAL,3,1997-09-25,1997-10-23,1997-09-30,76.13,Eugene,USA,Great Lakes Food Market,Howard Snyder,Eugene,USA,Wimmers gute Semmelknödel,12,5,20 bags x 4 pieces,0,Grains/Cereals,Plutzer Lebensmittelgroßmärkte AG,Germany,Janet Leverling,Sales Representative,Federal Shipping,931.0
10682,33,2.5,30,0.0,ANTON,3,1997-09-25,1997-10-23,1997-10-01,36.13,México D.F.,Mexico,Antonio Moreno Taquería,Antonio Moreno,México D.F.,Mexico,Geitost,15,4,500 g,0,Dairy Products,Norske Meierier,Norway,Janet Leverling,Sales Representative,United Package,75.0
10682,66,17.0,4,0.0,ANTON,3,1997-09-25,1997-10-23,1997-10-01,36.13,México D.F.,Mexico,Antonio Moreno Taquería,Antonio Moreno,México D.F.,Mexico,Louisiana Hot Spiced Okra,2,2,24 - 8 oz jars,0,Condiments,New Orleans Cajun Delights,USA,Janet Leverling,Sales Representative,United Package,68.0
10682,75,7.75,30,0.0,ANTON,3,1997-09-25,1997-10-23,1997-10-01,36.13,México D.F.,Mexico,Antonio Moreno Taquería,Antonio Moreno,México D.F.,Mexico,Rhönbräu Klosterbier,12,1,24 - 0.5 l bottles,0,Beverages,Plutzer Lebensmittelgroßmärkte AG,Germany,Janet Leverling,Sales Representative,United Package,232.5
10683,52,7.0,9,0.0,DUMON,2,1997-09-26,1997-10-24,1997-10-01,4.4,Nantes,France,Du monde entier,Janine Labrune,Nantes,France,Filo Mix,24,5,16 - 2 kg boxes,0,Grains/Cereals,G'day Mate,Australia,Andrew Fuller,Vice President Sales,Speedy Express,63.0
10684,40,18.4,20,0.0,OTTIK,3,1997-09-26,1997-10-24,1997-09-30,145.63,Köln,Germany,Ottilies Käseladen,Henriette Pfalzheim,Köln,Germany,Boston Crab Meat,19,8,24 - 4 oz tins,0,Seafood,New England Seafood Cannery,USA,Janet Leverling,Sales Representative,Speedy Express,368.0
10684,47,9.5,40,0.0,OTTIK,3,1997-09-26,1997-10-24,1997-09-30,145.63,Köln,Germany,Ottilies Käseladen,Henriette Pfalzheim,Köln,Germany,Zaanse koeken,22,3,10 - 4 oz boxes,0,Confections,Zaanse Snoepfabriek,Netherlands,Janet Leverling,Sales Representative,Speedy Express,380.0
10684,60,34.0,30,0.0,OTTIK,3,1997-09-26,1997-10-24,1997-09-30,145.63,Köln,Germany,Ottilies Käseladen,Henriette Pfalzheim,Köln,Germany,Camembert Pierrot,28,4,15 - 300 g rounds,0,Dairy Products,Gai pâturage,France,Janet Leverling,Sales Representative,Speedy Express,1020.0
10685,10,31.0,20,0.0,GOURL,4,1997-09-29,1997-10-13,1997-10-03,33.75,Campinas,Brazil,Gourmet Lanchonetes,André Fonseca,Campinas,Brazil,Ikura,4,8,12 - 200 ml jars,0,Seafood,Tokyo Traders,Japan,Margaret Peacock,Sales Representative,United Package,620.0
10685,41,9.65,4,0.0,GOURL,4,1997-09-29,1997-10-13,1997-10-03,33.75,Campinas,Brazil,Gourmet Lanchonetes,André Fonseca,Campinas,Brazil,Jack's New England Clam Chowder,19,8,12 - 12 oz cans,0,Seafood,New England Seafood Cannery,USA,Margaret Peacock,Sales Representative,United Package,38.6
10685,47,9.5,15,0.0,GOURL,4,1997-09-29,1997-10-13,1997-10-03,33.75,Campinas,Brazil,Gourmet Lanchonetes,André Fonseca,Campinas,Brazil,Zaanse koeken,22,3,10 - 4 oz boxes,0,Confections,Zaanse Snoepfabriek,Netherlands,Margaret Peacock,Sales Representative,United Package,142.5
10686,17,39.0,30,0.2,PICCO,2,1997-09-30,1997-10-28,1997-10-08,96.5,Salzburg,Austria,Piccolo und mehr,Georg Pipps,Salzburg,Austria,Alice Mutton,7,6,20 - 1 kg tins,1,Meat/Poultry,Pavlova Ltd.,Australia,Andrew Fuller,Vice President Sales,Speedy Express,936.0
10686,26,31.23,15,0.0,PICCO,2,1997-09-30,1997-10-28,1997-10-08,96.5,Salzburg,Austria,Piccolo und mehr,Georg Pipps,Salzburg,Austria,Gumbär Gummibärchen,11,3,100 - 250 g bags,0,Confections,Heli Süßwaren GmbH & Co. KG,Germany,Andrew Fuller,Vice President Sales,Speedy Express,468.45
10687,9,97.0,50,0.25,HUNGO,9,1997-09-30,1997-10-28,1997-10-30,296.43,Cork,Ireland,Hungry Owl All-Night Grocers,Patricia McKenna,Cork,Ireland,Mishi Kobe Niku,4,6,18 - 500 g pkgs.,1,Meat/Poultry,Tokyo Traders,Japan,Anne Dodsworth,Sales Representative,United Package,3637.5
10687,29,123.79,10,0.0,HUNGO,9,1997-09-30,1997-10-28,1997-10-30,296.43,Cork,Ireland,Hungry Owl All-Night Grocers,Patricia McKenna,Cork,Ireland,Thüringer Rostbratwurst,12,6,50 bags x 30 sausgs.,1,Meat/Poultry,Plutzer Lebensmittelgroßmärkte AG,Germany,Anne Dodsworth,Sales Representative,United Package,1237.9
10687,36,19.0,6,0.25,HUNGO,9,1997-09-30,1997-10-28,1997-10-30,296.43,Cork,Ireland,Hungry Owl All-Night Grocers,Patricia McKenna,Cork,Ireland,Inlagd Sill,17,8,24 - 250 g  jars,0,Seafood,Svensk Sjöföda AB,Sweden,Anne Dodsworth,Sales Representative,United Package,85.5
10688,10,31.0,18,0.1,VAFFE,4,1997-10-01,1997-10-15,1997-10-07,299.09,Århus,Denmark,Vaffeljernet,Palle Ibsen,Århus,Denmark,Ikura,4,8,12 - 200 ml jars,0,Seafood,Tokyo Traders,Japan,Margaret Peacock,Sales Representative,United Package,502.2
10688,28,45.6,60,0.1,VAFFE,4,1997-10-01,1997-10-15,1997-10-07,299.09,Århus,Denmark,Vaffeljernet,Palle Ibsen,Århus,Denmark,Rössle Sauerkraut,12,7,25 - 825 g cans,1,Produce,Plutzer Lebensmittelgroßmärkte AG,Germany,Margaret Peacock,Sales Representative,United Package,2462.4
10688,34,14.0,14,0.0,VAFFE,4,1997-10-01,1997-10-15,1997-10-07,299.09,Århus,Denmark,Vaffeljernet,Palle Ibsen,Århus,Denmark,Sasquatch Ale,16,1,24 - 12 oz bottles,0,Beverages,Bigfoot Breweries,USA,Margaret Peacock,Sales Representative,United Package,196.0
10689,1,18.0,35,0.25,BERGS,1,1997-10-01,1997-10-29,1997-10-07,13.42,Luleå,Sweden,Berglunds snabbköp,Christina Berglund,Luleå,Sweden,Chai,1,1,10 boxes x 20 bags,0,Beverages,Exotic Liquids,UK,Nancy Davolio,Sales Representative,United Package,472.5
10690,56,38.0,20,0.25,HANAR,1,1997-10-02,1997-10-30,1997-10-03,15.8,Rio de Janeiro,Brazil,Hanari Carnes,Mario Pontes,Rio de Janeiro,Brazil,Gnocchi di nonna Alice,26,5,24 - 250 g pkgs.,0,Grains/Cereals,Pasta Buttini s.r.l.,Italy,Nancy Davolio,Sales Representative,Speedy Express,570.0
10690,77,13.0,30,0.25,HANAR,1,1997-10-02,1997-10-30,1997-10-03,15.8,Rio de Janeiro,Brazil,Hanari Carnes,Mario Pontes,Rio de Janeiro,Brazil,Original Frankfurter grüne Soße,12,2,12 boxes,0,Condiments,Plutzer Lebensmittelgroßmärkte AG,Germany,Nancy Davolio,Sales Representative,Speedy Express,292.5
10691,1,18.0,30,0.0,QUICK,2,1997-10-03,1997-11-14,1997-10-22,810.05,Cunewalde,Germany,QUICK-Stop,Horst Kloss,Cunewalde,Germany,Chai,1,1,10 boxes x 20 bags,0,Beverages,Exotic Liquids,UK,Andrew Fuller,Vice President Sales,United Package,540.0
10691,29,123.79,40,0.0,QUICK,2,1997-10-03,1997-11-14,1997-10-22,810.05,Cunewalde,Germany,QUICK-Stop,Horst Kloss,Cunewalde,Germany,Thüringer Rostbratwurst,12,6,50 bags x 30 sausgs.,1,Meat/Poultry,Plutzer Lebensmittelgroßmärkte AG,Germany,Andrew Fuller,Vice President Sales,United Package,4951.6
10691,43,46.0,40,0.0,QUICK,2,1997-10-03,1997-11-14,1997-10-22,810.05,Cunewalde,Germany,QUICK-Stop,Horst Kloss,Cunewalde,Germany,Ipoh Coffee,20,1,16 - 500 g tins,0,Beverages,Leka Trading,Singapore,Andrew Fuller,Vice President Sales,United Package,1840.0
10691,44,19.45,24,0.0,QUICK,2,1997-10-03,1997-11-14,1997-10-22,810.05,Cunewalde,Germany,QUICK-Stop,Horst Kloss,Cunewalde,Germany,Gula Malacca,20,2,20 - 2 kg bags,0,Condiments,Leka Trading,Singapore,Andrew Fuller,Vice President Sales,United Package,466.8
10691,62,49.3,48,0.0,QUICK,2,1997-10-03,1997-11-14,1997-10-22,810.05,Cunewalde,Germany,QUICK-Stop,Horst Kloss,Cunewalde,Germany,Tarte au sucre,29,3,48 pies,0,Confections,Forêts d'érables,Canada,Andrew Fuller,Vice President Sales,United Package,2366.4
10692,63,43.9,20,0.0,ALFKI,4,1997-10-03,1997-10-31,1997-10-13,61.02,Berlin,Germany,Alfreds Futterkiste,Maria Anders,Berlin,Germany,Vegie-spread,7,2,15 - 625 g jars,0,Condiments,Pavlova Ltd.,Australia,Margaret Peacock,Sales Representative,United Package,878.0
10693,9,97.0,6,0.0,WHITC,3,1997-10-06,1997-10-20,1997-10-10,139.34,Seattle,USA,White Clover Markets,Karl Jablonski,Seattle,USA,Mishi Kobe Niku,4,6,18 - 500 g pkgs.,1,Meat/Poultry,Tokyo Traders,Japan,Janet Leverling,Sales Representative,Federal Shipping,582.0
10693,54,7.45,60,0.15,WHITC,3,1997-10-06,1997-10-20,1997-10-10,139.34,Seattle,USA,White Clover Markets,Karl Jablonski,Seattle,USA,Tourtière,25,6,16 pies,0,Meat/Poultry,Ma Maison,Canada,Janet Leverling,Sales Representative,Federal Shipping,379.95
10693,69,36.0,30,0.15,WHITC,3,1997-10-06,1997-10-20,1997-10-10,139.34,Seattle,USA,White Clover Markets,Karl Jablonski,Seattle,USA,Gudbrandsdalsost,15,4,10 kg pkg.,0,Dairy Products,Norske Meierier,Norway,Janet Leverling,Sales Representative,Federal Shipping,918.0
10693,73,15.0,15,0.15,WHITC,3,1997-10-06,1997-10-20,1997-10-10,139.34,Seattle,USA,White Clover Markets,Karl Jablonski,Seattle,USA,Röd Kaviar,17,8,24 - 150 g jars,0,Seafood,Svensk Sjöföda AB,Sweden,Janet Leverling,Sales Representative,Federal Shipping,191.25
10694,7,30.0,90,0.0,QUICK,8,1997-10-06,1997-11-03,1997-10-09,398.36,Cunewalde,Germany,QUICK-Stop,Horst Kloss,Cunewalde,Germany,Uncle Bob's Organic Dried Pears,3,7,12 - 1 lb pkgs.,0,Produce,Grandma Kelly's Homestead,USA,Laura Callahan,Inside Sales Coordinator,Federal Shipping,2700.0
10694,59,55.0,25,0.0,QUICK,8,1997-10-06,1997-11-03,1997-10-09,398.36,Cunewalde,Germany,QUICK-Stop,Horst Kloss,Cunewalde,Germany,Raclette Courdavault,28,4,5 kg pkg.,0,Dairy Products,Gai pâturage,France,Laura Callahan,Inside Sales Coordinator,Federal Shipping,1375.0
10694,70,15.0,50,0.0,QUICK,8,1997-10-06,1997-11-03,1997-10-09,398.36,Cunewalde,Germany,QUICK-Stop,Horst Kloss,Cunewalde,Germany,Outback Lager,7,1,24 - 355 ml bottles,0,Beverages,Pavlova Ltd.,Australia,Laura Callahan,Inside Sales Coordinator,Federal Shipping,750.0
10695,8,40.0,10,0.0,WILMK,7,1997-10-07,1997-11-18,1997-10-14,16.72,Helsinki,Finland,Wilman Kala,Matti Karttunen,Helsinki,Finland,Northwoods Cranberry Sauce,3,2,12 - 12 oz jars,0,Condiments,Grandma Kelly's Homestead,USA,Robert King,Sales Representative,Speedy Express,400.0
10695,12,38.0,4,0.0,WILMK,7,1997-10-07,1997-11-18,1997-10-14,16.72,Helsinki,Finland,Wilman Kala,Matti Karttunen,Helsinki,Finland,Queso Manchego La Pastora,5,4,10 - 500 g pkgs.,0,Dairy Products,Cooperativa de Quesos 'Las Cabras',Spain,Robert King,Sales Representative,Speedy Express,152.0
10695,24,4.5,20,0.0,WILMK,7,1997-10-07,1997-11-18,1997-10-14,16.72,Helsinki,Finland,Wilman Kala,Matti Karttunen,Helsinki,Finland,Guaraná Fantástica,10,1,12 - 355 ml cans,1,Beverages,Refrescos Americanas LTDA,Brazil,Robert King,Sales Representative,Speedy Express,90.0
10696,17,39.0,20,0.0,WHITC,8,1997-10-08,1997-11-19,1997-10-14,102.55,Seattle,USA,White Clover Markets,Karl Jablonski,Seattle,USA,Alice Mutton,7,6,20 - 1 kg tins,1,Meat/Poultry,Pavlova Ltd.,Australia,Laura Callahan,Inside Sales Coordinator,Federal Shipping,780.0
10696,46,12.0,18,0.0,WHITC,8,1997-10-08,1997-11-19,1997-10-14,102.55,Seattle,USA,White Clover Markets,Karl Jablonski,Seattle,USA,Spegesild,21,8,4 - 450 g glasses,0,Seafood,Lyngbysild,Denmark,Laura Callahan,Inside Sales Coordinator,Federal Shipping,216.0
10697,19,9.2,7,0.25,LINOD,3,1997-10-08,1997-11-05,1997-10-14,45.52,I. de Margarita,Venezuela,LINO-Delicateses,Felipe Izquierdo,I. de Margarita,Venezuela,Teatime Chocolate Biscuits,8,3,10 boxes x 12 pieces,0,Confections,Specialty Biscuits Ltd.,UK,Janet Leverling,Sales Representative,Speedy Express,48.3
10697,35,18.0,9,0.25,LINOD,3,1997-10-08,1997-11-05,1997-10-14,45.52,I. de Margarita,Venezuela,LINO-Delicateses,Felipe Izquierdo,I. de Margarita,Venezuela,Steeleye Stout,16,1,24 - 12 oz bottles,0,Beverages,Bigfoot Breweries,USA,Janet Leverling,Sales Representative,Speedy Express,121.5
10697,58,13.25,30,0.25,LINOD,3,1997-10-08,1997-11-05,1997-10-14,45.52,I. de Margarita,Venezuela,LINO-Delicateses,Felipe Izquierdo,I. de Margarita,Venezuela,Escargots de Bourgogne,27,8,24 pieces,0,Seafood,Escargots Nouveaux,France,Janet Leverling,Sales Representative,Speedy Express,298.12
10697,70,15.0,30,0.25,LINOD,3,1997-10-08,1997-11-05,1997-10-14,45.52,I. de Margarita,Venezuela,LINO-Delicateses,Felipe Izquierdo,I. de Margarita,Venezuela,Outback Lager,7,1,24 - 355 ml bottles,0,Beverages,Pavlova Ltd.,Australia,Janet Leverling,Sales Representative,Speedy Express,337.5
10698,11,21.0,15,0.0,ERNSH,4,1997-10-09,1997-11-06,1997-10-17,272.47,Graz,Austria,Ernst Handel,Roland Mendel,Graz,Austria,Queso Cabrales,5,4,1 kg pkg.,0,Dairy Products,Cooperativa de Quesos 'Las Cabras',Spain,Margaret Peacock,Sales Representative,Speedy Express,315.0
10698,17,39.0,8,0.05,ERNSH,4,1997-10-09,1997-11-06,1997-10-17,272.47,Graz,Austria,Ernst Handel,Roland Mendel,Graz,Austria,Alice Mutton,7,6,20 - 1 kg tins,1,Meat/Poultry,Pavlova Ltd.,Australia,Margaret Peacock,Sales Representative,Speedy Express,296.4
10698,29,123.79,12,0.05,ERNSH,4,1997-10-09,1997-11-06,1997-10-17,272.47,Graz,Austria,Ernst Handel,Roland Mendel,Graz,Austria,Thüringer Rostbratwurst,12,6,50 bags x 30 sausgs.,1,Meat/Poultry,Plutzer Lebensmittelgroßmärkte AG,Germany,Margaret Peacock,Sales Representative,Speedy Express,1411.21
10698,65,21.05,65,0.05,ERNSH,4,1997-10-09,1997-11-06,1997-10-17,272.47,Graz,Austria,Ernst Handel,Roland Mendel,Graz,Austria,Louisiana Fiery Hot Pepper Sauce,2,2,32 - 8 oz bottles,0,Condiments,New Orleans Cajun Delights,USA,Margaret Peacock,Sales Representative,Speedy Express,1299.84
10698,70,15.0,8,0.05,ERNSH,4,1997-10-09,1997-11-06,1997-10-17,272.47,Graz,Austria,Ernst Handel,Roland Mendel,Graz,Austria,Outback Lager,7,1,24 - 355 ml bottles,0,Beverages,Pavlova Ltd.,Australia,Margaret Peacock,Sales Representative,Speedy Express,114.0
10699,47,9.5,12,0.0,MORGK,3,1997-10-09,1997-11-06,1997-10-13,0.58,Leipzig,Germany,Morgenstern Gesundkost,Alexander Feuer,Leipzig,Germany,Zaanse koeken,22,3,10 - 4 oz boxes,0,Confections,Zaanse Snoepfabriek,Netherlands,Janet Leverling,Sales Representative,Federal Shipping,114.0
10700,1,18.0,5,0.2,SAVEA,3,1997-10-10,1997-11-07,1997-10-16,65.1,Boise,USA,Save-a-lot Markets,Jose Pavarotti,Boise,USA,Chai,1,1,10 boxes x 20 bags,0,Beverages,Exotic Liquids,UK,Janet Leverling,Sales Representative,Speedy Express,72.0
10700,34,14.0,12,0.2,SAVEA,3,1997-10-10,1997-11-07,1997-10-16,65.1,Boise,USA,Save-a-lot Markets,Jose Pavarotti,Boise,USA,Sasquatch Ale,16,1,24 - 12 oz bottles,0,Beverages,Bigfoot Breweries,USA,Janet Leverling,Sales Representative,Speedy Express,134.4
10700,68,12.5,40,0.2,SAVEA,3,1997-10-10,1997-11-07,1997-10-16,65.1,Boise,USA,Save-a-lot Markets,Jose Pavarotti,Boise,USA,Scottish Longbreads,8,3,10 boxes x 8 pieces,0,Confections,Specialty Biscuits Ltd.,UK,Janet Leverling,Sales Representative,Speedy Express,400.0
10700,71,21.5,60,0.2,SAVEA,3,1997-10-10,1997-11-07,1997-10-16,65.1,Boise,USA,Save-a-lot Markets,Jose Pavarotti,Boise,USA,Flotemysost,15,4,10 - 500 g pkgs.,0,Dairy Products,Norske Meierier,Norway,Janet Leverling,Sales Representative,Speedy Express,1032.0
10701,59,55.0,42,0.15,HUNGO,6,1997-10-13,1997-10-27,1997-10-15,220.31,Cork,Ireland,Hungry Owl All-Night Grocers,Patricia McKenna,Cork,Ireland,Raclette Courdavault,28,4,5 kg pkg.,0,Dairy Products,Gai pâturage,France,Michael Suyama,Sales Representative,Federal Shipping,1963.5
10701,71,21.5,20,0.15,HUNGO,6,1997-10-13,1997-10-27,1997-10-15,220.31,Cork,Ireland,Hungry Owl All-Night Grocers,Patricia McKenna,Cork,Ireland,Flotemysost,15,4,10 - 500 g pkgs.,0,Dairy Products,Norske Meierier,Norway,Michael Suyama,Sales Representative,Federal Shipping,365.5
10701,76,18.0,35,0.15,HUNGO,6,1997-10-13,1997-10-27,1997-10-15,220.31,Cork,Ireland,Hungry Owl All-Night Grocers,Patricia McKenna,Cork,Ireland,Lakkalikööri,23,1,500 ml,0,Beverages,Karkki Oy,Finland,Michael Suyama,Sales Representative,Federal Shipping,535.5
10702,3,10.0,6,0.0,ALFKI,4,1997-10-13,1997-11-24,1997-10-21,23.94,Berlin,Germany,Alfreds Futterkiste,Maria Anders,Berlin,Germany,Aniseed Syrup,1,2,12 - 550 ml bottles,0,Condiments,Exotic Liquids,UK,Margaret Peacock,Sales Representative,Speedy Express,60.0
10702,76,18.0,15,0.0,ALFKI,4,1997-10-13,1997-11-24,1997-10-21,23.94,Berlin,Germany,Alfreds Futterkiste,Maria Anders,Berlin,Germany,Lakkalikööri,23,1,500 ml,0,Beverages,Karkki Oy,Finland,Margaret Peacock,Sales Representative,Speedy Express,270.0
10703,2,19.0,5,0.0,FOLKO,6,1997-10-14,1997-11-11,1997-10-20,152.3,Bräcke,Sweden,Folk och fä HB,Maria Larsson,Bräcke,Sweden,Chang,1,1,24 - 12 oz bottles,0,Beverages,Exotic Liquids,UK,Michael Suyama,Sales Representative,United Package,95.0
10703,59,55.0,35,0.0,FOLKO,6,1997-10-14,1997-11-11,1997-10-20,152.3,Bräcke,Sweden,Folk och fä HB,Maria Larsson,Bräcke,Sweden,Raclette Courdavault,28,4,5 kg pkg.,0,Dairy Products,Gai pâturage,France,Michael Suyama,Sales Representative,United Package,1925.0
10703,73,15.0,35,0.0,FOLKO,6,1997-10-14,1997-11-11,1997-10-20,152.3,Bräcke,Sweden,Folk och fä HB,Maria Larsson,Bräcke,Sweden,Röd Kaviar,17,8,24 - 150 g jars,0,Seafood,Svensk Sjöföda AB,Sweden,Michael Suyama,Sales Representative,United Package,525.0
10704,4,22.0,6,0.0,QUEEN,6,1997-10-14,1997-11-11,1997-11-07,4.78,Sao Paulo,Brazil,Queen Cozinha,Lúcia Carvalho,Sao Paulo,Brazil,Chef Anton's Cajun Seasoning,2,2,48 - 6 oz jars,0,Condiments,New Orleans Cajun Delights,USA,Michael Suyama,Sales Representative,Speedy Express,132.0
10704,24,4.5,35,0.0,QUEEN,6,1997-10-14,1997-11-11,1997-11-07,4.78,Sao Paulo,Brazil,Queen Cozinha,Lúcia Carvalho,Sao Paulo,Brazil,Guaraná Fantástica,10,1,12 - 355 ml cans,1,Beverages,Refrescos Americanas LTDA,Brazil,Michael Suyama,Sales Representative,Speedy Express,157.5
10704,48,12.75,24,0.0,QUEEN,6,1997-10-14,1997-11-11,1997-11-07,4.78,Sao Paulo,Brazil,Queen Cozinha,Lúcia Carvalho,Sao Paulo,Brazil,Chocolade,22,3,10 pkgs.,0,Confections,Zaanse Snoepfabriek,Netherlands,Michael Suyama,Sales Representative,Speedy Express,306.0
10705,31,12.5,20,0.0,HILAA,9,1997-10-15,1997-11-12,1997-11-18,3.52,San Cristóbal,Venezuela,HILARION-Abastos,Carlos Hernández,San Cristóbal,Venezuela,Gorgonzola Telino,14,4,12 - 100 g pkgs,0,Dairy Products,Formaggi Fortini s.r.l.,Italy,Anne Dodsworth,Sales Representative,United Package,250.0
10705,32,32.0,4,0.0,HILAA,9,1997-10-15,1997-11-12,1997-11-18,3.52,San Cristóbal,Venezuela,HILARION-Abastos,Carlos Hernández,San Cristóbal,Venezuela,Mascarpone Fabioli,14,4,24 - 200 g pkgs.,0,Dairy Products,Formaggi Fortini s.r.l.,Italy,Anne Dodsworth,Sales Representative,United Package,128.0
10706,16,17.45,20,0.0,OLDWO,8,1997-10-16,1997-11-13,1997-10-21,135.63,Anchorage,USA,Old World Delicatessen,Rene Phillips,Anchorage,USA,Pavlova,7,3,32 - 500 g boxes,0,Confections,Pavlova Ltd.,Australia,Laura Callahan,Inside Sales Coordinator,Federal Shipping,349.0
10706,43,46.0,24,0.0,OLDWO,8,1997-10-16,1997-11-13,1997-10-21,135.63,Anchorage,USA,Old World Delicatessen,Rene Phillips,Anchorage,USA,Ipoh Coffee,20,1,16 - 500 g tins,0,Beverages,Leka Trading,Singapore,Laura Callahan,Inside Sales Coordinator,Federal Shipping,1104.0
10706,59,55.0,8,0.0,OLDWO,8,1997-10-16,1997-11-13,1997-10-21,135.63,Anchorage,USA,Old World Delicatessen,Rene Phillips,Anchorage,USA,Raclette Courdavault,28,4,5 kg pkg.,0,Dairy Products,Gai pâturage,France,Laura Callahan,Inside Sales Coordinator,Federal Shipping,440.0
10707,55,24.0,21,0.0,AROUT,4,1997-10-16,1997-10-30,1997-10-23,21.74,Colchester,UK,Around the Horn,Thomas Hardy,London,UK,Pâté chinois,25,6,24 boxes x 2 pies,0,Meat/Poultry,Ma Maison,Canada,Margaret Peacock,Sales Representative,Federal Shipping,504.0
10707,57,19.5,40,0.0,AROUT,4,1997-10-16,1997-10-30,1997-10-23,21.74,Colchester,UK,Around the Horn,Thomas Hardy,London,UK,Ravioli Angelo,26,5,24 - 250 g pkgs.,0,Grains/Cereals,Pasta Buttini s.r.l.,Italy,Margaret Peacock,Sales Representative,Federal Shipping,780.0
10707,70,15.0,28,0.15,AROUT,4,1997-10-16,1997-10-30,1997-10-23,21.74,Colchester,UK,Around the Horn,Thomas Hardy,London,UK,Outback Lager,7,1,24 - 355 ml bottles,0,Beverages,Pavlova Ltd.,Australia,Margaret Peacock,Sales Representative,Federal Shipping,357.0
10708,5,21.35,4,0.0,THEBI,6,1997-10-17,1997-11-28,1997-11-05,2.96,Portland,USA,The Big Cheese,Liz Nixon,Portland,USA,Chef Anton's Gumbo Mix,2,2,36 boxes,1,Condiments,New Orleans Cajun Delights,USA,Michael Suyama,Sales Representative,United Package,85.4
10708,36,19.0,5,0.0,THEBI,6,1997-10-17,1997-11-28,1997-11-05,2.96,Portland,USA,The Big Cheese,Liz Nixon,Portland,USA,Inlagd Sill,17,8,24 - 250 g  jars,0,Seafood,Svensk Sjöföda AB,Sweden,Michael Suyama,Sales Representative,United Package,95.0
10709,8,40.0,40,0.0,GOURL,1,1997-10-17,1997-11-14,1997-11-20,210.8,Campinas,Brazil,Gourmet Lanchonetes,André Fonseca,Campinas,Brazil,Northwoods Cranberry Sauce,3,2,12 - 12 oz jars,0,Condiments,Grandma Kelly's Homestead,USA,Nancy Davolio,Sales Representative,Federal Shipping,1600.0
10709,51,53.0,28,0.0,GOURL,1,1997-10-17,1997-11-14,1997-11-20,210.8,Campinas,Brazil,Gourmet Lanchonetes,André Fonseca,Campinas,Brazil,Manjimup Dried Apples,24,7,50 - 300 g pkgs.,0,Produce,G'day Mate,Australia,Nancy Davolio,Sales Representative,Federal Shipping,1484.0
10709,60,34.0,10,0.0,GOURL,1,1997-10-17,1997-11-14,1997-11-20,210.8,Campinas,Brazil,Gourmet Lanchonetes,André Fonseca,Campinas,Brazil,Camembert Pierrot,28,4,15 - 300 g rounds,0,Dairy Products,Gai pâturage,France,Nancy Davolio,Sales Representative,Federal Shipping,340.0
10710,19,9.2,5,0.0,FRANS,1,1997-10-20,1997-11-17,1997-10-23,4.98,Torino,Italy,Franchi S.p.A.,Paolo Accorti,Torino,Italy,Teatime Chocolate Biscuits,8,3,10 boxes x 12 pieces,0,Confections,Specialty Biscuits Ltd.,UK,Nancy Davolio,Sales Representative,Speedy Express,46.0
10710,47,9.5,5,0.0,FRANS,1,1997-10-20,1997-11-17,1997-10-23,4.98,Torino,Italy,Franchi S.p.A.,Paolo Accorti,Torino,Italy,Zaanse koeken,22,3,10 - 4 oz boxes,0,Confections,Zaanse Snoepfabriek,Netherlands,Nancy Davolio,Sales Representative,Speedy Express,47.5
10711,19,9.2,12,0.0,SAVEA,5,1997-10-21,1997-12-02,1997-10-29,52.41,Boise,USA,Save-a-lot Markets,Jose Pavarotti,Boise,USA,Teatime Chocolate Biscuits,8,3,10 boxes x 12 pieces,0,Confections,Specialty Biscuits Ltd.,UK,Steven Buchanan,Sales Manager,United Package,110.4
10711,41,9.65,42,0.0,SAVEA,5,1997-10-21,1997-12-02,1997-10-29,52.41,Boise,USA,Save-a-lot Markets,Jose Pavarotti,Boise,USA,Jack's New England Clam Chowder,19,8,12 - 12 oz cans,0,Seafood,New England Seafood Cannery,USA,Steven Buchanan,Sales Manager,United Package,405.3
10711,53,32.8,120,0.0,SAVEA,5,1997-10-21,1997-12-02,1997-10-29,52.41,Boise,USA,Save-a-lot Markets,Jose Pavarotti,Boise,USA,Perth Pasties,24,6,48 pieces,1,Meat/Poultry,G'day Mate,Australia,Steven Buchanan,Sales Manager,United Package,3936.0
10712,53,32.8,3,0.05,HUNGO,3,1997-10-21,1997-11-18,1997-10-31,89.93,Cork,Ireland,Hungry Owl All-Night Grocers,Patricia McKenna,Cork,Ireland,Perth Pasties,24,6,48 pieces,1,Meat/Poultry,G'day Mate,Australia,Janet Leverling,Sales Representative,Speedy Express,93.48
10712,56,38.0,30,0.0,HUNGO,3,1997-10-21,1997-11-18,1997-10-31,89.93,Cork,Ireland,Hungry Owl All-Night Grocers,Patricia McKenna,Cork,Ireland,Gnocchi di nonna Alice,26,5,24 - 250 g pkgs.,0,Grains/Cereals,Pasta Buttini s.r.l.,Italy,Janet Leverling,Sales Representative,Speedy Express,1140.0
10713,10,31.0,18,0.0,SAVEA,1,1997-10-22,1997-11-19,1997-10-24,167.05,Boise,USA,Save-a-lot Markets,Jose Pavarotti,Boise,USA,Ikura,4,8,12 - 200 ml jars,0,Seafood,Tokyo Traders,Japan,Nancy Davolio,Sales Representative,Speedy Express,558.0
10713,26,31.23,30,0.0,SAVEA,1,1997-10-22,1997-11-19,1997-10-24,167.05,Boise,USA,Save-a-lot Markets,Jose Pavarotti,Boise,USA,Gumbär Gummibärchen,11,3,100 - 250 g bags,0,Confections,Heli Süßwaren GmbH & Co. KG,Germany,Nancy Davolio,Sales Representative,Speedy Express,936.9
10713,45,9.5,110,0.0,SAVEA,1,1997-10-22,1997-11-19,1997-10-24,167.05,Boise,USA,Save-a-lot Markets,Jose Pavarotti,Boise,USA,Rogede sild,21,8,1k pkg.,0,Seafood,Lyngbysild,Denmark,Nancy Davolio,Sales Representative,Speedy Express,1045.0
10713,46,12.0,24,0.0,SAVEA,1,1997-10-22,1997-11-19,1997-10-24,167.05,Boise,USA,Save-a-lot Markets,Jose Pavarotti,Boise,USA,Spegesild,21,8,4 - 450 g glasses,0,Seafood,Lyngbysild,Denmark,Nancy Davolio,Sales Representative,Speedy Express,288.0
10714,2,19.0,30,0.25,SAVEA,5,1997-10-22,1997-11-19,1997-10-27,24.49,Boise,USA,Save-a-lot Markets,Jose Pavarotti,Boise,USA,Chang,1,1,24 - 12 oz bottles,0,Beverages,Exotic Liquids,UK,Steven Buchanan,Sales Manager,Federal Shipping,427.5
10714,17,39.0,27,0.25,SAVEA,5,1997-10-22,1997-11-19,1997-10-27,24.49,Boise,USA,Save-a-lot Markets,Jose Pavarotti,Boise,USA,Alice Mutton,7,6,20 - 1 kg tins,1,Meat/Poultry,Pavlova Ltd.,Australia,Steven Buchanan,Sales Manager,Federal Shipping,789.75
10714,47,9.5,50,0.25,SAVEA,5,1997-10-22,1997-11-19,1997-10-27,24.49,Boise,USA,Save-a-lot Markets,Jose Pavarotti,Boise,USA,Zaanse koeken,22,3,10 - 4 oz boxes,0,Confections,Zaanse Snoepfabriek,Netherlands,Steven Buchanan,Sales Manager,Federal Shipping,356.25
10714,56,38.0,18,0.25,SAVEA,5,1997-10-22,1997-11-19,1997-10-27,24.49,Boise,USA,Save-a-lot Markets,Jose Pavarotti,Boise,USA,Gnocchi di nonna Alice,26,5,24 - 250 g pkgs.,0,Grains/Cereals,Pasta Buttini s.r.l.,Italy,Steven Buchanan,Sales Manager,Federal Shipping,513.0
10714,58,13.25,12,0.25,SAVEA,5,1997-10-22,1997-11-19,1997-10-27,24.49,Boise,USA,Save-a-lot Markets,Jose Pavarotti,Boise,USA,Escargots de Bourgogne,27,8,24 pieces,0,Seafood,Escargots Nouveaux,France,Steven Buchanan,Sales Manager,Federal Shipping,119.25
10715,10,31.0,21,0.0,BONAP,3,1997-10-23,1997-11-06,1997-10-29,63.2,Marseille,France,Bon app',Laurence Lebihan,Marseille,France,Ikura,4,8,12 - 200 ml jars,0,Seafood,Tokyo Traders,Japan,Janet Leverling,Sales Representative,Speedy Express,651.0
10715,71,21.5,30,0.0,BONAP,3,1997-10-23,1997-11-06,1997-10-29,63.2,Marseille,France,Bon app',Laurence Lebihan,Marseille,France,Flotemysost,15,4,10 - 500 g pkgs.,0,Dairy Products,Norske Meierier,Norway,Janet Leverling,Sales Representative,Speedy Express,645.0
10716,21,10.0,5,0.0,RANCH,4,1997-10-24,1997-11-21,1997-10-27,22.57,Buenos Aires,Argentina,Rancho grande,Sergio Gutiérrez,Buenos Aires,Argentina,Sir Rodney's Scones,8,3,24 pkgs. x 4 pieces,0,Confections,Specialty Biscuits Ltd.,UK,Margaret Peacock,Sales Representative,United Package,50.0
10716,51,53.0,7,0.0,RANCH,4,1997-10-24,1997-11-21,1997-10-27,22.57,Buenos Aires,Argentina,Rancho grande,Sergio Gutiérrez,Buenos Aires,Argentina,Manjimup Dried Apples,24,7,50 - 300 g pkgs.,0,Produce,G'day Mate,Australia,Margaret Peacock,Sales Representative,United Package,371.0
10716,61,28.5,10,0.0,RANCH,4,1997-10-24,1997-11-21,1997-10-27,22.57,Buenos Aires,Argentina,Rancho grande,Sergio Gutiérrez,Buenos Aires,Argentina,Sirop d'érable,29,2,24 - 500 ml bottles,0,Condiments,Forêts d'érables,Canada,Margaret Peacock,Sales Representative,United Package,285.0
10717,21,10.0,32,0.05,FRANK,1,1997-10-24,1997-11-21,1997-10-29,59.25,München,Germany,Frankenversand,Peter Franken,München,Germany,Sir Rodney's Scones,8,3,24 pkgs. x 4 pieces,0,Confections,Specialty Biscuits Ltd.,UK,Nancy Davolio,Sales Representative,United Package,304.0
10717,54,7.45,15,0.0,FRANK,1,1997-10-24,1997-11-21,1997-10-29,59.25,München,Germany,Frankenversand,Peter Franken,München,Germany,Tourtière,25,6,16 pies,0,Meat/Poultry,Ma Maison,Canada,Nancy Davolio,Sales Representative,United Package,111.75
10717,69,36.0,25,0.05,FRANK,1,1997-10-24,1997-11-21,1997-10-29,59.25,München,Germany,Frankenversand,Peter Franken,München,Germany,Gudbrandsdalsost,15,4,10 kg pkg.,0,Dairy Products,Norske Meierier,Norway,Nancy Davolio,Sales Representative,United Package,855.0
10718,12,38.0,36,0.0,KOENE,1,1997-10-27,1997-11-24,1997-10-29,170.88,Brandenburg,Germany,Königlich Essen,Philip Cramer,Brandenburg,Germany,Queso Manchego La Pastora,5,4,10 - 500 g pkgs.,0,Dairy Products,Cooperativa de Quesos 'Las Cabras',Spain,Nancy Davolio,Sales Representative,Federal Shipping,1368.0
10718,16,17.45,20,0.0,KOENE,1,1997-10-27,1997-11-24,1997-10-29,170.88,Brandenburg,Germany,Königlich Essen,Philip Cramer,Brandenburg,Germany,Pavlova,7,3,32 - 500 g boxes,0,Confections,Pavlova Ltd.,Australia,Nancy Davolio,Sales Representative,Federal Shipping,349.0
10718,36,19.0,40,0.0,KOENE,1,1997-10-27,1997-11-24,1997-10-29,170.88,Brandenburg,Germany,Königlich Essen,Philip Cramer,Brandenburg,Germany,Inlagd Sill,17,8,24 - 250 g  jars,0,Seafood,Svensk Sjöföda AB,Sweden,Nancy Davolio,Sales Representative,Federal Shipping,760.0
10718,62,49.3,20,0.0,KOENE,1,1997-10-27,1997-11-24,1997-10-29,170.88,Brandenburg,Germany,Königlich Essen,Philip Cramer,Brandenburg,Germany,Tarte au sucre,29,3,48 pies,0,Confections,Forêts d'érables,Canada,Nancy Davolio,Sales Representative,Federal Shipping,986.0
10719,18,62.5,12,0.25,LETSS,8,1997-10-27,1997-11-24,1997-11-05,51.44,San Francisco,USA,Let's Stop N Shop,Jaime Yorres,San Francisco,USA,Carnarvon Tigers,7,8,16 kg pkg.,0,Seafood,Pavlova Ltd.,Australia,Laura Callahan,Inside Sales Coordinator,United Package,562.5
10719,30,25.89,3,0.25,LETSS,8,1997-10-27,1997-11-24,1997-11-05,51.44,San Francisco,USA,Let's Stop N Shop,Jaime Yorres,San Francisco,USA,Nord-Ost Matjeshering,13,8,10 - 200 g glasses,0,Seafood,Nord-Ost-Fisch Handelsgesellschaft mbH,Germany,Laura Callahan,Inside Sales Coordinator,United Package,58.25
10719,54,7.45,40,0.25,LETSS,8,1997-10-27,1997-11-24,1997-11-05,51.44,San Francisco,USA,Let's Stop N Shop,Jaime Yorres,San Francisco,USA,Tourtière,25,6,16 pies,0,Meat/Poultry,Ma Maison,Canada,Laura Callahan,Inside Sales Coordinator,United Package,223.5
10720,35,18.0,21,0.0,QUEDE,8,1997-10-28,1997-11-11,1997-11-05,9.53,Rio de Janeiro,Brazil,Que Delícia,Bernardo Batista, 12Rio de Janeiro,Brazil,Steeleye Stout,16,1,24 - 12 oz bottles,0,Beverages,Bigfoot Breweries,USA,Laura Callahan,Inside Sales Coordinator,United Package,378.0
10720,71,21.5,8,0.0,QUEDE,8,1997-10-28,1997-11-11,1997-11-05,9.53,Rio de Janeiro,Brazil,Que Delícia,Bernardo Batista, 12Rio de Janeiro,Brazil,Flotemysost,15,4,10 - 500 g pkgs.,0,Dairy Products,Norske Meierier,Norway,Laura Callahan,Inside Sales Coordinator,United Package,172.0
10721,44,19.45,50,0.05,QUICK,5,1997-10-29,1997-11-26,1997-10-31,48.92,Cunewalde,Germany,QUICK-Stop,Horst Kloss,Cunewalde,Germany,Gula Malacca,20,2,20 - 2 kg bags,0,Condiments,Leka Trading,Singapore,Steven Buchanan,Sales Manager,Federal Shipping,923.88
10722,2,19.0,3,0.0,SAVEA,8,1997-10-29,1997-12-10,1997-11-04,74.58,Boise,USA,Save-a-lot Markets,Jose Pavarotti,Boise,USA,Chang,1,1,24 - 12 oz bottles,0,Beverages,Exotic Liquids,UK,Laura Callahan,Inside Sales Coordinator,Speedy Express,57.0
10722,31,12.5,50,0.0,SAVEA,8,1997-10-29,1997-12-10,1997-11-04,74.58,Boise,USA,Save-a-lot Markets,Jose Pavarotti,Boise,USA,Gorgonzola Telino,14,4,12 - 100 g pkgs,0,Dairy Products,Formaggi Fortini s.r.l.,Italy,Laura Callahan,Inside Sales Coordinator,Speedy Express,625.0
10722,68,12.5,45,0.0,SAVEA,8,1997-10-29,1997-12-10,1997-11-04,74.58,Boise,USA,Save-a-lot Markets,Jose Pavarotti,Boise,USA,Scottish Longbreads,8,3,10 boxes x 8 pieces,0,Confections,Specialty Biscuits Ltd.,UK,Laura Callahan,Inside Sales Coordinator,Speedy Express,562.5
10722,75,7.75,42,0.0,SAVEA,8,1997-10-29,1997-12-10,1997-11-04,74.58,Boise,USA,Save-a-lot Markets,Jose Pavarotti,Boise,USA,Rhönbräu Klosterbier,12,1,24 - 0.5 l bottles,0,Beverages,Plutzer Lebensmittelgroßmärkte AG,Germany,Laura Callahan,Inside Sales Coordinator,Speedy Express,325.5
10723,26,31.23,15,0.0,WHITC,3,1997-10-30,1997-11-27,1997-11-25,21.72,Seattle,USA,White Clover Markets,Karl Jablonski,Seattle,USA,Gumbär Gummibärchen,11,3,100 - 250 g bags,0,Confections,Heli Süßwaren GmbH & Co. KG,Germany,Janet Leverling,Sales Representative,Speedy Express,468.45
10724,10,31.0,16,0.0,MEREP,8,1997-10-30,1997-12-11,1997-11-05,57.75,Montréal,Canada,Mère Paillarde,Jean Fresnière,Montréal,Canada,Ikura,4,8,12 - 200 ml jars,0,Seafood,Tokyo Traders,Japan,Laura Callahan,Inside Sales Coordinator,United Package,496.0
10724,61,28.5,5,0.0,MEREP,8,1997-10-30,1997-12-11,1997-11-05,57.75,Montréal,Canada,Mère Paillarde,Jean Fresnière,Montréal,Canada,Sirop d'érable,29,2,24 - 500 ml bottles,0,Condiments,Forêts d'érables,Canada,Laura Callahan,Inside Sales Coordinator,United Package,142.5
10725,41,9.65,12,0.0,FAMIA,4,1997-10-31,1997-11-28,1997-11-05,10.83,Sao Paulo,Brazil,Familia Arquibaldo,Aria Cruz,Sao Paulo,Brazil,Jack's New England Clam Chowder,19,8,12 - 12 oz cans,0,Seafood,New England Seafood Cannery,USA,Margaret Peacock,Sales Representative,Federal Shipping,115.8
10725,52,7.0,4,0.0,FAMIA,4,1997-10-31,1997-11-28,1997-11-05,10.83,Sao Paulo,Brazil,Familia Arquibaldo,Aria Cruz,Sao Paulo,Brazil,Filo Mix,24,5,16 - 2 kg boxes,0,Grains/Cereals,G'day Mate,Australia,Margaret Peacock,Sales Representative,Federal Shipping,28.0
10725,55,24.0,6,0.0,FAMIA,4,1997-10-31,1997-11-28,1997-11-05,10.83,Sao Paulo,Brazil,Familia Arquibaldo,Aria Cruz,Sao Paulo,Brazil,Pâté chinois,25,6,24 boxes x 2 pies,0,Meat/Poultry,Ma Maison,Canada,Margaret Peacock,Sales Representative,Federal Shipping,144.0
10726,4,22.0,25,0.0,EASTC,4,1997-11-03,1997-11-17,1997-12-05,16.56,London,UK,Eastern Connection,Ann Devon,London,UK,Chef Anton's Cajun Seasoning,2,2,48 - 6 oz jars,0,Condiments,New Orleans Cajun Delights,USA,Margaret Peacock,Sales Representative,Speedy Express,550.0
10726,11,21.0,5,0.0,EASTC,4,1997-11-03,1997-11-17,1997-12-05,16.56,London,UK,Eastern Connection,Ann Devon,London,UK,Queso Cabrales,5,4,1 kg pkg.,0,Dairy Products,Cooperativa de Quesos 'Las Cabras',Spain,Margaret Peacock,Sales Representative,Speedy Express,105.0
10727,17,39.0,20,0.05,REGGC,2,1997-11-03,1997-12-01,1997-12-05,89.9,Reggio Emilia,Italy,Reggiani Caseifici,Maurizio Moroni,Reggio Emilia,Italy,Alice Mutton,7,6,20 - 1 kg tins,1,Meat/Poultry,Pavlova Ltd.,Australia,Andrew Fuller,Vice President Sales,Speedy Express,741.0
10727,56,38.0,10,0.05,REGGC,2,1997-11-03,1997-12-01,1997-12-05,89.9,Reggio Emilia,Italy,Reggiani Caseifici,Maurizio Moroni,Reggio Emilia,Italy,Gnocchi di nonna Alice,26,5,24 - 250 g pkgs.,0,Grains/Cereals,Pasta Buttini s.r.l.,Italy,Andrew Fuller,Vice President Sales,Speedy Express,361.0
10727,59,55.0,10,0.05,REGGC,2,1997-11-03,1997-12-01,1997-12-05,89.9,Reggio Emilia,Italy,Reggiani Caseifici,Maurizio Moroni,Reggio Emilia,Italy,Raclette Courdavault,28,4,5 kg pkg.,0,Dairy Products,Gai pâturage,France,Andrew Fuller,Vice President Sales,Speedy Express,522.5
10728,30,25.89,15,0.0,QUEEN,4,1997-11-04,1997-12-02,1997-11-11,58.33,Sao Paulo,Brazil,Queen Cozinha,Lúcia Carvalho,Sao Paulo,Brazil,Nord-Ost Matjeshering,13,8,10 - 200 g glasses,0,Seafood,Nord-Ost-Fisch Handelsgesellschaft mbH,Germany,Margaret Peacock,Sales Representative,United Package,388.35
10728,40,18.4,6,0.0,QUEEN,4,1997-11-04,1997-12-02,1997-11-11,58.33,Sao Paulo,Brazil,Queen Cozinha,Lúcia Carvalho,Sao Paulo,Brazil,Boston Crab Meat,19,8,24 - 4 oz tins,0,Seafood,New England Seafood Cannery,USA,Margaret Peacock,Sales Representative,United Package,110.4
10728,55,24.0,12,0.0,QUEEN,4,1997-11-04,1997-12-02,1997-11-11,58.33,Sao Paulo,Brazil,Queen Cozinha,Lúcia Carvalho,Sao Paulo,Brazil,Pâté chinois,25,6,24 boxes x 2 pies,0,Meat/Poultry,Ma Maison,Canada,Margaret Peacock,Sales Representative,United Package,288.0
10728,60,34.0,15,0.0,QUEEN,4,1997-11-04,1997-12-02,1997-11-11,58.33,Sao Paulo,Brazil,Queen Cozinha,Lúcia Carvalho,Sao Paulo,Brazil,Camembert Pierrot,28,4,15 - 300 g rounds,0,Dairy Products,Gai pâturage,France,Margaret Peacock,Sales Representative,United Package,510.0
10729,1,18.0,50,0.0,LINOD,8,1997-11-04,1997-12-16,1997-11-14,141.06,I. de Margarita,Venezuela,LINO-Delicateses,Felipe Izquierdo,I. de Margarita,Venezuela,Chai,1,1,10 boxes x 20 bags,0,Beverages,Exotic Liquids,UK,Laura Callahan,Inside Sales Coordinator,Federal Shipping,900.0
10729,21,10.0,30,0.0,LINOD,8,1997-11-04,1997-12-16,1997-11-14,141.06,I. de Margarita,Venezuela,LINO-Delicateses,Felipe Izquierdo,I. de Margarita,Venezuela,Sir Rodney's Scones,8,3,24 pkgs. x 4 pieces,0,Confections,Specialty Biscuits Ltd.,UK,Laura Callahan,Inside Sales Coordinator,Federal Shipping,300.0
10729,50,16.25,40,0.0,LINOD,8,1997-11-04,1997-12-16,1997-11-14,141.06,I. de Margarita,Venezuela,LINO-Delicateses,Felipe Izquierdo,I. de Margarita,Venezuela,Valkoinen suklaa,23,3,12 - 100 g bars,0,Confections,Karkki Oy,Finland,Laura Callahan,Inside Sales Coordinator,Federal Shipping,650.0
10730,16,17.45,15,0.05,BONAP,5,1997-11-05,1997-12-03,1997-11-14,20.12,Marseille,France,Bon app',Laurence Lebihan,Marseille,France,Pavlova,7,3,32 - 500 g boxes,0,Confections,Pavlova Ltd.,Australia,Steven Buchanan,Sales Manager,Speedy Express,248.66
10730,31,12.5,3,0.05,BONAP,5,1997-11-05,1997-12-03,1997-11-14,20.12,Marseille,France,Bon app',Laurence Lebihan,Marseille,France,Gorgonzola Telino,14,4,12 - 100 g pkgs,0,Dairy Products,Formaggi Fortini s.r.l.,Italy,Steven Buchanan,Sales Manager,Speedy Express,35.62
10730,65,21.05,10,0.05,BONAP,5,1997-11-05,1997-12-03,1997-11-14,20.12,Marseille,France,Bon app',Laurence Lebihan,Marseille,France,Louisiana Fiery Hot Pepper Sauce,2,2,32 - 8 oz bottles,0,Condiments,New Orleans Cajun Delights,USA,Steven Buchanan,Sales Manager,Speedy Express,199.98
10731,21,10.0,40,0.05,CHOPS,7,1997-11-06,1997-12-04,1997-11-14,96.65,Bern,Switzerland,Chop-suey Chinese,Yang Wang,Bern,Switzerland,Sir Rodney's Scones,8,3,24 pkgs. x 4 pieces,0,Confections,Specialty Biscuits Ltd.,UK,Robert King,Sales Representative,Speedy Express,380.0
10731,51,53.0,30,0.05,CHOPS,7,1997-11-06,1997-12-04,1997-11-14,96.65,Bern,Switzerland,Chop-suey Chinese,Yang Wang,Bern,Switzerland,Manjimup Dried Apples,24,7,50 - 300 g pkgs.,0,Produce,G'day Mate,Australia,Robert King,Sales Representative,Speedy Express,1510.5
10732,76,18.0,20,0.0,BONAP,3,1997-11-06,1997-12-04,1997-11-07,16.97,Marseille,France,Bon app',Laurence Lebihan,Marseille,France,Lakkalikööri,23,1,500 ml,0,Beverages,Karkki Oy,Finland,Janet Leverling,Sales Representative,Speedy Express,360.0
10733,14,23.25,16,0.0,BERGS,1,1997-11-07,1997-12-05,1997-11-10,110.11,Luleå,Sweden,Berglunds snabbköp,Christina Berglund,Luleå,Sweden,Tofu,6,7,40 - 100 g pkgs.,0,Produce,Mayumi's,Japan,Nancy Davolio,Sales Representative,Federal Shipping,372.0
10733,28,45.6,20,0.0,BERGS,1,1997-11-07,1997-12-05,1997-11-10,110.11,Luleå,Sweden,Berglunds snabbköp,Christina Berglund,Luleå,Sweden,Rössle Sauerkraut,12,7,25 - 825 g cans,1,Produce,Plutzer Lebensmittelgroßmärkte AG,Germany,Nancy Davolio,Sales Representative,Federal Shipping,912.0
10733,52,7.0,25,0.0,BERGS,1,1997-11-07,1997-12-05,1997-11-10,110.11,Luleå,Sweden,Berglunds snabbköp,Christina Berglund,Luleå,Sweden,Filo Mix,24,5,16 - 2 kg boxes,0,Grains/Cereals,G'day Mate,Australia,Nancy Davolio,Sales Representative,Federal Shipping,175.0
10734,6,25.0,30,0.0,GOURL,2,1997-11-07,1997-12-05,1997-11-12,1.63,Campinas,Brazil,Gourmet Lanchonetes,André Fonseca,Campinas,Brazil,Grandma's Boysenberry Spread,3,2,12 - 8 oz jars,0,Condiments,Grandma Kelly's Homestead,USA,Andrew Fuller,Vice President Sales,Federal Shipping,750.0
10734,30,25.89,15,0.0,GOURL,2,1997-11-07,1997-12-05,1997-11-12,1.63,Campinas,Brazil,Gourmet Lanchonetes,André Fonseca,Campinas,Brazil,Nord-Ost Matjeshering,13,8,10 - 200 g glasses,0,Seafood,Nord-Ost-Fisch Handelsgesellschaft mbH,Germany,Andrew Fuller,Vice President Sales,Federal Shipping,388.35
10734,76,18.0,20,0.0,GOURL,2,1997-11-07,1997-12-05,1997-11-12,1.63,Campinas,Brazil,Gourmet Lanchonetes,André Fonseca,Campinas,Brazil,Lakkalikööri,23,1,500 ml,0,Beverages,Karkki Oy,Finland,Andrew Fuller,Vice President Sales,Federal Shipping,360.0
10735,61,28.5,20,0.1,LETSS,6,1997-11-10,1997-12-08,1997-11-21,45.97,San Francisco,USA,Let's Stop N Shop,Jaime Yorres,San Francisco,USA,Sirop d'érable,29,2,24 - 500 ml bottles,0,Condiments,Forêts d'érables,Canada,Michael Suyama,Sales Representative,United Package,513.0
10735,77,13.0,2,0.1,LETSS,6,1997-11-10,1997-12-08,1997-11-21,45.97,San Francisco,USA,Let's Stop N Shop,Jaime Yorres,San Francisco,USA,Original Frankfurter grüne Soße,12,2,12 boxes,0,Condiments,Plutzer Lebensmittelgroßmärkte AG,Germany,Michael Suyama,Sales Representative,United Package,23.4
10736,65,21.05,40,0.0,HUNGO,9,1997-11-11,1997-12-09,1997-11-21,44.1,Cork,Ireland,Hungry Owl All-Night Grocers,Patricia McKenna,Cork,Ireland,Louisiana Fiery Hot Pepper Sauce,2,2,32 - 8 oz bottles,0,Condiments,New Orleans Cajun Delights,USA,Anne Dodsworth,Sales Representative,United Package,842.0
10736,75,7.75,20,0.0,HUNGO,9,1997-11-11,1997-12-09,1997-11-21,44.1,Cork,Ireland,Hungry Owl All-Night Grocers,Patricia McKenna,Cork,Ireland,Rhönbräu Klosterbier,12,1,24 - 0.5 l bottles,0,Beverages,Plutzer Lebensmittelgroßmärkte AG,Germany,Anne Dodsworth,Sales Representative,United Package,155.0
10737,13,6.0,4,0.0,VINET,2,1997-11-11,1997-12-09,1997-11-18,7.79,Reims,France,Vins et alcools Chevalier,Paul Henriot,Reims,France,Konbu,6,8,2 kg box,0,Seafood,Mayumi's,Japan,Andrew Fuller,Vice President Sales,United Package,24.0
10737,41,9.65,12,0.0,VINET,2,1997-11-11,1997-12-09,1997-11-18,7.79,Reims,France,Vins et alcools Chevalier,Paul Henriot,Reims,France,Jack's New England Clam Chowder,19,8,12 - 12 oz cans,0,Seafood,New England Seafood Cannery,USA,Andrew Fuller,Vice President Sales,United Package,115.8
10738,16,17.45,3,0.0,SPECD,2,1997-11-12,1997-12-10,1997-11-18,2.91,Paris,France,Spécialités du monde,Dominique Perrier,Paris,France,Pavlova,7,3,32 - 500 g boxes,0,Confections,Pavlova Ltd.,Australia,Andrew Fuller,Vice President Sales,Speedy Express,52.35
10739,36,19.0,6,0.0,VINET,3,1997-11-12,1997-12-10,1997-11-17,11.08,Reims,France,Vins et alcools Chevalier,Paul Henriot,Reims,France,Inlagd Sill,17,8,24 - 250 g  jars,0,Seafood,Svensk Sjöföda AB,Sweden,Janet Leverling,Sales Representative,Federal Shipping,114.0
10739,52,7.0,18,0.0,VINET,3,1997-11-12,1997-12-10,1997-11-17,11.08,Reims,France,Vins et alcools Chevalier,Paul Henriot,Reims,France,Filo Mix,24,5,16 - 2 kg boxes,0,Grains/Cereals,G'day Mate,Australia,Janet Leverling,Sales Representative,Federal Shipping,126.0
10740,28,45.6,5,0.2,WHITC,4,1997-11-13,1997-12-11,1997-11-25,81.88,Seattle,USA,White Clover Markets,Karl Jablonski,Seattle,USA,Rössle Sauerkraut,12,7,25 - 825 g cans,1,Produce,Plutzer Lebensmittelgroßmärkte AG,Germany,Margaret Peacock,Sales Representative,United Package,182.4
10740,35,18.0,35,0.2,WHITC,4,1997-11-13,1997-12-11,1997-11-25,81.88,Seattle,USA,White Clover Markets,Karl Jablonski,Seattle,USA,Steeleye Stout,16,1,24 - 12 oz bottles,0,Beverages,Bigfoot Breweries,USA,Margaret Peacock,Sales Representative,United Package,504.0
10740,45,9.5,40,0.2,WHITC,4,1997-11-13,1997-12-11,1997-11-25,81.88,Seattle,USA,White Clover Markets,Karl Jablonski,Seattle,USA,Rogede sild,21,8,1k pkg.,0,Seafood,Lyngbysild,Denmark,Margaret Peacock,Sales Representative,United Package,304.0
10740,56,38.0,14,0.2,WHITC,4,1997-11-13,1997-12-11,1997-11-25,81.88,Seattle,USA,White Clover Markets,Karl Jablonski,Seattle,USA,Gnocchi di nonna Alice,26,5,24 - 250 g pkgs.,0,Grains/Cereals,Pasta Buttini s.r.l.,Italy,Margaret Peacock,Sales Representative,United Package,425.6
10741,2,19.0,15,0.2,AROUT,4,1997-11-14,1997-11-28,1997-11-18,10.96,Colchester,UK,Around the Horn,Thomas Hardy,London,UK,Chang,1,1,24 - 12 oz bottles,0,Beverages,Exotic Liquids,UK,Margaret Peacock,Sales Representative,Federal Shipping,228.0
10742,3,10.0,20,0.0,BOTTM,3,1997-11-14,1997-12-12,1997-11-18,243.73,Tsawassen,Canada,Bottom-Dollar Markets,Elizabeth Lincoln,Tsawassen,Canada,Aniseed Syrup,1,2,12 - 550 ml bottles,0,Condiments,Exotic Liquids,UK,Janet Leverling,Sales Representative,Federal Shipping,200.0
10742,60,34.0,50,0.0,BOTTM,3,1997-11-14,1997-12-12,1997-11-18,243.73,Tsawassen,Canada,Bottom-Dollar Markets,Elizabeth Lincoln,Tsawassen,Canada,Camembert Pierrot,28,4,15 - 300 g rounds,0,Dairy Products,Gai pâturage,France,Janet Leverling,Sales Representative,Federal Shipping,1700.0
10742,72,34.8,35,0.0,BOTTM,3,1997-11-14,1997-12-12,1997-11-18,243.73,Tsawassen,Canada,Bottom-Dollar Markets,Elizabeth Lincoln,Tsawassen,Canada,Mozzarella di Giovanni,14,4,24 - 200 g pkgs.,0,Dairy Products,Formaggi Fortini s.r.l.,Italy,Janet Leverling,Sales Representative,Federal Shipping,1218.0
10743,46,12.0,28,0.05,AROUT,1,1997-11-17,1997-12-15,1997-11-21,23.72,Colchester,UK,Around the Horn,Thomas Hardy,London,UK,Spegesild,21,8,4 - 450 g glasses,0,Seafood,Lyngbysild,Denmark,Nancy Davolio,Sales Representative,United Package,319.2
10744,40,18.4,50,0.2,VAFFE,6,1997-11-17,1997-12-15,1997-11-24,69.19,Århus,Denmark,Vaffeljernet,Palle Ibsen,Århus,Denmark,Boston Crab Meat,19,8,24 - 4 oz tins,0,Seafood,New England Seafood Cannery,USA,Michael Suyama,Sales Representative,Speedy Express,736.0
10745,18,62.5,24,0.0,QUICK,9,1997-11-18,1997-12-16,1997-11-27,3.52,Cunewalde,Germany,QUICK-Stop,Horst Kloss,Cunewalde,Germany,Carnarvon Tigers,7,8,16 kg pkg.,0,Seafood,Pavlova Ltd.,Australia,Anne Dodsworth,Sales Representative,Speedy Express,1500.0
10745,44,19.45,16,0.0,QUICK,9,1997-11-18,1997-12-16,1997-11-27,3.52,Cunewalde,Germany,QUICK-Stop,Horst Kloss,Cunewalde,Germany,Gula Malacca,20,2,20 - 2 kg bags,0,Condiments,Leka Trading,Singapore,Anne Dodsworth,Sales Representative,Speedy Express,311.2
10745,59,55.0,45,0.0,QUICK,9,1997-11-18,1997-12-16,1997-11-27,3.52,Cunewalde,Germany,QUICK-Stop,Horst Kloss,Cunewalde,Germany,Raclette Courdavault,28,4,5 kg pkg.,0,Dairy Products,Gai pâturage,France,Anne Dodsworth,Sales Representative,Speedy Express,2475.0
10745,72,34.8,7,0.0,QUICK,9,1997-11-18,1997-12-16,1997-11-27,3.52,Cunewalde,Germany,QUICK-Stop,Horst Kloss,Cunewalde,Germany,Mozzarella di Giovanni,14,4,24 - 200 g pkgs.,0,Dairy Products,Formaggi Fortini s.r.l.,Italy,Anne Dodsworth,Sales Representative,Speedy Express,243.6
10746,13,6.0,6,0.0,CHOPS,1,1997-11-19,1997-12-17,1997-11-21,31.43,Bern,Switzerland,Chop-suey Chinese,Yang Wang,Bern,Switzerland,Konbu,6,8,2 kg box,0,Seafood,Mayumi's,Japan,Nancy Davolio,Sales Representative,Federal Shipping,36.0
10746,42,14.0,28,0.0,CHOPS,1,1997-11-19,1997-12-17,1997-11-21,31.43,Bern,Switzerland,Chop-suey Chinese,Yang Wang,Bern,Switzerland,Singaporean Hokkien Fried Mee,20,5,32 - 1 kg pkgs.,1,Grains/Cereals,Leka Trading,Singapore,Nancy Davolio,Sales Representative,Federal Shipping,392.0
10746,62,49.3,9,0.0,CHOPS,1,1997-11-19,1997-12-17,1997-11-21,31.43,Bern,Switzerland,Chop-suey Chinese,Yang Wang,Bern,Switzerland,Tarte au sucre,29,3,48 pies,0,Confections,Forêts d'érables,Canada,Nancy Davolio,Sales Representative,Federal Shipping,443.7
10746,69,36.0,40,0.0,CHOPS,1,1997-11-19,1997-12-17,1997-11-21,31.43,Bern,Switzerland,Chop-suey Chinese,Yang Wang,Bern,Switzerland,Gudbrandsdalsost,15,4,10 kg pkg.,0,Dairy Products,Norske Meierier,Norway,Nancy Davolio,Sales Representative,Federal Shipping,1440.0
10747,31,12.5,8,0.0,PICCO,6,1997-11-19,1997-12-17,1997-11-26,117.33,Salzburg,Austria,Piccolo und mehr,Georg Pipps,Salzburg,Austria,Gorgonzola Telino,14,4,12 - 100 g pkgs,0,Dairy Products,Formaggi Fortini s.r.l.,Italy,Michael Suyama,Sales Representative,Speedy Express,100.0
10747,41,9.65,35,0.0,PICCO,6,1997-11-19,1997-12-17,1997-11-26,117.33,Salzburg,Austria,Piccolo und mehr,Georg Pipps,Salzburg,Austria,Jack's New England Clam Chowder,19,8,12 - 12 oz cans,0,Seafood,New England Seafood Cannery,USA,Michael Suyama,Sales Representative,Speedy Express,337.75
10747,63,43.9,9,0.0,PICCO,6,1997-11-19,1997-12-17,1997-11-26,117.33,Salzburg,Austria,Piccolo und mehr,Georg Pipps,Salzburg,Austria,Vegie-spread,7,2,15 - 625 g jars,0,Condiments,Pavlova Ltd.,Australia,Michael Suyama,Sales Representative,Speedy Express,395.1
10747,69,36.0,30,0.0,PICCO,6,1997-11-19,1997-12-17,1997-11-26,117.33,Salzburg,Austria,Piccolo und mehr,Georg Pipps,Salzburg,Austria,Gudbrandsdalsost,15,4,10 kg pkg.,0,Dairy Products,Norske Meierier,Norway,Michael Suyama,Sales Representative,Speedy Express,1080.0
10748,23,9.0,44,0.0,SAVEA,3,1997-11-20,1997-12-18,1997-11-28,232.55,Boise,USA,Save-a-lot Markets,Jose Pavarotti,Boise,USA,Tunnbröd,9,5,12 - 250 g pkgs.,0,Grains/Cereals,PB Knäckebröd AB,Sweden,Janet Leverling,Sales Representative,Speedy Express,396.0
10748,40,18.4,40,0.0,SAVEA,3,1997-11-20,1997-12-18,1997-11-28,232.55,Boise,USA,Save-a-lot Markets,Jose Pavarotti,Boise,USA,Boston Crab Meat,19,8,24 - 4 oz tins,0,Seafood,New England Seafood Cannery,USA,Janet Leverling,Sales Representative,Speedy Express,736.0
10748,56,38.0,28,0.0,SAVEA,3,1997-11-20,1997-12-18,1997-11-28,232.55,Boise,USA,Save-a-lot Markets,Jose Pavarotti,Boise,USA,Gnocchi di nonna Alice,26,5,24 - 250 g pkgs.,0,Grains/Cereals,Pasta Buttini s.r.l.,Italy,Janet Leverling,Sales Representative,Speedy Express,1064.0
10749,56,38.0,15,0.0,ISLAT,4,1997-11-20,1997-12-18,1997-12-19,61.53,Cowes,UK,Island Trading,Helen Bennett,Cowes,UK,Gnocchi di nonna Alice,26,5,24 - 250 g pkgs.,0,Grains/Cereals,Pasta Buttini s.r.l.,Italy,Margaret Peacock,Sales Representative,United Package,570.0
10749,59,55.0,6,0.0,ISLAT,4,1997-11-20,1997-12-18,1997-12-19,61.53,Cowes,UK,Island Trading,Helen Bennett,Cowes,UK,Raclette Courdavault,28,4,5 kg pkg.,0,Dairy Products,Gai pâturage,France,Margaret Peacock,Sales Representative,United Package,330.0
10749,76,18.0,10,0.0,ISLAT,4,1997-11-20,1997-12-18,1997-12-19,61.53,Cowes,UK,Island Trading,Helen Bennett,Cowes,UK,Lakkalikööri,23,1,500 ml,0,Beverages,Karkki Oy,Finland,Margaret Peacock,Sales Representative,United Package,180.0
10750,14,23.25,5,0.15,WARTH,9,1997-11-21,1997-12-19,1997-11-24,79.3,Oulu,Finland,Wartian Herkku,Pirkko Koskitalo,Oulu,Finland,Tofu,6,7,40 - 100 g pkgs.,0,Produce,Mayumi's,Japan,Anne Dodsworth,Sales Representative,Speedy Express,98.81
10750,45,9.5,40,0.15,WARTH,9,1997-11-21,1997-12-19,1997-11-24,79.3,Oulu,Finland,Wartian Herkku,Pirkko Koskitalo,Oulu,Finland,Rogede sild,21,8,1k pkg.,0,Seafood,Lyngbysild,Denmark,Anne Dodsworth,Sales Representative,Speedy Express,323.0
10750,59,55.0,25,0.15,WARTH,9,1997-11-21,1997-12-19,1997-11-24,79.3,Oulu,Finland,Wartian Herkku,Pirkko Koskitalo,Oulu,Finland,Raclette Courdavault,28,4,5 kg pkg.,0,Dairy Products,Gai pâturage,France,Anne Dodsworth,Sales Representative,Speedy Express,1168.75
10751,26,31.23,12,0.1,RICSU,3,1997-11-24,1997-12-22,1997-12-03,130.79,Genève,Switzerland,Richter Supermarkt,Michael Holz,Genève,Switzerland,Gumbär Gummibärchen,11,3,100 - 250 g bags,0,Confections,Heli Süßwaren GmbH & Co. KG,Germany,Janet Leverling,Sales Representative,Federal Shipping,337.28
10751,30,25.89,30,0.0,RICSU,3,1997-11-24,1997-12-22,1997-12-03,130.79,Genève,Switzerland,Richter Supermarkt,Michael Holz,Genève,Switzerland,Nord-Ost Matjeshering,13,8,10 - 200 g glasses,0,Seafood,Nord-Ost-Fisch Handelsgesellschaft mbH,Germany,Janet Leverling,Sales Representative,Federal Shipping,776.7
10751,50,16.25,20,0.1,RICSU,3,1997-11-24,1997-12-22,1997-12-03,130.79,Genève,Switzerland,Richter Supermarkt,Michael Holz,Genève,Switzerland,Valkoinen suklaa,23,3,12 - 100 g bars,0,Confections,Karkki Oy,Finland,Janet Leverling,Sales Representative,Federal Shipping,292.5
10751,73,15.0,15,0.0,RICSU,3,1997-11-24,1997-12-22,1997-12-03,130.79,Genève,Switzerland,Richter Supermarkt,Michael Holz,Genève,Switzerland,Röd Kaviar,17,8,24 - 150 g jars,0,Seafood,Svensk Sjöföda AB,Sweden,Janet Leverling,Sales Representative,Federal Shipping,225.0
10752,1,18.0,8,0.0,NORTS,2,1997-11-24,1997-12-22,1997-11-28,1.39,London,UK,North/South,Simon Crowther,London,UK,Chai,1,1,10 boxes x 20 bags,0,Beverages,Exotic Liquids,UK,Andrew Fuller,Vice President Sales,Federal Shipping,144.0
10752,69,36.0,3,0.0,NORTS,2,1997-11-24,1997-12-22,1997-11-28,1.39,London,UK,North/South,Simon Crowther,London,UK,Gudbrandsdalsost,15,4,10 kg pkg.,0,Dairy Products,Norske Meierier,Norway,Andrew Fuller,Vice President Sales,Federal Shipping,108.0
10753,45,9.5,4,0.0,FRANS,3,1997-11-25,1997-12-23,1997-11-27,7.7,Torino,Italy,Franchi S.p.A.,Paolo Accorti,Torino,Italy,Rogede sild,21,8,1k pkg.,0,Seafood,Lyngbysild,Denmark,Janet Leverling,Sales Representative,Speedy Express,38.0
10753,74,10.0,5,0.0,FRANS,3,1997-11-25,1997-12-23,1997-11-27,7.7,Torino,Italy,Franchi S.p.A.,Paolo Accorti,Torino,Italy,Longlife Tofu,4,7,5 kg pkg.,0,Produce,Tokyo Traders,Japan,Janet Leverling,Sales Representative,Speedy Express,50.0
10754,40,18.4,3,0.0,MAGAA,6,1997-11-25,1997-12-23,1997-11-27,2.38,Bergamo,Italy,Magazzini Alimentari Riuniti,Giovanni Rovelli,Bergamo,Italy,Boston Crab Meat,19,8,24 - 4 oz tins,0,Seafood,New England Seafood Cannery,USA,Michael Suyama,Sales Representative,Federal Shipping,55.2
10755,47,9.5,30,0.25,BONAP,4,1997-11-26,1997-12-24,1997-11-28,16.71,Marseille,France,Bon app',Laurence Lebihan,Marseille,France,Zaanse koeken,22,3,10 - 4 oz boxes,0,Confections,Zaanse Snoepfabriek,Netherlands,Margaret Peacock,Sales Representative,United Package,213.75
10755,56,38.0,30,0.25,BONAP,4,1997-11-26,1997-12-24,1997-11-28,16.71,Marseille,France,Bon app',Laurence Lebihan,Marseille,France,Gnocchi di nonna Alice,26,5,24 - 250 g pkgs.,0,Grains/Cereals,Pasta Buttini s.r.l.,Italy,Margaret Peacock,Sales Representative,United Package,855.0
10755,57,19.5,14,0.25,BONAP,4,1997-11-26,1997-12-24,1997-11-28,16.71,Marseille,France,Bon app',Laurence Lebihan,Marseille,France,Ravioli Angelo,26,5,24 - 250 g pkgs.,0,Grains/Cereals,Pasta Buttini s.r.l.,Italy,Margaret Peacock,Sales Representative,United Package,204.75
10755,69,36.0,25,0.25,BONAP,4,1997-11-26,1997-12-24,1997-11-28,16.71,Marseille,France,Bon app',Laurence Lebihan,Marseille,France,Gudbrandsdalsost,15,4,10 kg pkg.,0,Dairy Products,Norske Meierier,Norway,Margaret Peacock,Sales Representative,United Package,675.0
10756,18,62.5,21,0.2,SPLIR,8,1997-11-27,1997-12-25,1997-12-02,73.21,Lander,USA,Split Rail Beer & Ale,Art Braunschweiger,Lander,USA,Carnarvon Tigers,7,8,16 kg pkg.,0,Seafood,Pavlova Ltd.,Australia,Laura Callahan,Inside Sales Coordinator,United Package,1050.0
10756,36,19.0,20,0.2,SPLIR,8,1997-11-27,1997-12-25,1997-12-02,73.21,Lander,USA,Split Rail Beer & Ale,Art Braunschweiger,Lander,USA,Inlagd Sill,17,8,24 - 250 g  jars,0,Seafood,Svensk Sjöföda AB,Sweden,Laura Callahan,Inside Sales Coordinator,United Package,304.0
10756,68,12.5,6,0.2,SPLIR,8,1997-11-27,1997-12-25,1997-12-02,73.21,Lander,USA,Split Rail Beer & Ale,Art Braunschweiger,Lander,USA,Scottish Longbreads,8,3,10 boxes x 8 pieces,0,Confections,Specialty Biscuits Ltd.,UK,Laura Callahan,Inside Sales Coordinator,United Package,60.0
10756,69,36.0,20,0.2,SPLIR,8,1997-11-27,1997-12-25,1997-12-02,73.21,Lander,USA,Split Rail Beer & Ale,Art Braunschweiger,Lander,USA,Gudbrandsdalsost,15,4,10 kg pkg.,0,Dairy Products,Norske Meierier,Norway,Laura Callahan,Inside Sales Coordinator,United Package,576.0
10757,34,14.0,30,0.0,SAVEA,6,1997-11-27,1997-12-25,1997-12-15,8.19,Boise,USA,Save-a-lot Markets,Jose Pavarotti,Boise,USA,Sasquatch Ale,16,1,24 - 12 oz bottles,0,Beverages,Bigfoot Breweries,USA,Michael Suyama,Sales Representative,Speedy Express,420.0
10757,59,55.0,7,0.0,SAVEA,6,1997-11-27,1997-12-25,1997-12-15,8.19,Boise,USA,Save-a-lot Markets,Jose Pavarotti,Boise,USA,Raclette Courdavault,28,4,5 kg pkg.,0,Dairy Products,Gai pâturage,France,Michael Suyama,Sales Representative,Speedy Express,385.0
10757,62,49.3,30,0.0,SAVEA,6,1997-11-27,1997-12-25,1997-12-15,8.19,Boise,USA,Save-a-lot Markets,Jose Pavarotti,Boise,USA,Tarte au sucre,29,3,48 pies,0,Confections,Forêts d'érables,Canada,Michael Suyama,Sales Representative,Speedy Express,1479.0
10757,64,33.25,24,0.0,SAVEA,6,1997-11-27,1997-12-25,1997-12-15,8.19,Boise,USA,Save-a-lot Markets,Jose Pavarotti,Boise,USA,Wimmers gute Semmelknödel,12,5,20 bags x 4 pieces,0,Grains/Cereals,Plutzer Lebensmittelgroßmärkte AG,Germany,Michael Suyama,Sales Representative,Speedy Express,798.0
10758,26,31.23,20,0.0,RICSU,3,1997-11-28,1997-12-26,1997-12-04,138.17,Genève,Switzerland,Richter Supermarkt,Michael Holz,Genève,Switzerland,Gumbär Gummibärchen,11,3,100 - 250 g bags,0,Confections,Heli Süßwaren GmbH & Co. KG,Germany,Janet Leverling,Sales Representative,Federal Shipping,624.6
10758,52,7.0,60,0.0,RICSU,3,1997-11-28,1997-12-26,1997-12-04,138.17,Genève,Switzerland,Richter Supermarkt,Michael Holz,Genève,Switzerland,Filo Mix,24,5,16 - 2 kg boxes,0,Grains/Cereals,G'day Mate,Australia,Janet Leverling,Sales Representative,Federal Shipping,420.0
10758,70,15.0,40,0.0,RICSU,3,1997-11-28,1997-12-26,1997-12-04,138.17,Genève,Switzerland,Richter Supermarkt,Michael Holz,Genève,Switzerland,Outback Lager,7,1,24 - 355 ml bottles,0,Beverages,Pavlova Ltd.,Australia,Janet Leverling,Sales Representative,Federal Shipping,600.0
10759,32,32.0,10,0.0,ANATR,3,1997-11-28,1997-12-26,1997-12-12,11.99,México D.F.,Mexico,Ana Trujillo Emparedados y helados,Ana Trujillo,México D.F.,Mexico,Mascarpone Fabioli,14,4,24 - 200 g pkgs.,0,Dairy Products,Formaggi Fortini s.r.l.,Italy,Janet Leverling,Sales Representative,Federal Shipping,320.0
10760,25,14.0,12,0.25,MAISD,4,1997-12-01,1997-12-29,1997-12-10,155.64,Bruxelles,Belgium,Maison Dewey,Catherine Dewey,Bruxelles,Belgium,NuNuCa Nuß-Nougat-Creme,11,3,20 - 450 g glasses,0,Confections,Heli Süßwaren GmbH & Co. KG,Germany,Margaret Peacock,Sales Representative,Speedy Express,126.0
10760,27,43.9,40,0.0,MAISD,4,1997-12-01,1997-12-29,1997-12-10,155.64,Bruxelles,Belgium,Maison Dewey,Catherine Dewey,Bruxelles,Belgium,Schoggi Schokolade,11,3,100 - 100 g pieces,0,Confections,Heli Süßwaren GmbH & Co. KG,Germany,Margaret Peacock,Sales Representative,Speedy Express,1756.0
10760,43,46.0,30,0.25,MAISD,4,1997-12-01,1997-12-29,1997-12-10,155.64,Bruxelles,Belgium,Maison Dewey,Catherine Dewey,Bruxelles,Belgium,Ipoh Coffee,20,1,16 - 500 g tins,0,Beverages,Leka Trading,Singapore,Margaret Peacock,Sales Representative,Speedy Express,1035.0
10761,25,14.0,35,0.25,RATTC,5,1997-12-02,1997-12-30,1997-12-08,18.66,Albuquerque,USA,Rattlesnake Canyon Grocery,Paula Wilson,Albuquerque,USA,NuNuCa Nuß-Nougat-Creme,11,3,20 - 450 g glasses,0,Confections,Heli Süßwaren GmbH & Co. KG,Germany,Steven Buchanan,Sales Manager,United Package,367.5
10761,75,7.75,18,0.0,RATTC,5,1997-12-02,1997-12-30,1997-12-08,18.66,Albuquerque,USA,Rattlesnake Canyon Grocery,Paula Wilson,Albuquerque,USA,Rhönbräu Klosterbier,12,1,24 - 0.5 l bottles,0,Beverages,Plutzer Lebensmittelgroßmärkte AG,Germany,Steven Buchanan,Sales Manager,United Package,139.5
10762,39,18.0,16,0.0,FOLKO,3,1997-12-02,1997-12-30,1997-12-09,328.74,Bräcke,Sweden,Folk och fä HB,Maria Larsson,Bräcke,Sweden,Chartreuse verte,18,1,750 cc per bottle,0,Beverages,Aux joyeux ecclésiastiques,France,Janet Leverling,Sales Representative,Speedy Express,288.0
10762,47,9.5,30,0.0,FOLKO,3,1997-12-02,1997-12-30,1997-12-09,328.74,Bräcke,Sweden,Folk och fä HB,Maria Larsson,Bräcke,Sweden,Zaanse koeken,22,3,10 - 4 oz boxes,0,Confections,Zaanse Snoepfabriek,Netherlands,Janet Leverling,Sales Representative,Speedy Express,285.0
10762,51,53.0,28,0.0,FOLKO,3,1997-12-02,1997-12-30,1997-12-09,328.74,Bräcke,Sweden,Folk och fä HB,Maria Larsson,Bräcke,Sweden,Manjimup Dried Apples,24,7,50 - 300 g pkgs.,0,Produce,G'day Mate,Australia,Janet Leverling,Sales Representative,Speedy Express,1484.0
10762,56,38.0,60,0.0,FOLKO,3,1997-12-02,1997-12-30,1997-12-09,328.74,Bräcke,Sweden,Folk och fä HB,Maria Larsson,Bräcke,Sweden,Gnocchi di nonna Alice,26,5,24 - 250 g pkgs.,0,Grains/Cereals,Pasta Buttini s.r.l.,Italy,Janet Leverling,Sales Representative,Speedy Express,2280.0
10763,21,10.0,40,0.0,FOLIG,3,1997-12-03,1997-12-31,1997-12-08,37.35,Lille,France,Folies gourmandes,Martine Rancé,Lille,France,Sir Rodney's Scones,8,3,24 pkgs. x 4 pieces,0,Confections,Specialty Biscuits Ltd.,UK,Janet Leverling,Sales Representative,Federal Shipping,400.0
10763,22,21.0,6,0.0,FOLIG,3,1997-12-03,1997-12-31,1997-12-08,37.35,Lille,France,Folies gourmandes,Martine Rancé,Lille,France,Gustaf's Knäckebröd,9,5,24 - 500 g pkgs.,0,Grains/Cereals,PB Knäckebröd AB,Sweden,Janet Leverling,Sales Representative,Federal Shipping,126.0
10763,24,4.5,20,0.0,FOLIG,3,1997-12-03,1997-12-31,1997-12-08,37.35,Lille,France,Folies gourmandes,Martine Rancé,Lille,France,Guaraná Fantástica,10,1,12 - 355 ml cans,1,Beverages,Refrescos Americanas LTDA,Brazil,Janet Leverling,Sales Representative,Federal Shipping,90.0
10764,3,10.0,20,0.1,ERNSH,6,1997-12-03,1997-12-31,1997-12-08,145.45,Graz,Austria,Ernst Handel,Roland Mendel,Graz,Austria,Aniseed Syrup,1,2,12 - 550 ml bottles,0,Condiments,Exotic Liquids,UK,Michael Suyama,Sales Representative,Federal Shipping,180.0
10764,39,18.0,130,0.1,ERNSH,6,1997-12-03,1997-12-31,1997-12-08,145.45,Graz,Austria,Ernst Handel,Roland Mendel,Graz,Austria,Chartreuse verte,18,1,750 cc per bottle,0,Beverages,Aux joyeux ecclésiastiques,France,Michael Suyama,Sales Representative,Federal Shipping,2106.0
10765,65,21.05,80,0.1,QUICK,3,1997-12-04,1998-01-01,1997-12-09,42.74,Cunewalde,Germany,QUICK-Stop,Horst Kloss,Cunewalde,Germany,Louisiana Fiery Hot Pepper Sauce,2,2,32 - 8 oz bottles,0,Condiments,New Orleans Cajun Delights,USA,Janet Leverling,Sales Representative,Federal Shipping,1515.6
10766,2,19.0,40,0.0,OTTIK,4,1997-12-05,1998-01-02,1997-12-09,157.55,Köln,Germany,Ottilies Käseladen,Henriette Pfalzheim,Köln,Germany,Chang,1,1,24 - 12 oz bottles,0,Beverages,Exotic Liquids,UK,Margaret Peacock,Sales Representative,Speedy Express,760.0
10766,7,30.0,35,0.0,OTTIK,4,1997-12-05,1998-01-02,1997-12-09,157.55,Köln,Germany,Ottilies Käseladen,Henriette Pfalzheim,Köln,Germany,Uncle Bob's Organic Dried Pears,3,7,12 - 1 lb pkgs.,0,Produce,Grandma Kelly's Homestead,USA,Margaret Peacock,Sales Representative,Speedy Express,1050.0
10766,68,12.5,40,0.0,OTTIK,4,1997-12-05,1998-01-02,1997-12-09,157.55,Köln,Germany,Ottilies Käseladen,Henriette Pfalzheim,Köln,Germany,Scottish Longbreads,8,3,10 boxes x 8 pieces,0,Confections,Specialty Biscuits Ltd.,UK,Margaret Peacock,Sales Representative,Speedy Express,500.0
10767,42,14.0,2,0.0,SUPRD,4,1997-12-05,1998-01-02,1997-12-15,1.59,Charleroi,Belgium,Suprêmes délices,Pascale Cartrain,Charleroi,Belgium,Singaporean Hokkien Fried Mee,20,5,32 - 1 kg pkgs.,1,Grains/Cereals,Leka Trading,Singapore,Margaret Peacock,Sales Representative,Federal Shipping,28.0
10768,22,21.0,4,0.0,AROUT,3,1997-12-08,1998-01-05,1997-12-15,146.32,Colchester,UK,Around the Horn,Thomas Hardy,London,UK,Gustaf's Knäckebröd,9,5,24 - 500 g pkgs.,0,Grains/Cereals,PB Knäckebröd AB,Sweden,Janet Leverling,Sales Representative,United Package,84.0
10768,31,12.5,50,0.0,AROUT,3,1997-12-08,1998-01-05,1997-12-15,146.32,Colchester,UK,Around the Horn,Thomas Hardy,London,UK,Gorgonzola Telino,14,4,12 - 100 g pkgs,0,Dairy Products,Formaggi Fortini s.r.l.,Italy,Janet Leverling,Sales Representative,United Package,625.0
10768,60,34.0,15,0.0,AROUT,3,1997-12-08,1998-01-05,1997-12-15,146.32,Colchester,UK,Around the Horn,Thomas Hardy,London,UK,Camembert Pierrot,28,4,15 - 300 g rounds,0,Dairy Products,Gai pâturage,France,Janet Leverling,Sales Representative,United Package,510.0
10768,71,21.5,12,0.0,AROUT,3,1997-12-08,1998-01-05,1997-12-15,146.32,Colchester,UK,Around the Horn,Thomas Hardy,London,UK,Flotemysost,15,4,10 - 500 g pkgs.,0,Dairy Products,Norske Meierier,Norway,Janet Leverling,Sales Representative,United Package,258.0
10769,41,9.65,30,0.05,VAFFE,3,1997-12-08,1998-01-05,1997-12-12,65.06,Århus,Denmark,Vaffeljernet,Palle Ibsen,Århus,Denmark,Jack's New England Clam Chowder,19,8,12 - 12 oz cans,0,Seafood,New England Seafood Cannery,USA,Janet Leverling,Sales Representative,Speedy Express,275.02
10769,52,7.0,15,0.05,VAFFE,3,1997-12-08,1998-01-05,1997-12-12,65.06,Århus,Denmark,Vaffeljernet,Palle Ibsen,Århus,Denmark,Filo Mix,24,5,16 - 2 kg boxes,0,Grains/Cereals,G'day Mate,Australia,Janet Leverling,Sales Representative,Speedy Express,99.75
10769,61,28.5,20,0.0,VAFFE,3,1997-12-08,1998-01-05,1997-12-12,65.06,Århus,Denmark,Vaffeljernet,Palle Ibsen,Århus,Denmark,Sirop d'érable,29,2,24 - 500 ml bottles,0,Condiments,Forêts d'érables,Canada,Janet Leverling,Sales Representative,Speedy Express,570.0
10769,62,49.3,15,0.0,VAFFE,3,1997-12-08,1998-01-05,1997-12-12,65.06,Århus,Denmark,Vaffeljernet,Palle Ibsen,Århus,Denmark,Tarte au sucre,29,3,48 pies,0,Confections,Forêts d'érables,Canada,Janet Leverling,Sales Representative,Speedy Express,739.5
10770,11,21.0,15,0.25,HANAR,8,1997-12-09,1998-01-06,1997-12-17,5.32,Rio de Janeiro,Brazil,Hanari Carnes,Mario Pontes,Rio de Janeiro,Brazil,Queso Cabrales,5,4,1 kg pkg.,0,Dairy Products,Cooperativa de Quesos 'Las Cabras',Spain,Laura Callahan,Inside Sales Coordinator,Federal Shipping,236.25
10771,71,21.5,16,0.0,ERNSH,9,1997-12-10,1998-01-07,1998-01-02,11.19,Graz,Austria,Ernst Handel,Roland Mendel,Graz,Austria,Flotemysost,15,4,10 - 500 g pkgs.,0,Dairy Products,Norske Meierier,Norway,Anne Dodsworth,Sales Representative,United Package,344.0
10772,29,123.79,18,0.0,LEHMS,3,1997-12-10,1998-01-07,1997-12-19,91.28,Frankfurt a.M.,Germany,Lehmanns Marktstand,Renate Messner,Frankfurt a.M.,Germany,Thüringer Rostbratwurst,12,6,50 bags x 30 sausgs.,1,Meat/Poultry,Plutzer Lebensmittelgroßmärkte AG,Germany,Janet Leverling,Sales Representative,United Package,2228.22
10772,59,55.0,25,0.0,LEHMS,3,1997-12-10,1998-01-07,1997-12-19,91.28,Frankfurt a.M.,Germany,Lehmanns Marktstand,Renate Messner,Frankfurt a.M.,Germany,Raclette Courdavault,28,4,5 kg pkg.,0,Dairy Products,Gai pâturage,France,Janet Leverling,Sales Representative,United Package,1375.0
10773,17,39.0,33,0.0,ERNSH,1,1997-12-11,1998-01-08,1997-12-16,96.43,Graz,Austria,Ernst Handel,Roland Mendel,Graz,Austria,Alice Mutton,7,6,20 - 1 kg tins,1,Meat/Poultry,Pavlova Ltd.,Australia,Nancy Davolio,Sales Representative,Federal Shipping,1287.0
10773,31,12.5,70,0.2,ERNSH,1,1997-12-11,1998-01-08,1997-12-16,96.43,Graz,Austria,Ernst Handel,Roland Mendel,Graz,Austria,Gorgonzola Telino,14,4,12 - 100 g pkgs,0,Dairy Products,Formaggi Fortini s.r.l.,Italy,Nancy Davolio,Sales Representative,Federal Shipping,700.0
10773,75,7.75,7,0.2,ERNSH,1,1997-12-11,1998-01-08,1997-12-16,96.43,Graz,Austria,Ernst Handel,Roland Mendel,Graz,Austria,Rhönbräu Klosterbier,12,1,24 - 0.5 l bottles,0,Beverages,Plutzer Lebensmittelgroßmärkte AG,Germany,Nancy Davolio,Sales Representative,Federal Shipping,43.4
10774,31,12.5,2,0.25,FOLKO,4,1997-12-11,1997-12-25,1997-12-12,48.2,Bräcke,Sweden,Folk och fä HB,Maria Larsson,Bräcke,Sweden,Gorgonzola Telino,14,4,12 - 100 g pkgs,0,Dairy Products,Formaggi Fortini s.r.l.,Italy,Margaret Peacock,Sales Representative,Speedy Express,18.75
10774,66,17.0,50,0.0,FOLKO,4,1997-12-11,1997-12-25,1997-12-12,48.2,Bräcke,Sweden,Folk och fä HB,Maria Larsson,Bräcke,Sweden,Louisiana Hot Spiced Okra,2,2,24 - 8 oz jars,0,Condiments,New Orleans Cajun Delights,USA,Margaret Peacock,Sales Representative,Speedy Express,850.0
10775,10,31.0,6,0.0,THECR,7,1997-12-12,1998-01-09,1997-12-26,20.25,Butte,USA,The Cracker Box,Liu Wong,Butte,USA,Ikura,4,8,12 - 200 ml jars,0,Seafood,Tokyo Traders,Japan,Robert King,Sales Representative,Speedy Express,186.0
10775,67,14.0,3,0.0,THECR,7,1997-12-12,1998-01-09,1997-12-26,20.25,Butte,USA,The Cracker Box,Liu Wong,Butte,USA,Laughing Lumberjack Lager,16,1,24 - 12 oz bottles,0,Beverages,Bigfoot Breweries,USA,Robert King,Sales Representative,Speedy Express,42.0
10776,31,12.5,16,0.05,ERNSH,1,1997-12-15,1998-01-12,1997-12-18,351.53,Graz,Austria,Ernst Handel,Roland Mendel,Graz,Austria,Gorgonzola Telino,14,4,12 - 100 g pkgs,0,Dairy Products,Formaggi Fortini s.r.l.,Italy,Nancy Davolio,Sales Representative,Federal Shipping,190.0
10776,42,14.0,12,0.05,ERNSH,1,1997-12-15,1998-01-12,1997-12-18,351.53,Graz,Austria,Ernst Handel,Roland Mendel,Graz,Austria,Singaporean Hokkien Fried Mee,20,5,32 - 1 kg pkgs.,1,Grains/Cereals,Leka Trading,Singapore,Nancy Davolio,Sales Representative,Federal Shipping,159.6
10776,45,9.5,27,0.05,ERNSH,1,1997-12-15,1998-01-12,1997-12-18,351.53,Graz,Austria,Ernst Handel,Roland Mendel,Graz,Austria,Rogede sild,21,8,1k pkg.,0,Seafood,Lyngbysild,Denmark,Nancy Davolio,Sales Representative,Federal Shipping,243.68
10776,51,53.0,120,0.05,ERNSH,1,1997-12-15,1998-01-12,1997-12-18,351.53,Graz,Austria,Ernst Handel,Roland Mendel,Graz,Austria,Manjimup Dried Apples,24,7,50 - 300 g pkgs.,0,Produce,G'day Mate,Australia,Nancy Davolio,Sales Representative,Federal Shipping,6042.0
10777,42,14.0,20,0.2,GOURL,7,1997-12-15,1997-12-29,1998-01-21,3.01,Campinas,Brazil,Gourmet Lanchonetes,André Fonseca,Campinas,Brazil,Singaporean Hokkien Fried Mee,20,5,32 - 1 kg pkgs.,1,Grains/Cereals,Leka Trading,Singapore,Robert King,Sales Representative,United Package,224.0
10778,41,9.65,10,0.0,BERGS,3,1997-12-16,1998-01-13,1997-12-24,6.79,Luleå,Sweden,Berglunds snabbköp,Christina Berglund,Luleå,Sweden,Jack's New England Clam Chowder,19,8,12 - 12 oz cans,0,Seafood,New England Seafood Cannery,USA,Janet Leverling,Sales Representative,Speedy Express,96.5
10779,16,17.45,20,0.0,MORGK,3,1997-12-16,1998-01-13,1998-01-14,58.13,Leipzig,Germany,Morgenstern Gesundkost,Alexander Feuer,Leipzig,Germany,Pavlova,7,3,32 - 500 g boxes,0,Confections,Pavlova Ltd.,Australia,Janet Leverling,Sales Representative,United Package,349.0
10779,62,49.3,20,0.0,MORGK,3,1997-12-16,1998-01-13,1998-01-14,58.13,Leipzig,Germany,Morgenstern Gesundkost,Alexander Feuer,Leipzig,Germany,Tarte au sucre,29,3,48 pies,0,Confections,Forêts d'érables,Canada,Janet Leverling,Sales Representative,United Package,986.0
10780,70,15.0,35,0.0,LILAS,2,1997-12-16,1997-12-30,1997-12-25,42.13,Barquisimeto,Venezuela,LILA-Supermercado,Carlos González,Barquisimeto,Venezuela,Outback Lager,7,1,24 - 355 ml bottles,0,Beverages,Pavlova Ltd.,Australia,Andrew Fuller,Vice President Sales,Speedy Express,525.0
10780,77,13.0,15,0.0,LILAS,2,1997-12-16,1997-12-30,1997-12-25,42.13,Barquisimeto,Venezuela,LILA-Supermercado,Carlos González,Barquisimeto,Venezuela,Original Frankfurter grüne Soße,12,2,12 boxes,0,Condiments,Plutzer Lebensmittelgroßmärkte AG,Germany,Andrew Fuller,Vice President Sales,Speedy Express,195.0
10781,54,7.45,3,0.2,WARTH,2,1997-12-17,1998-01-14,1997-12-19,73.16,Oulu,Finland,Wartian Herkku,Pirkko Koskitalo,Oulu,Finland,Tourtière,25,6,16 pies,0,Meat/Poultry,Ma Maison,Canada,Andrew Fuller,Vice President Sales,Federal Shipping,17.88
10781,56,38.0,20,0.2,WARTH,2,1997-12-17,1998-01-14,1997-12-19,73.16,Oulu,Finland,Wartian Herkku,Pirkko Koskitalo,Oulu,Finland,Gnocchi di nonna Alice,26,5,24 - 250 g pkgs.,0,Grains/Cereals,Pasta Buttini s.r.l.,Italy,Andrew Fuller,Vice President Sales,Federal Shipping,608.0
10781,74,10.0,35,0.0,WARTH,2,1997-12-17,1998-01-14,1997-12-19,73.16,Oulu,Finland,Wartian Herkku,Pirkko Koskitalo,Oulu,Finland,Longlife Tofu,4,7,5 kg pkg.,0,Produce,Tokyo Traders,Japan,Andrew Fuller,Vice President Sales,Federal Shipping,350.0
10782,31,12.5,1,0.0,CACTU,9,1997-12-17,1998-01-14,1997-12-22,1.1,Buenos Aires,Argentina,Cactus Comidas para llevar,Patricio Simpson,Buenos Aires,Argentina,Gorgonzola Telino,14,4,12 - 100 g pkgs,0,Dairy Products,Formaggi Fortini s.r.l.,Italy,Anne Dodsworth,Sales Representative,Federal Shipping,12.5
10783,31,12.5,10,0.0,HANAR,4,1997-12-18,1998-01-15,1997-12-19,124.98,Rio de Janeiro,Brazil,Hanari Carnes,Mario Pontes,Rio de Janeiro,Brazil,Gorgonzola Telino,14,4,12 - 100 g pkgs,0,Dairy Products,Formaggi Fortini s.r.l.,Italy,Margaret Peacock,Sales Representative,United Package,125.0
10783,38,263.5,5,0.0,HANAR,4,1997-12-18,1998-01-15,1997-12-19,124.98,Rio de Janeiro,Brazil,Hanari Carnes,Mario Pontes,Rio de Janeiro,Brazil,Côte de Blaye,18,1,12 - 75 cl bottles,0,Beverages,Aux joyeux ecclésiastiques,France,Margaret Peacock,Sales Representative,United Package,1317.5
10784,36,19.0,30,0.0,MAGAA,4,1997-12-18,1998-01-15,1997-12-22,70.09,Bergamo,Italy,Magazzini Alimentari Riuniti,Giovanni Rovelli,Bergamo,Italy,Inlagd Sill,17,8,24 - 250 g  jars,0,Seafood,Svensk Sjöföda AB,Sweden,Margaret Peacock,Sales Representative,Federal Shipping,570.0
10784,39,18.0,2,0.15,MAGAA,4,1997-12-18,1998-01-15,1997-12-22,70.09,Bergamo,Italy,Magazzini Alimentari Riuniti,Giovanni Rovelli,Bergamo,Italy,Chartreuse verte,18,1,750 cc per bottle,0,Beverages,Aux joyeux ecclésiastiques,France,Margaret Peacock,Sales Representative,Federal Shipping,30.6
10784,72,34.8,30,0.15,MAGAA,4,1997-12-18,1998-01-15,1997-12-22,70.09,Bergamo,Italy,Magazzini Alimentari Riuniti,Giovanni Rovelli,Bergamo,Italy,Mozzarella di Giovanni,14,4,24 - 200 g pkgs.,0,Dairy Products,Formaggi Fortini s.r.l.,Italy,Margaret Peacock,Sales Representative,Federal Shipping,887.4
10785,10,31.0,10,0.0,GROSR,1,1997-12-18,1998-01-15,1997-12-24,1.51,Caracas,Venezuela,GROSELLA-Restaurante,Manuel Pereira,Caracas,Venezuela,Ikura,4,8,12 - 200 ml jars,0,Seafood,Tokyo Traders,Japan,Nancy Davolio,Sales Representative,Federal Shipping,310.0
10785,75,7.75,10,0.0,GROSR,1,1997-12-18,1998-01-15,1997-12-24,1.51,Caracas,Venezuela,GROSELLA-Restaurante,Manuel Pereira,Caracas,Venezuela,Rhönbräu Klosterbier,12,1,24 - 0.5 l bottles,0,Beverages,Plutzer Lebensmittelgroßmärkte AG,Germany,Nancy Davolio,Sales Representative,Federal Shipping,77.5
10786,8,40.0,30,0.2,QUEEN,8,1997-12-19,1998-01-16,1997-12-23,110.87,Sao Paulo,Brazil,Queen Cozinha,Lúcia Carvalho,Sao Paulo,Brazil,Northwoods Cranberry Sauce,3,2,12 - 12 oz jars,0,Condiments,Grandma Kelly's Homestead,USA,Laura Callahan,Inside Sales Coordinator,Speedy Express,960.0
10786,30,25.89,15,0.2,QUEEN,8,1997-12-19,1998-01-16,1997-12-23,110.87,Sao Paulo,Brazil,Queen Cozinha,Lúcia Carvalho,Sao Paulo,Brazil,Nord-Ost Matjeshering,13,8,10 - 200 g glasses,0,Seafood,Nord-Ost-Fisch Handelsgesellschaft mbH,Germany,Laura Callahan,Inside Sales Coordinator,Speedy Express,310.68
10786,75,7.75,42,0.2,QUEEN,8,1997-12-19,1998-01-16,1997-12-23,110.87,Sao Paulo,Brazil,Queen Cozinha,Lúcia Carvalho,Sao Paulo,Brazil,Rhönbräu Klosterbier,12,1,24 - 0.5 l bottles,0,Beverages,Plutzer Lebensmittelgroßmärkte AG,Germany,Laura Callahan,Inside Sales Coordinator,Speedy Express,260.4
10787,2,19.0,15,0.05,LAMAI,2,1997-12-19,1998-01-02,1997-12-26,249.93,Toulouse,France,La maison d'Asie,Annette Roulet,Toulouse,France,Chang,1,1,24 - 12 oz bottles,0,Beverages,Exotic Liquids,UK,Andrew Fuller,Vice President Sales,Speedy Express,270.75
10787,29,123.79,20,0.05,LAMAI,2,1997-12-19,1998-01-02,1997-12-26,249.93,Toulouse,France,La maison d'Asie,Annette Roulet,Toulouse,France,Thüringer Rostbratwurst,12,6,50 bags x 30 sausgs.,1,Meat/Poultry,Plutzer Lebensmittelgroßmärkte AG,Germany,Andrew Fuller,Vice President Sales,Speedy Express,2352.01
10788,19,9.2,50,0.05,QUICK,1,1997-12-22,1998-01-19,1998-01-19,42.7,Cunewalde,Germany,QUICK-Stop,Horst Kloss,Cunewalde,Germany,Teatime Chocolate Biscuits,8,3,10 boxes x 12 pieces,0,Confections,Specialty Biscuits Ltd.,UK,Nancy Davolio,Sales Representative,United Package,437.0
10788,75,7.75,40,0.05,QUICK,1,1997-12-22,1998-01-19,1998-01-19,42.7,Cunewalde,Germany,QUICK-Stop,Horst Kloss,Cunewalde,Germany,Rhönbräu Klosterbier,12,1,24 - 0.5 l bottles,0,Beverages,Plutzer Lebensmittelgroßmärkte AG,Germany,Nancy Davolio,Sales Representative,United Package,294.5
10789,18,62.5,30,0.0,FOLIG,1,1997-12-22,1998-01-19,1997-12-31,100.6,Lille,France,Folies gourmandes,Martine Rancé,Lille,France,Carnarvon Tigers,7,8,16 kg pkg.,0,Seafood,Pavlova Ltd.,Australia,Nancy Davolio,Sales Representative,United Package,1875.0
10789,35,18.0,15,0.0,FOLIG,1,1997-12-22,1998-01-19,1997-12-31,100.6,Lille,France,Folies gourmandes,Martine Rancé,Lille,France,Steeleye Stout,16,1,24 - 12 oz bottles,0,Beverages,Bigfoot Breweries,USA,Nancy Davolio,Sales Representative,United Package,270.0
10789,63,43.9,30,0.0,FOLIG,1,1997-12-22,1998-01-19,1997-12-31,100.6,Lille,France,Folies gourmandes,Martine Rancé,Lille,France,Vegie-spread,7,2,15 - 625 g jars,0,Condiments,Pavlova Ltd.,Australia,Nancy Davolio,Sales Representative,United Package,1317.0
10789,68,12.5,18,0.0,FOLIG,1,1997-12-22,1998-01-19,1997-12-31,100.6,Lille,France,Folies gourmandes,Martine Rancé,Lille,France,Scottish Longbreads,8,3,10 boxes x 8 pieces,0,Confections,Specialty Biscuits Ltd.,UK,Nancy Davolio,Sales Representative,United Package,225.0
10790,7,30.0,3,0.15,GOURL,6,1997-12-22,1998-01-19,1997-12-26,28.23,Campinas,Brazil,Gourmet Lanchonetes,André Fonseca,Campinas,Brazil,Uncle Bob's Organic Dried Pears,3,7,12 - 1 lb pkgs.,0,Produce,Grandma Kelly's Homestead,USA,Michael Suyama,Sales Representative,Speedy Express,76.5
10790,56,38.0,20,0.15,GOURL,6,1997-12-22,1998-01-19,1997-12-26,28.23,Campinas,Brazil,Gourmet Lanchonetes,André Fonseca,Campinas,Brazil,Gnocchi di nonna Alice,26,5,24 - 250 g pkgs.,0,Grains/Cereals,Pasta Buttini s.r.l.,Italy,Michael Suyama,Sales Representative,Speedy Express,646.0
10791,29,123.79,14,0.05,FRANK,6,1997-12-23,1998-01-20,1998-01-01,16.85,München,Germany,Frankenversand,Peter Franken,München,Germany,Thüringer Rostbratwurst,12,6,50 bags x 30 sausgs.,1,Meat/Poultry,Plutzer Lebensmittelgroßmärkte AG,Germany,Michael Suyama,Sales Representative,United Package,1646.41
10791,41,9.65,20,0.05,FRANK,6,1997-12-23,1998-01-20,1998-01-01,16.85,München,Germany,Frankenversand,Peter Franken,München,Germany,Jack's New England Clam Chowder,19,8,12 - 12 oz cans,0,Seafood,New England Seafood Cannery,USA,Michael Suyama,Sales Representative,United Package,183.35
10792,2,19.0,10,0.0,WOLZA,1,1997-12-23,1998-01-20,1997-12-31,23.79,Warszawa,Poland,Wolski  Zajazd,Zbyszek Piestrzeniewicz,Warszawa,Poland,Chang,1,1,24 - 12 oz bottles,0,Beverages,Exotic Liquids,UK,Nancy Davolio,Sales Representative,Federal Shipping,190.0
10792,54,7.45,3,0.0,WOLZA,1,1997-12-23,1998-01-20,1997-12-31,23.79,Warszawa,Poland,Wolski  Zajazd,Zbyszek Piestrzeniewicz,Warszawa,Poland,Tourtière,25,6,16 pies,0,Meat/Poultry,Ma Maison,Canada,Nancy Davolio,Sales Representative,Federal Shipping,22.35
10792,68,12.5,15,0.0,WOLZA,1,1997-12-23,1998-01-20,1997-12-31,23.79,Warszawa,Poland,Wolski  Zajazd,Zbyszek Piestrzeniewicz,Warszawa,Poland,Scottish Longbreads,8,3,10 boxes x 8 pieces,0,Confections,Specialty Biscuits Ltd.,UK,Nancy Davolio,Sales Representative,Federal Shipping,187.5
10793,41,9.65,14,0.0,AROUT,3,1997-12-24,1998-01-21,1998-01-08,4.52,Colchester,UK,Around the Horn,Thomas Hardy,London,UK,Jack's New England Clam Chowder,19,8,12 - 12 oz cans,0,Seafood,New England Seafood Cannery,USA,Janet Leverling,Sales Representative,Federal Shipping,135.1
10793,52,7.0,8,0.0,AROUT,3,1997-12-24,1998-01-21,1998-01-08,4.52,Colchester,UK,Around the Horn,Thomas Hardy,London,UK,Filo Mix,24,5,16 - 2 kg boxes,0,Grains/Cereals,G'day Mate,Australia,Janet Leverling,Sales Representative,Federal Shipping,56.0
10794,14,23.25,15,0.2,QUEDE,6,1997-12-24,1998-01-21,1998-01-02,21.49,Rio de Janeiro,Brazil,Que Delícia,Bernardo Batista, 12Rio de Janeiro,Brazil,Tofu,6,7,40 - 100 g pkgs.,0,Produce,Mayumi's,Japan,Michael Suyama,Sales Representative,Speedy Express,279.0
10794,54,7.45,6,0.2,QUEDE,6,1997-12-24,1998-01-21,1998-01-02,21.49,Rio de Janeiro,Brazil,Que Delícia,Bernardo Batista, 12Rio de Janeiro,Brazil,Tourtière,25,6,16 pies,0,Meat/Poultry,Ma Maison,Canada,Michael Suyama,Sales Representative,Speedy Express,35.76
10795,16,17.45,65,0.0,ERNSH,8,1997-12-24,1998-01-21,1998-01-20,126.66,Graz,Austria,Ernst Handel,Roland Mendel,Graz,Austria,Pavlova,7,3,32 - 500 g boxes,0,Confections,Pavlova Ltd.,Australia,Laura Callahan,Inside Sales Coordinator,United Package,1134.25
10795,17,39.0,35,0.25,ERNSH,8,1997-12-24,1998-01-21,1998-01-20,126.66,Graz,Austria,Ernst Handel,Roland Mendel,Graz,Austria,Alice Mutton,7,6,20 - 1 kg tins,1,Meat/Poultry,Pavlova Ltd.,Australia,Laura Callahan,Inside Sales Coordinator,United Package,1023.75
10796,26,31.23,21,0.2,HILAA,3,1997-12-25,1998-01-22,1998-01-14,26.52,San Cristóbal,Venezuela,HILARION-Abastos,Carlos Hernández,San Cristóbal,Venezuela,Gumbär Gummibärchen,11,3,100 - 250 g bags,0,Confections,Heli Süßwaren GmbH & Co. KG,Germany,Janet Leverling,Sales Representative,Speedy Express,524.66
10796,44,19.45,10,0.0,HILAA,3,1997-12-25,1998-01-22,1998-01-14,26.52,San Cristóbal,Venezuela,HILARION-Abastos,Carlos Hernández,San Cristóbal,Venezuela,Gula Malacca,20,2,20 - 2 kg bags,0,Condiments,Leka Trading,Singapore,Janet Leverling,Sales Representative,Speedy Express,194.5
10796,64,33.25,35,0.2,HILAA,3,1997-12-25,1998-01-22,1998-01-14,26.52,San Cristóbal,Venezuela,HILARION-Abastos,Carlos Hernández,San Cristóbal,Venezuela,Wimmers gute Semmelknödel,12,5,20 bags x 4 pieces,0,Grains/Cereals,Plutzer Lebensmittelgroßmärkte AG,Germany,Janet Leverling,Sales Representative,Speedy Express,931.0
10796,69,36.0,24,0.2,HILAA,3,1997-12-25,1998-01-22,1998-01-14,26.52,San Cristóbal,Venezuela,HILARION-Abastos,Carlos Hernández,San Cristóbal,Venezuela,Gudbrandsdalsost,15,4,10 kg pkg.,0,Dairy Products,Norske Meierier,Norway,Janet Leverling,Sales Representative,Speedy Express,691.2
10797,11,21.0,20,0.0,DRACD,7,1997-12-25,1998-01-22,1998-01-05,33.35,Aachen,Germany,Drachenblut Delikatessen,Sven Ottlieb,Aachen,Germany,Queso Cabrales,5,4,1 kg pkg.,0,Dairy Products,Cooperativa de Quesos 'Las Cabras',Spain,Robert King,Sales Representative,United Package,420.0
10798,62,49.3,2,0.0,ISLAT,2,1997-12-26,1998-01-23,1998-01-05,2.33,Cowes,UK,Island Trading,Helen Bennett,Cowes,UK,Tarte au sucre,29,3,48 pies,0,Confections,Forêts d'érables,Canada,Andrew Fuller,Vice President Sales,Speedy Express,98.6
10798,72,34.8,10,0.0,ISLAT,2,1997-12-26,1998-01-23,1998-01-05,2.33,Cowes,UK,Island Trading,Helen Bennett,Cowes,UK,Mozzarella di Giovanni,14,4,24 - 200 g pkgs.,0,Dairy Products,Formaggi Fortini s.r.l.,Italy,Andrew Fuller,Vice President Sales,Speedy Express,348.0
10799,13,6.0,20,0.15,KOENE,9,1997-12-26,1998-02-06,1998-01-05,30.76,Brandenburg,Germany,Königlich Essen,Philip Cramer,Brandenburg,Germany,Konbu,6,8,2 kg box,0,Seafood,Mayumi's,Japan,Anne Dodsworth,Sales Representative,Federal Shipping,102.0
10799,24,4.5,20,0.15,KOENE,9,1997-12-26,1998-02-06,1998-01-05,30.76,Brandenburg,Germany,Königlich Essen,Philip Cramer,Brandenburg,Germany,Guaraná Fantástica,10,1,12 - 355 ml cans,1,Beverages,Refrescos Americanas LTDA,Brazil,Anne Dodsworth,Sales Representative,Federal Shipping,76.5
10799,59,55.0,25,0.0,KOENE,9,1997-12-26,1998-02-06,1998-01-05,30.76,Brandenburg,Germany,Königlich Essen,Philip Cramer,Brandenburg,Germany,Raclette Courdavault,28,4,5 kg pkg.,0,Dairy Products,Gai pâturage,France,Anne Dodsworth,Sales Representative,Federal Shipping,1375.0
10800,11,21.0,50,0.1,SEVES,1,1997-12-26,1998-01-23,1998-01-05,137.44,London,UK,Seven Seas Imports,Hari Kumar,London,UK,Queso Cabrales,5,4,1 kg pkg.,0,Dairy Products,Cooperativa de Quesos 'Las Cabras',Spain,Nancy Davolio,Sales Representative,Federal Shipping,945.0
10800,51,53.0,10,0.1,SEVES,1,1997-12-26,1998-01-23,1998-01-05,137.44,London,UK,Seven Seas Imports,Hari Kumar,London,UK,Manjimup Dried Apples,24,7,50 - 300 g pkgs.,0,Produce,G'day Mate,Australia,Nancy Davolio,Sales Representative,Federal Shipping,477.0
10800,54,7.45,7,0.1,SEVES,1,1997-12-26,1998-01-23,1998-01-05,137.44,London,UK,Seven Seas Imports,Hari Kumar,London,UK,Tourtière,25,6,16 pies,0,Meat/Poultry,Ma Maison,Canada,Nancy Davolio,Sales Representative,Federal Shipping,46.94
10801,17,39.0,40,0.25,BOLID,4,1997-12-29,1998-01-26,1997-12-31,97.09,Madrid,Spain,Bólido Comidas preparadas,Martín Sommer,Madrid,Spain,Alice Mutton,7,6,20 - 1 kg tins,1,Meat/Poultry,Pavlova Ltd.,Australia,Margaret Peacock,Sales Representative,United Package,1170.0
10801,29,123.79,20,0.25,BOLID,4,1997-12-29,1998-01-26,1997-12-31,97.09,Madrid,Spain,Bólido Comidas preparadas,Martín Sommer,Madrid,Spain,Thüringer Rostbratwurst,12,6,50 bags x 30 sausgs.,1,Meat/Poultry,Plutzer Lebensmittelgroßmärkte AG,Germany,Margaret Peacock,Sales Representative,United Package,1856.85
10802,30,25.89,25,0.25,SIMOB,4,1997-12-29,1998-01-26,1998-01-02,257.26,Kobenhavn,Denmark,Simons bistro,Jytte Petersen,Kobenhavn,Denmark,Nord-Ost Matjeshering,13,8,10 - 200 g glasses,0,Seafood,Nord-Ost-Fisch Handelsgesellschaft mbH,Germany,Margaret Peacock,Sales Representative,United Package,485.44
10802,51,53.0,30,0.25,SIMOB,4,1997-12-29,1998-01-26,1998-01-02,257.26,Kobenhavn,Denmark,Simons bistro,Jytte Petersen,Kobenhavn,Denmark,Manjimup Dried Apples,24,7,50 - 300 g pkgs.,0,Produce,G'day Mate,Australia,Margaret Peacock,Sales Representative,United Package,1192.5
10802,55,24.0,60,0.25,SIMOB,4,1997-12-29,1998-01-26,1998-01-02,257.26,Kobenhavn,Denmark,Simons bistro,Jytte Petersen,Kobenhavn,Denmark,Pâté chinois,25,6,24 boxes x 2 pies,0,Meat/Poultry,Ma Maison,Canada,Margaret Peacock,Sales Representative,United Package,1080.0
10802,62,49.3,5,0.25,SIMOB,4,1997-12-29,1998-01-26,1998-01-02,257.26,Kobenhavn,Denmark,Simons bistro,Jytte Petersen,Kobenhavn,Denmark,Tarte au sucre,29,3,48 pies,0,Confections,Forêts d'érables,Canada,Margaret Peacock,Sales Representative,United Package,184.88
10803,19,9.2,24,0.05,WELLI,4,1997-12-30,1998-01-27,1998-01-06,55.23,Resende,Brazil,Wellington Importadora,Paula Parente,Resende,Brazil,Teatime Chocolate Biscuits,8,3,10 boxes x 12 pieces,0,Confections,Specialty Biscuits Ltd.,UK,Margaret Peacock,Sales Representative,Speedy Express,209.76
10803,25,14.0,15,0.05,WELLI,4,1997-12-30,1998-01-27,1998-01-06,55.23,Resende,Brazil,Wellington Importadora,Paula Parente,Resende,Brazil,NuNuCa Nuß-Nougat-Creme,11,3,20 - 450 g glasses,0,Confections,Heli Süßwaren GmbH & Co. KG,Germany,Margaret Peacock,Sales Representative,Speedy Express,199.5
10803,59,55.0,15,0.05,WELLI,4,1997-12-30,1998-01-27,1998-01-06,55.23,Resende,Brazil,Wellington Importadora,Paula Parente,Resende,Brazil,Raclette Courdavault,28,4,5 kg pkg.,0,Dairy Products,Gai pâturage,France,Margaret Peacock,Sales Representative,Speedy Express,783.75
10804,10,31.0,36,0.0,SEVES,6,1997-12-30,1998-01-27,1998-01-07,27.33,London,UK,Seven Seas Imports,Hari Kumar,London,UK,Ikura,4,8,12 - 200 ml jars,0,Seafood,Tokyo Traders,Japan,Michael Suyama,Sales Representative,United Package,1116.0
10804,28,45.6,24,0.0,SEVES,6,1997-12-30,1998-01-27,1998-01-07,27.33,London,UK,Seven Seas Imports,Hari Kumar,London,UK,Rössle Sauerkraut,12,7,25 - 825 g cans,1,Produce,Plutzer Lebensmittelgroßmärkte AG,Germany,Michael Suyama,Sales Representative,United Package,1094.4
10804,49,20.0,4,0.15,SEVES,6,1997-12-30,1998-01-27,1998-01-07,27.33,London,UK,Seven Seas Imports,Hari Kumar,London,UK,Maxilaku,23,3,24 - 50 g pkgs.,0,Confections,Karkki Oy,Finland,Michael Suyama,Sales Representative,United Package,68.0
10805,34,14.0,10,0.0,THEBI,2,1997-12-30,1998-01-27,1998-01-09,237.34,Portland,USA,The Big Cheese,Liz Nixon,Portland,USA,Sasquatch Ale,16,1,24 - 12 oz bottles,0,Beverages,Bigfoot Breweries,USA,Andrew Fuller,Vice President Sales,Federal Shipping,140.0
10805,38,263.5,10,0.0,THEBI,2,1997-12-30,1998-01-27,1998-01-09,237.34,Portland,USA,The Big Cheese,Liz Nixon,Portland,USA,Côte de Blaye,18,1,12 - 75 cl bottles,0,Beverages,Aux joyeux ecclésiastiques,France,Andrew Fuller,Vice President Sales,Federal Shipping,2635.0
10806,2,19.0,20,0.25,VICTE,3,1997-12-31,1998-01-28,1998-01-05,22.11,Lyon,France,Victuailles en stock,Mary Saveley,Lyon,France,Chang,1,1,24 - 12 oz bottles,0,Beverages,Exotic Liquids,UK,Janet Leverling,Sales Representative,United Package,285.0
10806,65,21.05,2,0.0,VICTE,3,1997-12-31,1998-01-28,1998-01-05,22.11,Lyon,France,Victuailles en stock,Mary Saveley,Lyon,France,Louisiana Fiery Hot Pepper Sauce,2,2,32 - 8 oz bottles,0,Condiments,New Orleans Cajun Delights,USA,Janet Leverling,Sales Representative,United Package,42.1
10806,74,10.0,15,0.25,VICTE,3,1997-12-31,1998-01-28,1998-01-05,22.11,Lyon,France,Victuailles en stock,Mary Saveley,Lyon,France,Longlife Tofu,4,7,5 kg pkg.,0,Produce,Tokyo Traders,Japan,Janet Leverling,Sales Representative,United Package,112.5
10807,40,18.4,1,0.0,FRANS,4,1997-12-31,1998-01-28,1998-01-30,1.36,Torino,Italy,Franchi S.p.A.,Paolo Accorti,Torino,Italy,Boston Crab Meat,19,8,24 - 4 oz tins,0,Seafood,New England Seafood Cannery,USA,Margaret Peacock,Sales Representative,Speedy Express,18.4
10808,56,38.0,20,0.15,OLDWO,2,1998-01-01,1998-01-29,1998-01-09,45.53,Anchorage,USA,Old World Delicatessen,Rene Phillips,Anchorage,USA,Gnocchi di nonna Alice,26,5,24 - 250 g pkgs.,0,Grains/Cereals,Pasta Buttini s.r.l.,Italy,Andrew Fuller,Vice President Sales,Federal Shipping,646.0
10808,76,18.0,50,0.15,OLDWO,2,1998-01-01,1998-01-29,1998-01-09,45.53,Anchorage,USA,Old World Delicatessen,Rene Phillips,Anchorage,USA,Lakkalikööri,23,1,500 ml,0,Beverages,Karkki Oy,Finland,Andrew Fuller,Vice President Sales,Federal Shipping,765.0
10809,52,7.0,20,0.0,WELLI,7,1998-01-01,1998-01-29,1998-01-07,4.87,Resende,Brazil,Wellington Importadora,Paula Parente,Resende,Brazil,Filo Mix,24,5,16 - 2 kg boxes,0,Grains/Cereals,G'day Mate,Australia,Robert King,Sales Representative,Speedy Express,140.0
10810,13,6.0,7,0.0,LAUGB,2,1998-01-01,1998-01-29,1998-01-07,4.33,Vancouver,Canada,Laughing Bacchus Wine Cellars,Yoshi Tannamuri,Vancouver,Canada,Konbu,6,8,2 kg box,0,Seafood,Mayumi's,Japan,Andrew Fuller,Vice President Sales,Federal Shipping,42.0
10810,25,14.0,5,0.0,LAUGB,2,1998-01-01,1998-01-29,1998-01-07,4.33,Vancouver,Canada,Laughing Bacchus Wine Cellars,Yoshi Tannamuri,Vancouver,Canada,NuNuCa Nuß-Nougat-Creme,11,3,20 - 450 g glasses,0,Confections,Heli Süßwaren GmbH & Co. KG,Germany,Andrew Fuller,Vice President Sales,Federal Shipping,70.0
10810,70,15.0,5,0.0,LAUGB,2,1998-01-01,1998-01-29,1998-01-07,4.33,Vancouver,Canada,Laughing Bacchus Wine Cellars,Yoshi Tannamuri,Vancouver,Canada,Outback Lager,7,1,24 - 355 ml bottles,0,Beverages,Pavlova Ltd.,Australia,Andrew Fuller,Vice President Sales,Federal Shipping,75.0
10811,19,9.2,15,0.0,LINOD,8,1998-01-02,1998-01-30,1998-01-08,31.22,I. de Margarita,Venezuela,LINO-Delicateses,Felipe Izquierdo,I. de Margarita,Venezuela,Teatime Chocolate Biscuits,8,3,10 boxes x 12 pieces,0,Confections,Specialty Biscuits Ltd.,UK,Laura Callahan,Inside Sales Coordinator,Speedy Express,138.0
10811,23,9.0,18,0.0,LINOD,8,1998-01-02,1998-01-30,1998-01-08,31.22,I. de Margarita,Venezuela,LINO-Delicateses,Felipe Izquierdo,I. de Margarita,Venezuela,Tunnbröd,9,5,12 - 250 g pkgs.,0,Grains/Cereals,PB Knäckebröd AB,Sweden,Laura Callahan,Inside Sales Coordinator,Speedy Express,162.0
10811,40,18.4,30,0.0,LINOD,8,1998-01-02,1998-01-30,1998-01-08,31.22,I. de Margarita,Venezuela,LINO-Delicateses,Felipe Izquierdo,I. de Margarita,Venezuela,Boston Crab Meat,19,8,24 - 4 oz tins,0,Seafood,New England Seafood Cannery,USA,Laura Callahan,Inside Sales Coordinator,Speedy Express,552.0
10812,31,12.5,16,0.1,REGGC,5,1998-01-02,1998-01-30,1998-01-12,59.78,Reggio Emilia,Italy,Reggiani Caseifici,Maurizio Moroni,Reggio Emilia,Italy,Gorgonzola Telino,14,4,12 - 100 g pkgs,0,Dairy Products,Formaggi Fortini s.r.l.,Italy,Steven Buchanan,Sales Manager,Speedy Express,180.0
10812,72,34.8,40,0.1,REGGC,5,1998-01-02,1998-01-30,1998-01-12,59.78,Reggio Emilia,Italy,Reggiani Caseifici,Maurizio Moroni,Reggio Emilia,Italy,Mozzarella di Giovanni,14,4,24 - 200 g pkgs.,0,Dairy Products,Formaggi Fortini s.r.l.,Italy,Steven Buchanan,Sales Manager,Speedy Express,1252.8
10812,77,13.0,20,0.0,REGGC,5,1998-01-02,1998-01-30,1998-01-12,59.78,Reggio Emilia,Italy,Reggiani Caseifici,Maurizio Moroni,Reggio Emilia,Italy,Original Frankfurter grüne Soße,12,2,12 boxes,0,Condiments,Plutzer Lebensmittelgroßmärkte AG,Germany,Steven Buchanan,Sales Manager,Speedy Express,260.0
10813,2,19.0,12,0.2,RICAR,1,1998-01-05,1998-02-02,1998-01-09,47.38,Rio de Janeiro,Brazil,Ricardo Adocicados,Janete Limeira,Rio de Janeiro,Brazil,Chang,1,1,24 - 12 oz bottles,0,Beverages,Exotic Liquids,UK,Nancy Davolio,Sales Representative,Speedy Express,182.4
10813,46,12.0,35,0.0,RICAR,1,1998-01-05,1998-02-02,1998-01-09,47.38,Rio de Janeiro,Brazil,Ricardo Adocicados,Janete Limeira,Rio de Janeiro,Brazil,Spegesild,21,8,4 - 450 g glasses,0,Seafood,Lyngbysild,Denmark,Nancy Davolio,Sales Representative,Speedy Express,420.0
10814,41,9.65,20,0.0,VICTE,3,1998-01-05,1998-02-02,1998-01-14,130.94,Lyon,France,Victuailles en stock,Mary Saveley,Lyon,France,Jack's New England Clam Chowder,19,8,12 - 12 oz cans,0,Seafood,New England Seafood Cannery,USA,Janet Leverling,Sales Representative,Federal Shipping,193.0
10814,43,46.0,20,0.15,VICTE,3,1998-01-05,1998-02-02,1998-01-14,130.94,Lyon,France,Victuailles en stock,Mary Saveley,Lyon,France,Ipoh Coffee,20,1,16 - 500 g tins,0,Beverages,Leka Trading,Singapore,Janet Leverling,Sales Representative,Federal Shipping,782.0
10814,48,12.75,8,0.15,VICTE,3,1998-01-05,1998-02-02,1998-01-14,130.94,Lyon,France,Victuailles en stock,Mary Saveley,Lyon,France,Chocolade,22,3,10 pkgs.,0,Confections,Zaanse Snoepfabriek,Netherlands,Janet Leverling,Sales Representative,Federal Shipping,86.7
10814,61,28.5,30,0.15,VICTE,3,1998-01-05,1998-02-02,1998-01-14,130.94,Lyon,France,Victuailles en stock,Mary Saveley,Lyon,France,Sirop d'érable,29,2,24 - 500 ml bottles,0,Condiments,Forêts d'érables,Canada,Janet Leverling,Sales Representative,Federal Shipping,726.75
10815,33,2.5,16,0.0,SAVEA,2,1998-01-05,1998-02-02,1998-01-14,14.62,Boise,USA,Save-a-lot Markets,Jose Pavarotti,Boise,USA,Geitost,15,4,500 g,0,Dairy Products,Norske Meierier,Norway,Andrew Fuller,Vice President Sales,Federal Shipping,40.0
10816,38,263.5,30,0.05,GREAL,4,1998-01-06,1998-02-03,1998-02-04,719.78,Eugene,USA,Great Lakes Food Market,Howard Snyder,Eugene,USA,Côte de Blaye,18,1,12 - 75 cl bottles,0,Beverages,Aux joyeux ecclésiastiques,France,Margaret Peacock,Sales Representative,United Package,7509.75
10816,62,49.3,20,0.05,GREAL,4,1998-01-06,1998-02-03,1998-02-04,719.78,Eugene,USA,Great Lakes Food Market,Howard Snyder,Eugene,USA,Tarte au sucre,29,3,48 pies,0,Confections,Forêts d'érables,Canada,Margaret Peacock,Sales Representative,United Package,936.7
10817,26,31.23,40,0.15,KOENE,3,1998-01-06,1998-01-20,1998-01-13,306.07,Brandenburg,Germany,Königlich Essen,Philip Cramer,Brandenburg,Germany,Gumbär Gummibärchen,11,3,100 - 250 g bags,0,Confections,Heli Süßwaren GmbH & Co. KG,Germany,Janet Leverling,Sales Representative,United Package,1061.82
10817,38,263.5,30,0.0,KOENE,3,1998-01-06,1998-01-20,1998-01-13,306.07,Brandenburg,Germany,Königlich Essen,Philip Cramer,Brandenburg,Germany,Côte de Blaye,18,1,12 - 75 cl bottles,0,Beverages,Aux joyeux ecclésiastiques,France,Janet Leverling,Sales Representative,United Package,7905.0
10817,40,18.4,60,0.15,KOENE,3,1998-01-06,1998-01-20,1998-01-13,306.07,Brandenburg,Germany,Königlich Essen,Philip Cramer,Brandenburg,Germany,Boston Crab Meat,19,8,24 - 4 oz tins,0,Seafood,New England Seafood Cannery,USA,Janet Leverling,Sales Representative,United Package,938.4
10817,62,49.3,25,0.15,KOENE,3,1998-01-06,1998-01-20,1998-01-13,306.07,Brandenburg,Germany,Königlich Essen,Philip Cramer,Brandenburg,Germany,Tarte au sucre,29,3,48 pies,0,Confections,Forêts d'érables,Canada,Janet Leverling,Sales Representative,United Package,1047.62
10818,32,32.0,20,0.0,MAGAA,7,1998-01-07,1998-02-04,1998-01-12,65.48,Bergamo,Italy,Magazzini Alimentari Riuniti,Giovanni Rovelli,Bergamo,Italy,Mascarpone Fabioli,14,4,24 - 200 g pkgs.,0,Dairy Products,Formaggi Fortini s.r.l.,Italy,Robert King,Sales Representative,Federal Shipping,640.0
10818,41,9.65,20,0.0,MAGAA,7,1998-01-07,1998-02-04,1998-01-12,65.48,Bergamo,Italy,Magazzini Alimentari Riuniti,Giovanni Rovelli,Bergamo,Italy,Jack's New England Clam Chowder,19,8,12 - 12 oz cans,0,Seafood,New England Seafood Cannery,USA,Robert King,Sales Representative,Federal Shipping,193.0
10819,43,46.0,7,0.0,CACTU,2,1998-01-07,1998-02-04,1998-01-16,19.76,Buenos Aires,Argentina,Cactus Comidas para llevar,Patricio Simpson,Buenos Aires,Argentina,Ipoh Coffee,20,1,16 - 500 g tins,0,Beverages,Leka Trading,Singapore,Andrew Fuller,Vice President Sales,Federal Shipping,322.0
10819,75,7.75,20,0.0,CACTU,2,1998-01-07,1998-02-04,1998-01-16,19.76,Buenos Aires,Argentina,Cactus Comidas para llevar,Patricio Simpson,Buenos Aires,Argentina,Rhönbräu Klosterbier,12,1,24 - 0.5 l bottles,0,Beverages,Plutzer Lebensmittelgroßmärkte AG,Germany,Andrew Fuller,Vice President Sales,Federal Shipping,155.0
10820,56,38.0,30,0.0,RATTC,3,1998-01-07,1998-02-04,1998-01-13,37.52,Albuquerque,USA,Rattlesnake Canyon Grocery,Paula Wilson,Albuquerque,USA,Gnocchi di nonna Alice,26,5,24 - 250 g pkgs.,0,Grains/Cereals,Pasta Buttini s.r.l.,Italy,Janet Leverling,Sales Representative,United Package,1140.0
10821,35,18.0,20,0.0,SPLIR,1,1998-01-08,1998-02-05,1998-01-15,36.68,Lander,USA,Split Rail Beer & Ale,Art Braunschweiger,Lander,USA,Steeleye Stout,16,1,24 - 12 oz bottles,0,Beverages,Bigfoot Breweries,USA,Nancy Davolio,Sales Representative,Speedy Express,360.0
10821,51,53.0,6,0.0,SPLIR,1,1998-01-08,1998-02-05,1998-01-15,36.68,Lander,USA,Split Rail Beer & Ale,Art Braunschweiger,Lander,USA,Manjimup Dried Apples,24,7,50 - 300 g pkgs.,0,Produce,G'day Mate,Australia,Nancy Davolio,Sales Representative,Speedy Express,318.0
10822,62,49.3,3,0.0,TRAIH,6,1998-01-08,1998-02-05,1998-01-16,7.0,Kirkland,USA,Trail's Head Gourmet Provisioners,Helvetius Nagy,Kirkland,USA,Tarte au sucre,29,3,48 pies,0,Confections,Forêts d'érables,Canada,Michael Suyama,Sales Representative,Federal Shipping,147.9
10822,70,15.0,6,0.0,TRAIH,6,1998-01-08,1998-02-05,1998-01-16,7.0,Kirkland,USA,Trail's Head Gourmet Provisioners,Helvetius Nagy,Kirkland,USA,Outback Lager,7,1,24 - 355 ml bottles,0,Beverages,Pavlova Ltd.,Australia,Michael Suyama,Sales Representative,Federal Shipping,90.0
10823,11,21.0,20,0.1,LILAS,5,1998-01-09,1998-02-06,1998-01-13,163.97,Barquisimeto,Venezuela,LILA-Supermercado,Carlos González,Barquisimeto,Venezuela,Queso Cabrales,5,4,1 kg pkg.,0,Dairy Products,Cooperativa de Quesos 'Las Cabras',Spain,Steven Buchanan,Sales Manager,United Package,378.0
10823,57,19.5,15,0.0,LILAS,5,1998-01-09,1998-02-06,1998-01-13,163.97,Barquisimeto,Venezuela,LILA-Supermercado,Carlos González,Barquisimeto,Venezuela,Ravioli Angelo,26,5,24 - 250 g pkgs.,0,Grains/Cereals,Pasta Buttini s.r.l.,Italy,Steven Buchanan,Sales Manager,United Package,292.5
10823,59,55.0,40,0.1,LILAS,5,1998-01-09,1998-02-06,1998-01-13,163.97,Barquisimeto,Venezuela,LILA-Supermercado,Carlos González,Barquisimeto,Venezuela,Raclette Courdavault,28,4,5 kg pkg.,0,Dairy Products,Gai pâturage,France,Steven Buchanan,Sales Manager,United Package,1980.0
10823,77,13.0,15,0.1,LILAS,5,1998-01-09,1998-02-06,1998-01-13,163.97,Barquisimeto,Venezuela,LILA-Supermercado,Carlos González,Barquisimeto,Venezuela,Original Frankfurter grüne Soße,12,2,12 boxes,0,Condiments,Plutzer Lebensmittelgroßmärkte AG,Germany,Steven Buchanan,Sales Manager,United Package,175.5
10824,41,9.65,12,0.0,FOLKO,8,1998-01-09,1998-02-06,1998-01-30,1.23,Bräcke,Sweden,Folk och fä HB,Maria Larsson,Bräcke,Sweden,Jack's New England Clam Chowder,19,8,12 - 12 oz cans,0,Seafood,New England Seafood Cannery,USA,Laura Callahan,Inside Sales Coordinator,Speedy Express,115.8
10824,70,15.0,9,0.0,FOLKO,8,1998-01-09,1998-02-06,1998-01-30,1.23,Bräcke,Sweden,Folk och fä HB,Maria Larsson,Bräcke,Sweden,Outback Lager,7,1,24 - 355 ml bottles,0,Beverages,Pavlova Ltd.,Australia,Laura Callahan,Inside Sales Coordinator,Speedy Express,135.0
10825,26,31.23,12,0.0,DRACD,1,1998-01-09,1998-02-06,1998-01-14,79.25,Aachen,Germany,Drachenblut Delikatessen,Sven Ottlieb,Aachen,Germany,Gumbär Gummibärchen,11,3,100 - 250 g bags,0,Confections,Heli Süßwaren GmbH & Co. KG,Germany,Nancy Davolio,Sales Representative,Speedy Express,374.76
10825,53,32.8,20,0.0,DRACD,1,1998-01-09,1998-02-06,1998-01-14,79.25,Aachen,Germany,Drachenblut Delikatessen,Sven Ottlieb,Aachen,Germany,Perth Pasties,24,6,48 pieces,1,Meat/Poultry,G'day Mate,Australia,Nancy Davolio,Sales Representative,Speedy Express,656.0
10826,31,12.5,35,0.0,BLONP,6,1998-01-12,1998-02-09,1998-02-06,7.09,Strasbourg,France,Blondesddsl père et fils,Frédérique Citeaux,Strasbourg,France,Gorgonzola Telino,14,4,12 - 100 g pkgs,0,Dairy Products,Formaggi Fortini s.r.l.,Italy,Michael Suyama,Sales Representative,Speedy Express,437.5
10826,57,19.5,15,0.0,BLONP,6,1998-01-12,1998-02-09,1998-02-06,7.09,Strasbourg,France,Blondesddsl père et fils,Frédérique Citeaux,Strasbourg,France,Ravioli Angelo,26,5,24 - 250 g pkgs.,0,Grains/Cereals,Pasta Buttini s.r.l.,Italy,Michael Suyama,Sales Representative,Speedy Express,292.5
10827,10,31.0,15,0.0,BONAP,1,1998-01-12,1998-01-26,1998-02-06,63.54,Marseille,France,Bon app',Laurence Lebihan,Marseille,France,Ikura,4,8,12 - 200 ml jars,0,Seafood,Tokyo Traders,Japan,Nancy Davolio,Sales Representative,United Package,465.0
10827,39,18.0,21,0.0,BONAP,1,1998-01-12,1998-01-26,1998-02-06,63.54,Marseille,France,Bon app',Laurence Lebihan,Marseille,France,Chartreuse verte,18,1,750 cc per bottle,0,Beverages,Aux joyeux ecclésiastiques,France,Nancy Davolio,Sales Representative,United Package,378.0
10828,20,81.0,5,0.0,RANCH,9,1998-01-13,1998-01-27,1998-02-04,90.85,Buenos Aires,Argentina,Rancho grande,Sergio Gutiérrez,Buenos Aires,Argentina,Sir Rodney's Marmalade,8,3,30 gift boxes,0,Confections,Specialty Biscuits Ltd.,UK,Anne Dodsworth,Sales Representative,Speedy Express,405.0
10828,38,263.5,2,0.0,RANCH,9,1998-01-13,1998-01-27,1998-02-04,90.85,Buenos Aires,Argentina,Rancho grande,Sergio Gutiérrez,Buenos Aires,Argentina,Côte de Blaye,18,1,12 - 75 cl bottles,0,Beverages,Aux joyeux ecclésiastiques,France,Anne Dodsworth,Sales Representative,Speedy Express,527.0
10829,2,19.0,10,0.0,ISLAT,9,1998-01-13,1998-02-10,1998-01-23,154.72,Cowes,UK,Island Trading,Helen Bennett,Cowes,UK,Chang,1,1,24 - 12 oz bottles,0,Beverages,Exotic Liquids,UK,Anne Dodsworth,Sales Representative,Speedy Express,190.0
10829,8,40.0,20,0.0,ISLAT,9,1998-01-13,1998-02-10,1998-01-23,154.72,Cowes,UK,Island Trading,Helen Bennett,Cowes,UK,Northwoods Cranberry Sauce,3,2,12 - 12 oz jars,0,Condiments,Grandma Kelly's Homestead,USA,Anne Dodsworth,Sales Representative,Speedy Express,800.0
10829,13,6.0,10,0.0,ISLAT,9,1998-01-13,1998-02-10,1998-01-23,154.72,Cowes,UK,Island Trading,Helen Bennett,Cowes,UK,Konbu,6,8,2 kg box,0,Seafood,Mayumi's,Japan,Anne Dodsworth,Sales Representative,Speedy Express,60.0
10829,60,34.0,21,0.0,ISLAT,9,1998-01-13,1998-02-10,1998-01-23,154.72,Cowes,UK,Island Trading,Helen Bennett,Cowes,UK,Camembert Pierrot,28,4,15 - 300 g rounds,0,Dairy Products,Gai pâturage,France,Anne Dodsworth,Sales Representative,Speedy Express,714.0
10830,6,25.0,6,0.0,TRADH,4,1998-01-13,1998-02-24,1998-01-21,81.83,Sao Paulo,Brazil,Tradição Hipermercados,Anabela Domingues,Sao Paulo,Brazil,Grandma's Boysenberry Spread,3,2,12 - 8 oz jars,0,Condiments,Grandma Kelly's Homestead,USA,Margaret Peacock,Sales Representative,United Package,150.0
10830,39,18.0,28,0.0,TRADH,4,1998-01-13,1998-02-24,1998-01-21,81.83,Sao Paulo,Brazil,Tradição Hipermercados,Anabela Domingues,Sao Paulo,Brazil,Chartreuse verte,18,1,750 cc per bottle,0,Beverages,Aux joyeux ecclésiastiques,France,Margaret Peacock,Sales Representative,United Package,504.0
10830,60,34.0,30,0.0,TRADH,4,1998-01-13,1998-02-24,1998-01-21,81.83,Sao Paulo,Brazil,Tradição Hipermercados,Anabela Domingues,Sao Paulo,Brazil,Camembert Pierrot,28,4,15 - 300 g rounds,0,Dairy Products,Gai pâturage,France,Margaret Peacock,Sales Representative,United Package,1020.0
10830,68,12.5,24,0.0,TRADH,4,1998-01-13,1998-02-24,1998-01-21,81.83,Sao Paulo,Brazil,Tradição Hipermercados,Anabela Domingues,Sao Paulo,Brazil,Scottish Longbreads,8,3,10 boxes x 8 pieces,0,Confections,Specialty Biscuits Ltd.,UK,Margaret Peacock,Sales Representative,United Package,300.0
10831,19,9.2,2,0.0,SANTG,3,1998-01-14,1998-02-11,1998-01-23,72.19,Stavern,Norway,Santé Gourmet,Jonas Bergulfsen,Stavern,Norway,Teatime Chocolate Biscuits,8,3,10 boxes x 12 pieces,0,Confections,Specialty Biscuits Ltd.,UK,Janet Leverling,Sales Representative,United Package,18.4
10831,35,18.0,8,0.0,SANTG,3,1998-01-14,1998-02-11,1998-01-23,72.19,Stavern,Norway,Santé Gourmet,Jonas Bergulfsen,Stavern,Norway,Steeleye Stout,16,1,24 - 12 oz bottles,0,Beverages,Bigfoot Breweries,USA,Janet Leverling,Sales Representative,United Package,144.0
10831,38,263.5,8,0.0,SANTG,3,1998-01-14,1998-02-11,1998-01-23,72.19,Stavern,Norway,Santé Gourmet,Jonas Bergulfsen,Stavern,Norway,Côte de Blaye,18,1,12 - 75 cl bottles,0,Beverages,Aux joyeux ecclésiastiques,France,Janet Leverling,Sales Representative,United Package,2108.0
10831,43,46.0,9,0.0,SANTG,3,1998-01-14,1998-02-11,1998-01-23,72.19,Stavern,Norway,Santé Gourmet,Jonas Bergulfsen,Stavern,Norway,Ipoh Coffee,20,1,16 - 500 g tins,0,Beverages,Leka Trading,Singapore,Janet Leverling,Sales Representative,United Package,414.0
10832,13,6.0,3,0.2,LAMAI,2,1998-01-14,1998-02-11,1998-01-19,43.26,Toulouse,France,La maison d'Asie,Annette Roulet,Toulouse,France,Konbu,6,8,2 kg box,0,Seafood,Mayumi's,Japan,Andrew Fuller,Vice President Sales,United Package,14.4
10832,25,14.0,10,0.2,LAMAI,2,1998-01-14,1998-02-11,1998-01-19,43.26,Toulouse,France,La maison d'Asie,Annette Roulet,Toulouse,France,NuNuCa Nuß-Nougat-Creme,11,3,20 - 450 g glasses,0,Confections,Heli Süßwaren GmbH & Co. KG,Germany,Andrew Fuller,Vice President Sales,United Package,112.0
10832,44,19.45,16,0.2,LAMAI,2,1998-01-14,1998-02-11,1998-01-19,43.26,Toulouse,France,La maison d'Asie,Annette Roulet,Toulouse,France,Gula Malacca,20,2,20 - 2 kg bags,0,Condiments,Leka Trading,Singapore,Andrew Fuller,Vice President Sales,United Package,248.96
10832,64,33.25,3,0.0,LAMAI,2,1998-01-14,1998-02-11,1998-01-19,43.26,Toulouse,France,La maison d'Asie,Annette Roulet,Toulouse,France,Wimmers gute Semmelknödel,12,5,20 bags x 4 pieces,0,Grains/Cereals,Plutzer Lebensmittelgroßmärkte AG,Germany,Andrew Fuller,Vice President Sales,United Package,99.75
10833,7,30.0,20,0.1,OTTIK,6,1998-01-15,1998-02-12,1998-01-23,71.49,Köln,Germany,Ottilies Käseladen,Henriette Pfalzheim,Köln,Germany,Uncle Bob's Organic Dried Pears,3,7,12 - 1 lb pkgs.,0,Produce,Grandma Kelly's Homestead,USA,Michael Suyama,Sales Representative,United Package,540.0
10833,31,12.5,9,0.1,OTTIK,6,1998-01-15,1998-02-12,1998-01-23,71.49,Köln,Germany,Ottilies Käseladen,Henriette Pfalzheim,Köln,Germany,Gorgonzola Telino,14,4,12 - 100 g pkgs,0,Dairy Products,Formaggi Fortini s.r.l.,Italy,Michael Suyama,Sales Representative,United Package,101.25
10833,53,32.8,9,0.1,OTTIK,6,1998-01-15,1998-02-12,1998-01-23,71.49,Köln,Germany,Ottilies Käseladen,Henriette Pfalzheim,Köln,Germany,Perth Pasties,24,6,48 pieces,1,Meat/Poultry,G'day Mate,Australia,Michael Suyama,Sales Representative,United Package,265.68
10834,29,123.79,8,0.05,TRADH,1,1998-01-15,1998-02-12,1998-01-19,29.78,Sao Paulo,Brazil,Tradição Hipermercados,Anabela Domingues,Sao Paulo,Brazil,Thüringer Rostbratwurst,12,6,50 bags x 30 sausgs.,1,Meat/Poultry,Plutzer Lebensmittelgroßmärkte AG,Germany,Nancy Davolio,Sales Representative,Federal Shipping,940.8
10834,30,25.89,20,0.05,TRADH,1,1998-01-15,1998-02-12,1998-01-19,29.78,Sao Paulo,Brazil,Tradição Hipermercados,Anabela Domingues,Sao Paulo,Brazil,Nord-Ost Matjeshering,13,8,10 - 200 g glasses,0,Seafood,Nord-Ost-Fisch Handelsgesellschaft mbH,Germany,Nancy Davolio,Sales Representative,Federal Shipping,491.91
10835,59,55.0,15,0.0,ALFKI,1,1998-01-15,1998-02-12,1998-01-21,69.53,Berlin,Germany,Alfreds Futterkiste,Maria Anders,Berlin,Germany,Raclette Courdavault,28,4,5 kg pkg.,0,Dairy Products,Gai pâturage,France,Nancy Davolio,Sales Representative,Federal Shipping,825.0
10835,77,13.0,2,0.2,ALFKI,1,1998-01-15,1998-02-12,1998-01-21,69.53,Berlin,Germany,Alfreds Futterkiste,Maria Anders,Berlin,Germany,Original Frankfurter grüne Soße,12,2,12 boxes,0,Condiments,Plutzer Lebensmittelgroßmärkte AG,Germany,Nancy Davolio,Sales Representative,Federal Shipping,20.8
10836,22,21.0,52,0.0,ERNSH,7,1998-01-16,1998-02-13,1998-01-21,411.88,Graz,Austria,Ernst Handel,Roland Mendel,Graz,Austria,Gustaf's Knäckebröd,9,5,24 - 500 g pkgs.,0,Grains/Cereals,PB Knäckebröd AB,Sweden,Robert King,Sales Representative,Speedy Express,1092.0
10836,35,18.0,6,0.0,ERNSH,7,1998-01-16,1998-02-13,1998-01-21,411.88,Graz,Austria,Ernst Handel,Roland Mendel,Graz,Austria,Steeleye Stout,16,1,24 - 12 oz bottles,0,Beverages,Bigfoot Breweries,USA,Robert King,Sales Representative,Speedy Express,108.0
10836,57,19.5,24,0.0,ERNSH,7,1998-01-16,1998-02-13,1998-01-21,411.88,Graz,Austria,Ernst Handel,Roland Mendel,Graz,Austria,Ravioli Angelo,26,5,24 - 250 g pkgs.,0,Grains/Cereals,Pasta Buttini s.r.l.,Italy,Robert King,Sales Representative,Speedy Express,468.0
10836,60,34.0,60,0.0,ERNSH,7,1998-01-16,1998-02-13,1998-01-21,411.88,Graz,Austria,Ernst Handel,Roland Mendel,Graz,Austria,Camembert Pierrot,28,4,15 - 300 g rounds,0,Dairy Products,Gai pâturage,France,Robert King,Sales Representative,Speedy Express,2040.0
10836,64,33.25,30,0.0,ERNSH,7,1998-01-16,1998-02-13,1998-01-21,411.88,Graz,Austria,Ernst Handel,Roland Mendel,Graz,Austria,Wimmers gute Semmelknödel,12,5,20 bags x 4 pieces,0,Grains/Cereals,Plutzer Lebensmittelgroßmärkte AG,Germany,Robert King,Sales Representative,Speedy Express,997.5
10837,13,6.0,6,0.0,BERGS,9,1998-01-16,1998-02-13,1998-01-23,13.32,Luleå,Sweden,Berglunds snabbköp,Christina Berglund,Luleå,Sweden,Konbu,6,8,2 kg box,0,Seafood,Mayumi's,Japan,Anne Dodsworth,Sales Representative,Federal Shipping,36.0
10837,40,18.4,25,0.0,BERGS,9,1998-01-16,1998-02-13,1998-01-23,13.32,Luleå,Sweden,Berglunds snabbköp,Christina Berglund,Luleå,Sweden,Boston Crab Meat,19,8,24 - 4 oz tins,0,Seafood,New England Seafood Cannery,USA,Anne Dodsworth,Sales Representative,Federal Shipping,460.0
10837,47,9.5,40,0.25,BERGS,9,1998-01-16,1998-02-13,1998-01-23,13.32,Luleå,Sweden,Berglunds snabbköp,Christina Berglund,Luleå,Sweden,Zaanse koeken,22,3,10 - 4 oz boxes,0,Confections,Zaanse Snoepfabriek,Netherlands,Anne Dodsworth,Sales Representative,Federal Shipping,285.0
10837,76,18.0,21,0.25,BERGS,9,1998-01-16,1998-02-13,1998-01-23,13.32,Luleå,Sweden,Berglunds snabbköp,Christina Berglund,Luleå,Sweden,Lakkalikööri,23,1,500 ml,0,Beverages,Karkki Oy,Finland,Anne Dodsworth,Sales Representative,Federal Shipping,283.5
10838,1,18.0,4,0.25,LINOD,3,1998-01-19,1998-02-16,1998-01-23,59.28,I. de Margarita,Venezuela,LINO-Delicateses,Felipe Izquierdo,I. de Margarita,Venezuela,Chai,1,1,10 boxes x 20 bags,0,Beverages,Exotic Liquids,UK,Janet Leverling,Sales Representative,Federal Shipping,54.0
10838,18,62.5,25,0.25,LINOD,3,1998-01-19,1998-02-16,1998-01-23,59.28,I. de Margarita,Venezuela,LINO-Delicateses,Felipe Izquierdo,I. de Margarita,Venezuela,Carnarvon Tigers,7,8,16 kg pkg.,0,Seafood,Pavlova Ltd.,Australia,Janet Leverling,Sales Representative,Federal Shipping,1171.88
10838,36,19.0,50,0.25,LINOD,3,1998-01-19,1998-02-16,1998-01-23,59.28,I. de Margarita,Venezuela,LINO-Delicateses,Felipe Izquierdo,I. de Margarita,Venezuela,Inlagd Sill,17,8,24 - 250 g  jars,0,Seafood,Svensk Sjöföda AB,Sweden,Janet Leverling,Sales Representative,Federal Shipping,712.5
10839,58,13.25,30,0.1,TRADH,3,1998-01-19,1998-02-16,1998-01-22,35.43,Sao Paulo,Brazil,Tradição Hipermercados,Anabela Domingues,Sao Paulo,Brazil,Escargots de Bourgogne,27,8,24 pieces,0,Seafood,Escargots Nouveaux,France,Janet Leverling,Sales Representative,Federal Shipping,357.75
10839,72,34.8,15,0.1,TRADH,3,1998-01-19,1998-02-16,1998-01-22,35.43,Sao Paulo,Brazil,Tradição Hipermercados,Anabela Domingues,Sao Paulo,Brazil,Mozzarella di Giovanni,14,4,24 - 200 g pkgs.,0,Dairy Products,Formaggi Fortini s.r.l.,Italy,Janet Leverling,Sales Representative,Federal Shipping,469.8
10840,25,14.0,6,0.2,LINOD,4,1998-01-19,1998-03-02,1998-02-16,2.71,I. de Margarita,Venezuela,LINO-Delicateses,Felipe Izquierdo,I. de Margarita,Venezuela,NuNuCa Nuß-Nougat-Creme,11,3,20 - 450 g glasses,0,Confections,Heli Süßwaren GmbH & Co. KG,Germany,Margaret Peacock,Sales Representative,United Package,67.2
10840,39,18.0,10,0.2,LINOD,4,1998-01-19,1998-03-02,1998-02-16,2.71,I. de Margarita,Venezuela,LINO-Delicateses,Felipe Izquierdo,I. de Margarita,Venezuela,Chartreuse verte,18,1,750 cc per bottle,0,Beverages,Aux joyeux ecclésiastiques,France,Margaret Peacock,Sales Representative,United Package,144.0
10841,10,31.0,16,0.0,SUPRD,5,1998-01-20,1998-02-17,1998-01-29,424.3,Charleroi,Belgium,Suprêmes délices,Pascale Cartrain,Charleroi,Belgium,Ikura,4,8,12 - 200 ml jars,0,Seafood,Tokyo Traders,Japan,Steven Buchanan,Sales Manager,United Package,496.0
10841,56,38.0,30,0.0,SUPRD,5,1998-01-20,1998-02-17,1998-01-29,424.3,Charleroi,Belgium,Suprêmes délices,Pascale Cartrain,Charleroi,Belgium,Gnocchi di nonna Alice,26,5,24 - 250 g pkgs.,0,Grains/Cereals,Pasta Buttini s.r.l.,Italy,Steven Buchanan,Sales Manager,United Package,1140.0
10841,59,55.0,50,0.0,SUPRD,5,1998-01-20,1998-02-17,1998-01-29,424.3,Charleroi,Belgium,Suprêmes délices,Pascale Cartrain,Charleroi,Belgium,Raclette Courdavault,28,4,5 kg pkg.,0,Dairy Products,Gai pâturage,France,Steven Buchanan,Sales Manager,United Package,2750.0
10841,77,13.0,15,0.0,SUPRD,5,1998-01-20,1998-02-17,1998-01-29,424.3,Charleroi,Belgium,Suprêmes délices,Pascale Cartrain,Charleroi,Belgium,Original Frankfurter grüne Soße,12,2,12 boxes,0,Condiments,Plutzer Lebensmittelgroßmärkte AG,Germany,Steven Buchanan,Sales Manager,United Package,195.0
10842,11,21.0,15,0.0,TORTU,1,1998-01-20,1998-02-17,1998-01-29,54.42,México D.F.,Mexico,Tortuga Restaurante,Miguel Angel Paolino,México D.F.,Mexico,Queso Cabrales,5,4,1 kg pkg.,0,Dairy Products,Cooperativa de Quesos 'Las Cabras',Spain,Nancy Davolio,Sales Representative,Federal Shipping,315.0
10842,43,46.0,5,0.0,TORTU,1,1998-01-20,1998-02-17,1998-01-29,54.42,México D.F.,Mexico,Tortuga Restaurante,Miguel Angel Paolino,México D.F.,Mexico,Ipoh Coffee,20,1,16 - 500 g tins,0,Beverages,Leka Trading,Singapore,Nancy Davolio,Sales Representative,Federal Shipping,230.0
10842,68,12.5,20,0.0,TORTU,1,1998-01-20,1998-02-17,1998-01-29,54.42,México D.F.,Mexico,Tortuga Restaurante,Miguel Angel Paolino,México D.F.,Mexico,Scottish Longbreads,8,3,10 boxes x 8 pieces,0,Confections,Specialty Biscuits Ltd.,UK,Nancy Davolio,Sales Representative,Federal Shipping,250.0
10842,70,15.0,12,0.0,TORTU,1,1998-01-20,1998-02-17,1998-01-29,54.42,México D.F.,Mexico,Tortuga Restaurante,Miguel Angel Paolino,México D.F.,Mexico,Outback Lager,7,1,24 - 355 ml bottles,0,Beverages,Pavlova Ltd.,Australia,Nancy Davolio,Sales Representative,Federal Shipping,180.0
10843,51,53.0,4,0.25,VICTE,4,1998-01-21,1998-02-18,1998-01-26,9.26,Lyon,France,Victuailles en stock,Mary Saveley,Lyon,France,Manjimup Dried Apples,24,7,50 - 300 g pkgs.,0,Produce,G'day Mate,Australia,Margaret Peacock,Sales Representative,United Package,159.0
10844,22,21.0,35,0.0,PICCO,8,1998-01-21,1998-02-18,1998-01-26,25.22,Salzburg,Austria,Piccolo und mehr,Georg Pipps,Salzburg,Austria,Gustaf's Knäckebröd,9,5,24 - 500 g pkgs.,0,Grains/Cereals,PB Knäckebröd AB,Sweden,Laura Callahan,Inside Sales Coordinator,United Package,735.0
10845,23,9.0,70,0.1,QUICK,8,1998-01-21,1998-02-04,1998-01-30,212.98,Cunewalde,Germany,QUICK-Stop,Horst Kloss,Cunewalde,Germany,Tunnbröd,9,5,12 - 250 g pkgs.,0,Grains/Cereals,PB Knäckebröd AB,Sweden,Laura Callahan,Inside Sales Coordinator,Speedy Express,567.0
10845,35,18.0,25,0.1,QUICK,8,1998-01-21,1998-02-04,1998-01-30,212.98,Cunewalde,Germany,QUICK-Stop,Horst Kloss,Cunewalde,Germany,Steeleye Stout,16,1,24 - 12 oz bottles,0,Beverages,Bigfoot Breweries,USA,Laura Callahan,Inside Sales Coordinator,Speedy Express,405.0
10845,42,14.0,42,0.1,QUICK,8,1998-01-21,1998-02-04,1998-01-30,212.98,Cunewalde,Germany,QUICK-Stop,Horst Kloss,Cunewalde,Germany,Singaporean Hokkien Fried Mee,20,5,32 - 1 kg pkgs.,1,Grains/Cereals,Leka Trading,Singapore,Laura Callahan,Inside Sales Coordinator,Speedy Express,529.2
10845,58,13.25,60,0.1,QUICK,8,1998-01-21,1998-02-04,1998-01-30,212.98,Cunewalde,Germany,QUICK-Stop,Horst Kloss,Cunewalde,Germany,Escargots de Bourgogne,27,8,24 pieces,0,Seafood,Escargots Nouveaux,France,Laura Callahan,Inside Sales Coordinator,Speedy Express,715.5
10845,64,33.25,48,0.0,QUICK,8,1998-01-21,1998-02-04,1998-01-30,212.98,Cunewalde,Germany,QUICK-Stop,Horst Kloss,Cunewalde,Germany,Wimmers gute Semmelknödel,12,5,20 bags x 4 pieces,0,Grains/Cereals,Plutzer Lebensmittelgroßmärkte AG,Germany,Laura Callahan,Inside Sales Coordinator,Speedy Express,1596.0
10846,4,22.0,21,0.0,SUPRD,2,1998-01-22,1998-03-05,1998-01-23,56.46,Charleroi,Belgium,Suprêmes délices,Pascale Cartrain,Charleroi,Belgium,Chef Anton's Cajun Seasoning,2,2,48 - 6 oz jars,0,Condiments,New Orleans Cajun Delights,USA,Andrew Fuller,Vice President Sales,Federal Shipping,462.0
10846,70,15.0,30,0.0,SUPRD,2,1998-01-22,1998-03-05,1998-01-23,56.46,Charleroi,Belgium,Suprêmes délices,Pascale Cartrain,Charleroi,Belgium,Outback Lager,7,1,24 - 355 ml bottles,0,Beverages,Pavlova Ltd.,Australia,Andrew Fuller,Vice President Sales,Federal Shipping,450.0
10846,74,10.0,20,0.0,SUPRD,2,1998-01-22,1998-03-05,1998-01-23,56.46,Charleroi,Belgium,Suprêmes délices,Pascale Cartrain,Charleroi,Belgium,Longlife Tofu,4,7,5 kg pkg.,0,Produce,Tokyo Traders,Japan,Andrew Fuller,Vice President Sales,Federal Shipping,200.0
10847,1,18.0,80,0.2,SAVEA,4,1998-01-22,1998-02-05,1998-02-10,487.57,Boise,USA,Save-a-lot Markets,Jose Pavarotti,Boise,USA,Chai,1,1,10 boxes x 20 bags,0,Beverages,Exotic Liquids,UK,Margaret Peacock,Sales Representative,Federal Shipping,1152.0
10847,19,9.2,12,0.2,SAVEA,4,1998-01-22,1998-02-05,1998-02-10,487.57,Boise,USA,Save-a-lot Markets,Jose Pavarotti,Boise,USA,Teatime Chocolate Biscuits,8,3,10 boxes x 12 pieces,0,Confections,Specialty Biscuits Ltd.,UK,Margaret Peacock,Sales Representative,Federal Shipping,88.32
10847,37,26.0,60,0.2,SAVEA,4,1998-01-22,1998-02-05,1998-02-10,487.57,Boise,USA,Save-a-lot Markets,Jose Pavarotti,Boise,USA,Gravad lax,17,8,12 - 500 g pkgs.,0,Seafood,Svensk Sjöföda AB,Sweden,Margaret Peacock,Sales Representative,Federal Shipping,1248.0
10847,45,9.5,36,0.2,SAVEA,4,1998-01-22,1998-02-05,1998-02-10,487.57,Boise,USA,Save-a-lot Markets,Jose Pavarotti,Boise,USA,Rogede sild,21,8,1k pkg.,0,Seafood,Lyngbysild,Denmark,Margaret Peacock,Sales Representative,Federal Shipping,273.6
10847,60,34.0,45,0.2,SAVEA,4,1998-01-22,1998-02-05,1998-02-10,487.57,Boise,USA,Save-a-lot Markets,Jose Pavarotti,Boise,USA,Camembert Pierrot,28,4,15 - 300 g rounds,0,Dairy Products,Gai pâturage,France,Margaret Peacock,Sales Representative,Federal Shipping,1224.0
10847,71,21.5,55,0.2,SAVEA,4,1998-01-22,1998-02-05,1998-02-10,487.57,Boise,USA,Save-a-lot Markets,Jose Pavarotti,Boise,USA,Flotemysost,15,4,10 - 500 g pkgs.,0,Dairy Products,Norske Meierier,Norway,Margaret Peacock,Sales Representative,Federal Shipping,946.0
10848,5,21.35,30,0.0,CONSH,7,1998-01-23,1998-02-20,1998-01-29,38.24,London,UK,Consolidated Holdings,Elizabeth Brown,London,UK,Chef Anton's Gumbo Mix,2,2,36 boxes,1,Condiments,New Orleans Cajun Delights,USA,Robert King,Sales Representative,United Package,640.5
10848,9,97.0,3,0.0,CONSH,7,1998-01-23,1998-02-20,1998-01-29,38.24,London,UK,Consolidated Holdings,Elizabeth Brown,London,UK,Mishi Kobe Niku,4,6,18 - 500 g pkgs.,1,Meat/Poultry,Tokyo Traders,Japan,Robert King,Sales Representative,United Package,291.0
10849,3,10.0,49,0.0,KOENE,9,1998-01-23,1998-02-20,1998-01-30,0.56,Brandenburg,Germany,Königlich Essen,Philip Cramer,Brandenburg,Germany,Aniseed Syrup,1,2,12 - 550 ml bottles,0,Condiments,Exotic Liquids,UK,Anne Dodsworth,Sales Representative,United Package,490.0
10849,26,31.23,18,0.15,KOENE,9,1998-01-23,1998-02-20,1998-01-30,0.56,Brandenburg,Germany,Königlich Essen,Philip Cramer,Brandenburg,Germany,Gumbär Gummibärchen,11,3,100 - 250 g bags,0,Confections,Heli Süßwaren GmbH & Co. KG,Germany,Anne Dodsworth,Sales Representative,United Package,477.82
10850,25,14.0,20,0.15,VICTE,1,1998-01-23,1998-03-06,1998-01-30,49.19,Lyon,France,Victuailles en stock,Mary Saveley,Lyon,France,NuNuCa Nuß-Nougat-Creme,11,3,20 - 450 g glasses,0,Confections,Heli Süßwaren GmbH & Co. KG,Germany,Nancy Davolio,Sales Representative,Speedy Express,238.0
10850,33,2.5,4,0.15,VICTE,1,1998-01-23,1998-03-06,1998-01-30,49.19,Lyon,France,Victuailles en stock,Mary Saveley,Lyon,France,Geitost,15,4,500 g,0,Dairy Products,Norske Meierier,Norway,Nancy Davolio,Sales Representative,Speedy Express,8.5
10850,70,15.0,30,0.15,VICTE,1,1998-01-23,1998-03-06,1998-01-30,49.19,Lyon,France,Victuailles en stock,Mary Saveley,Lyon,France,Outback Lager,7,1,24 - 355 ml bottles,0,Beverages,Pavlova Ltd.,Australia,Nancy Davolio,Sales Representative,Speedy Express,382.5
10851,2,19.0,5,0.05,RICAR,5,1998-01-26,1998-02-23,1998-02-02,160.55,Rio de Janeiro,Brazil,Ricardo Adocicados,Janete Limeira,Rio de Janeiro,Brazil,Chang,1,1,24 - 12 oz bottles,0,Beverages,Exotic Liquids,UK,Steven Buchanan,Sales Manager,Speedy Express,90.25
10851,25,14.0,10,0.05,RICAR,5,1998-01-26,1998-02-23,1998-02-02,160.55,Rio de Janeiro,Brazil,Ricardo Adocicados,Janete Limeira,Rio de Janeiro,Brazil,NuNuCa Nuß-Nougat-Creme,11,3,20 - 450 g glasses,0,Confections,Heli Süßwaren GmbH & Co. KG,Germany,Steven Buchanan,Sales Manager,Speedy Express,133.0
10851,57,19.5,10,0.05,RICAR,5,1998-01-26,1998-02-23,1998-02-02,160.55,Rio de Janeiro,Brazil,Ricardo Adocicados,Janete Limeira,Rio de Janeiro,Brazil,Ravioli Angelo,26,5,24 - 250 g pkgs.,0,Grains/Cereals,Pasta Buttini s.r.l.,Italy,Steven Buchanan,Sales Manager,Speedy Express,185.25
10851,59,55.0,42,0.05,RICAR,5,1998-01-26,1998-02-23,1998-02-02,160.55,Rio de Janeiro,Brazil,Ricardo Adocicados,Janete Limeira,Rio de Janeiro,Brazil,Raclette Courdavault,28,4,5 kg pkg.,0,Dairy Products,Gai pâturage,France,Steven Buchanan,Sales Manager,Speedy Express,2194.5
10852,2,19.0,15,0.0,RATTC,8,1998-01-26,1998-02-09,1998-01-30,174.05,Albuquerque,USA,Rattlesnake Canyon Grocery,Paula Wilson,Albuquerque,USA,Chang,1,1,24 - 12 oz bottles,0,Beverages,Exotic Liquids,UK,Laura Callahan,Inside Sales Coordinator,Speedy Express,285.0
10852,17,39.0,6,0.0,RATTC,8,1998-01-26,1998-02-09,1998-01-30,174.05,Albuquerque,USA,Rattlesnake Canyon Grocery,Paula Wilson,Albuquerque,USA,Alice Mutton,7,6,20 - 1 kg tins,1,Meat/Poultry,Pavlova Ltd.,Australia,Laura Callahan,Inside Sales Coordinator,Speedy Express,234.0
10852,62,49.3,50,0.0,RATTC,8,1998-01-26,1998-02-09,1998-01-30,174.05,Albuquerque,USA,Rattlesnake Canyon Grocery,Paula Wilson,Albuquerque,USA,Tarte au sucre,29,3,48 pies,0,Confections,Forêts d'érables,Canada,Laura Callahan,Inside Sales Coordinator,Speedy Express,2465.0
10853,18,62.5,10,0.0,BLAUS,9,1998-01-27,1998-02-24,1998-02-03,53.83,Mannheim,Germany,Blauer See Delikatessen,Hanna Moos,Mannheim,Germany,Carnarvon Tigers,7,8,16 kg pkg.,0,Seafood,Pavlova Ltd.,Australia,Anne Dodsworth,Sales Representative,United Package,625.0
10854,10,31.0,100,0.15,ERNSH,3,1998-01-27,1998-02-24,1998-02-05,100.22,Graz,Austria,Ernst Handel,Roland Mendel,Graz,Austria,Ikura,4,8,12 - 200 ml jars,0,Seafood,Tokyo Traders,Japan,Janet Leverling,Sales Representative,United Package,2635.0
10854,13,6.0,65,0.15,ERNSH,3,1998-01-27,1998-02-24,1998-02-05,100.22,Graz,Austria,Ernst Handel,Roland Mendel,Graz,Austria,Konbu,6,8,2 kg box,0,Seafood,Mayumi's,Japan,Janet Leverling,Sales Representative,United Package,331.5
10855,16,17.45,50,0.0,OLDWO,3,1998-01-27,1998-02-24,1998-02-04,170.97,Anchorage,USA,Old World Delicatessen,Rene Phillips,Anchorage,USA,Pavlova,7,3,32 - 500 g boxes,0,Confections,Pavlova Ltd.,Australia,Janet Leverling,Sales Representative,Speedy Express,872.5
10855,31,12.5,14,0.0,OLDWO,3,1998-01-27,1998-02-24,1998-02-04,170.97,Anchorage,USA,Old World Delicatessen,Rene Phillips,Anchorage,USA,Gorgonzola Telino,14,4,12 - 100 g pkgs,0,Dairy Products,Formaggi Fortini s.r.l.,Italy,Janet Leverling,Sales Representative,Speedy Express,175.0
10855,56,38.0,24,0.0,OLDWO,3,1998-01-27,1998-02-24,1998-02-04,170.97,Anchorage,USA,Old World Delicatessen,Rene Phillips,Anchorage,USA,Gnocchi di nonna Alice,26,5,24 - 250 g pkgs.,0,Grains/Cereals,Pasta Buttini s.r.l.,Italy,Janet Leverling,Sales Representative,Speedy Express,912.0
10855,65,21.05,15,0.15,OLDWO,3,1998-01-27,1998-02-24,1998-02-04,170.97,Anchorage,USA,Old World Delicatessen,Rene Phillips,Anchorage,USA,Louisiana Fiery Hot Pepper Sauce,2,2,32 - 8 oz bottles,0,Condiments,New Orleans Cajun Delights,USA,Janet Leverling,Sales Representative,Speedy Express,268.39
10856,2,19.0,20,0.0,ANTON,3,1998-01-28,1998-02-25,1998-02-10,58.43,México D.F.,Mexico,Antonio Moreno Taquería,Antonio Moreno,México D.F.,Mexico,Chang,1,1,24 - 12 oz bottles,0,Beverages,Exotic Liquids,UK,Janet Leverling,Sales Representative,United Package,380.0
10856,42,14.0,20,0.0,ANTON,3,1998-01-28,1998-02-25,1998-02-10,58.43,México D.F.,Mexico,Antonio Moreno Taquería,Antonio Moreno,México D.F.,Mexico,Singaporean Hokkien Fried Mee,20,5,32 - 1 kg pkgs.,1,Grains/Cereals,Leka Trading,Singapore,Janet Leverling,Sales Representative,United Package,280.0
10857,3,10.0,30,0.0,BERGS,8,1998-01-28,1998-02-25,1998-02-06,188.85,Luleå,Sweden,Berglunds snabbköp,Christina Berglund,Luleå,Sweden,Aniseed Syrup,1,2,12 - 550 ml bottles,0,Condiments,Exotic Liquids,UK,Laura Callahan,Inside Sales Coordinator,United Package,300.0
10857,26,31.23,35,0.25,BERGS,8,1998-01-28,1998-02-25,1998-02-06,188.85,Luleå,Sweden,Berglunds snabbköp,Christina Berglund,Luleå,Sweden,Gumbär Gummibärchen,11,3,100 - 250 g bags,0,Confections,Heli Süßwaren GmbH & Co. KG,Germany,Laura Callahan,Inside Sales Coordinator,United Package,819.79
10857,29,123.79,10,0.25,BERGS,8,1998-01-28,1998-02-25,1998-02-06,188.85,Luleå,Sweden,Berglunds snabbköp,Christina Berglund,Luleå,Sweden,Thüringer Rostbratwurst,12,6,50 bags x 30 sausgs.,1,Meat/Poultry,Plutzer Lebensmittelgroßmärkte AG,Germany,Laura Callahan,Inside Sales Coordinator,United Package,928.42
10858,7,30.0,5,0.0,LACOR,2,1998-01-29,1998-02-26,1998-02-03,52.51,Versailles,France,La corne d'abondance,Daniel Tonini,Versailles,France,Uncle Bob's Organic Dried Pears,3,7,12 - 1 lb pkgs.,0,Produce,Grandma Kelly's Homestead,USA,Andrew Fuller,Vice President Sales,Speedy Express,150.0
10858,27,43.9,10,0.0,LACOR,2,1998-01-29,1998-02-26,1998-02-03,52.51,Versailles,France,La corne d'abondance,Daniel Tonini,Versailles,France,Schoggi Schokolade,11,3,100 - 100 g pieces,0,Confections,Heli Süßwaren GmbH & Co. KG,Germany,Andrew Fuller,Vice President Sales,Speedy Express,439.0
10858,70,15.0,4,0.0,LACOR,2,1998-01-29,1998-02-26,1998-02-03,52.51,Versailles,France,La corne d'abondance,Daniel Tonini,Versailles,France,Outback Lager,7,1,24 - 355 ml bottles,0,Beverages,Pavlova Ltd.,Australia,Andrew Fuller,Vice President Sales,Speedy Express,60.0
10859,24,4.5,40,0.25,FRANK,1,1998-01-29,1998-02-26,1998-02-02,76.1,München,Germany,Frankenversand,Peter Franken,München,Germany,Guaraná Fantástica,10,1,12 - 355 ml cans,1,Beverages,Refrescos Americanas LTDA,Brazil,Nancy Davolio,Sales Representative,United Package,135.0
10859,54,7.45,35,0.25,FRANK,1,1998-01-29,1998-02-26,1998-02-02,76.1,München,Germany,Frankenversand,Peter Franken,München,Germany,Tourtière,25,6,16 pies,0,Meat/Poultry,Ma Maison,Canada,Nancy Davolio,Sales Representative,United Package,195.56
10859,64,33.25,30,0.25,FRANK,1,1998-01-29,1998-02-26,1998-02-02,76.1,München,Germany,Frankenversand,Peter Franken,München,Germany,Wimmers gute Semmelknödel,12,5,20 bags x 4 pieces,0,Grains/Cereals,Plutzer Lebensmittelgroßmärkte AG,Germany,Nancy Davolio,Sales Representative,United Package,748.12
10860,51,53.0,3,0.0,FRANR,3,1998-01-29,1998-02-26,1998-02-04,19.26,Nantes,France,France restauration,Carine Schmitt,Nantes,France,Manjimup Dried Apples,24,7,50 - 300 g pkgs.,0,Produce,G'day Mate,Australia,Janet Leverling,Sales Representative,Federal Shipping,159.0
10860,76,18.0,20,0.0,FRANR,3,1998-01-29,1998-02-26,1998-02-04,19.26,Nantes,France,France restauration,Carine Schmitt,Nantes,France,Lakkalikööri,23,1,500 ml,0,Beverages,Karkki Oy,Finland,Janet Leverling,Sales Representative,Federal Shipping,360.0
10861,17,39.0,42,0.0,WHITC,4,1998-01-30,1998-02-27,1998-02-17,14.93,Seattle,USA,White Clover Markets,Karl Jablonski,Seattle,USA,Alice Mutton,7,6,20 - 1 kg tins,1,Meat/Poultry,Pavlova Ltd.,Australia,Margaret Peacock,Sales Representative,United Package,1638.0
10861,18,62.5,20,0.0,WHITC,4,1998-01-30,1998-02-27,1998-02-17,14.93,Seattle,USA,White Clover Markets,Karl Jablonski,Seattle,USA,Carnarvon Tigers,7,8,16 kg pkg.,0,Seafood,Pavlova Ltd.,Australia,Margaret Peacock,Sales Representative,United Package,1250.0
10861,21,10.0,40,0.0,WHITC,4,1998-01-30,1998-02-27,1998-02-17,14.93,Seattle,USA,White Clover Markets,Karl Jablonski,Seattle,USA,Sir Rodney's Scones,8,3,24 pkgs. x 4 pieces,0,Confections,Specialty Biscuits Ltd.,UK,Margaret Peacock,Sales Representative,United Package,400.0
10861,33,2.5,35,0.0,WHITC,4,1998-01-30,1998-02-27,1998-02-17,14.93,Seattle,USA,White Clover Markets,Karl Jablonski,Seattle,USA,Geitost,15,4,500 g,0,Dairy Products,Norske Meierier,Norway,Margaret Peacock,Sales Representative,United Package,87.5
10861,62,49.3,3,0.0,WHITC,4,1998-01-30,1998-02-27,1998-02-17,14.93,Seattle,USA,White Clover Markets,Karl Jablonski,Seattle,USA,Tarte au sucre,29,3,48 pies,0,Confections,Forêts d'érables,Canada,Margaret Peacock,Sales Representative,United Package,147.9
10862,11,21.0,25,0.0,LEHMS,8,1998-01-30,1998-03-13,1998-02-02,53.23,Frankfurt a.M.,Germany,Lehmanns Marktstand,Renate Messner,Frankfurt a.M.,Germany,Queso Cabrales,5,4,1 kg pkg.,0,Dairy Products,Cooperativa de Quesos 'Las Cabras',Spain,Laura Callahan,Inside Sales Coordinator,United Package,525.0
10862,52,7.0,8,0.0,LEHMS,8,1998-01-30,1998-03-13,1998-02-02,53.23,Frankfurt a.M.,Germany,Lehmanns Marktstand,Renate Messner,Frankfurt a.M.,Germany,Filo Mix,24,5,16 - 2 kg boxes,0,Grains/Cereals,G'day Mate,Australia,Laura Callahan,Inside Sales Coordinator,United Package,56.0
10863,1,18.0,20,0.15,HILAA,4,1998-02-02,1998-03-02,1998-02-17,30.26,San Cristóbal,Venezuela,HILARION-Abastos,Carlos Hernández,San Cristóbal,Venezuela,Chai,1,1,10 boxes x 20 bags,0,Beverages,Exotic Liquids,UK,Margaret Peacock,Sales Representative,United Package,306.0
10863,58,13.25,12,0.15,HILAA,4,1998-02-02,1998-03-02,1998-02-17,30.26,San Cristóbal,Venezuela,HILARION-Abastos,Carlos Hernández,San Cristóbal,Venezuela,Escargots de Bourgogne,27,8,24 pieces,0,Seafood,Escargots Nouveaux,France,Margaret Peacock,Sales Representative,United Package,135.15
10864,35,18.0,4,0.0,AROUT,4,1998-02-02,1998-03-02,1998-02-09,3.04,Colchester,UK,Around the Horn,Thomas Hardy,London,UK,Steeleye Stout,16,1,24 - 12 oz bottles,0,Beverages,Bigfoot Breweries,USA,Margaret Peacock,Sales Representative,United Package,72.0
10864,67,14.0,15,0.0,AROUT,4,1998-02-02,1998-03-02,1998-02-09,3.04,Colchester,UK,Around the Horn,Thomas Hardy,London,UK,Laughing Lumberjack Lager,16,1,24 - 12 oz bottles,0,Beverages,Bigfoot Breweries,USA,Margaret Peacock,Sales Representative,United Package,210.0
10865,38,263.5,60,0.05,QUICK,2,1998-02-02,1998-02-16,1998-02-12,348.14,Cunewalde,Germany,QUICK-Stop,Horst Kloss,Cunewalde,Germany,Côte de Blaye,18,1,12 - 75 cl bottles,0,Beverages,Aux joyeux ecclésiastiques,France,Andrew Fuller,Vice President Sales,Speedy Express,15019.5
10865,39,18.0,80,0.05,QUICK,2,1998-02-02,1998-02-16,1998-02-12,348.14,Cunewalde,Germany,QUICK-Stop,Horst Kloss,Cunewalde,Germany,Chartreuse verte,18,1,750 cc per bottle,0,Beverages,Aux joyeux ecclésiastiques,France,Andrew Fuller,Vice President Sales,Speedy Express,1368.0
10866,2,19.0,21,0.25,BERGS,5,1998-02-03,1998-03-03,1998-02-12,109.11,Luleå,Sweden,Berglunds snabbköp,Christina Berglund,Luleå,Sweden,Chang,1,1,24 - 12 oz bottles,0,Beverages,Exotic Liquids,UK,Steven Buchanan,Sales Manager,Speedy Express,299.25
10866,24,4.5,6,0.25,BERGS,5,1998-02-03,1998-03-03,1998-02-12,109.11,Luleå,Sweden,Berglunds snabbköp,Christina Berglund,Luleå,Sweden,Guaraná Fantástica,10,1,12 - 355 ml cans,1,Beverages,Refrescos Americanas LTDA,Brazil,Steven Buchanan,Sales Manager,Speedy Express,20.25
10866,30,25.89,40,0.25,BERGS,5,1998-02-03,1998-03-03,1998-02-12,109.11,Luleå,Sweden,Berglunds snabbköp,Christina Berglund,Luleå,Sweden,Nord-Ost Matjeshering,13,8,10 - 200 g glasses,0,Seafood,Nord-Ost-Fisch Handelsgesellschaft mbH,Germany,Steven Buchanan,Sales Manager,Speedy Express,776.7
10867,53,32.8,3,0.0,LONEP,6,1998-02-03,1998-03-17,1998-02-11,1.93,Portland,USA,Lonesome Pine Restaurant,Fran Wilson,Portland,USA,Perth Pasties,24,6,48 pieces,1,Meat/Poultry,G'day Mate,Australia,Michael Suyama,Sales Representative,Speedy Express,98.4
10868,26,31.23,20,0.0,QUEEN,7,1998-02-04,1998-03-04,1998-02-23,191.27,Sao Paulo,Brazil,Queen Cozinha,Lúcia Carvalho,Sao Paulo,Brazil,Gumbär Gummibärchen,11,3,100 - 250 g bags,0,Confections,Heli Süßwaren GmbH & Co. KG,Germany,Robert King,Sales Representative,United Package,624.6
10868,35,18.0,30,0.0,QUEEN,7,1998-02-04,1998-03-04,1998-02-23,191.27,Sao Paulo,Brazil,Queen Cozinha,Lúcia Carvalho,Sao Paulo,Brazil,Steeleye Stout,16,1,24 - 12 oz bottles,0,Beverages,Bigfoot Breweries,USA,Robert King,Sales Representative,United Package,540.0
10868,49,20.0,42,0.1,QUEEN,7,1998-02-04,1998-03-04,1998-02-23,191.27,Sao Paulo,Brazil,Queen Cozinha,Lúcia Carvalho,Sao Paulo,Brazil,Maxilaku,23,3,24 - 50 g pkgs.,0,Confections,Karkki Oy,Finland,Robert King,Sales Representative,United Package,756.0
10869,1,18.0,40,0.0,SEVES,5,1998-02-04,1998-03-04,1998-02-09,143.28,London,UK,Seven Seas Imports,Hari Kumar,London,UK,Chai,1,1,10 boxes x 20 bags,0,Beverages,Exotic Liquids,UK,Steven Buchanan,Sales Manager,Speedy Express,720.0
10869,11,21.0,10,0.0,SEVES,5,1998-02-04,1998-03-04,1998-02-09,143.28,London,UK,Seven Seas Imports,Hari Kumar,London,UK,Queso Cabrales,5,4,1 kg pkg.,0,Dairy Products,Cooperativa de Quesos 'Las Cabras',Spain,Steven Buchanan,Sales Manager,Speedy Express,210.0
10869,23,9.0,50,0.0,SEVES,5,1998-02-04,1998-03-04,1998-02-09,143.28,London,UK,Seven Seas Imports,Hari Kumar,London,UK,Tunnbröd,9,5,12 - 250 g pkgs.,0,Grains/Cereals,PB Knäckebröd AB,Sweden,Steven Buchanan,Sales Manager,Speedy Express,450.0
10869,68,12.5,20,0.0,SEVES,5,1998-02-04,1998-03-04,1998-02-09,143.28,London,UK,Seven Seas Imports,Hari Kumar,London,UK,Scottish Longbreads,8,3,10 boxes x 8 pieces,0,Confections,Specialty Biscuits Ltd.,UK,Steven Buchanan,Sales Manager,Speedy Express,250.0
10870,35,18.0,3,0.0,WOLZA,5,1998-02-04,1998-03-04,1998-02-13,12.04,Warszawa,Poland,Wolski  Zajazd,Zbyszek Piestrzeniewicz,Warszawa,Poland,Steeleye Stout,16,1,24 - 12 oz bottles,0,Beverages,Bigfoot Breweries,USA,Steven Buchanan,Sales Manager,Federal Shipping,54.0
10870,51,53.0,2,0.0,WOLZA,5,1998-02-04,1998-03-04,1998-02-13,12.04,Warszawa,Poland,Wolski  Zajazd,Zbyszek Piestrzeniewicz,Warszawa,Poland,Manjimup Dried Apples,24,7,50 - 300 g pkgs.,0,Produce,G'day Mate,Australia,Steven Buchanan,Sales Manager,Federal Shipping,106.0
10871,6,25.0,50,0.05,BONAP,9,1998-02-05,1998-03-05,1998-02-10,112.27,Marseille,France,Bon app',Laurence Lebihan,Marseille,France,Grandma's Boysenberry Spread,3,2,12 - 8 oz jars,0,Condiments,Grandma Kelly's Homestead,USA,Anne Dodsworth,Sales Representative,United Package,1187.5
10871,16,17.45,12,0.05,BONAP,9,1998-02-05,1998-03-05,1998-02-10,112.27,Marseille,France,Bon app',Laurence Lebihan,Marseille,France,Pavlova,7,3,32 - 500 g boxes,0,Confections,Pavlova Ltd.,Australia,Anne Dodsworth,Sales Representative,United Package,198.93
10871,17,39.0,16,0.05,BONAP,9,1998-02-05,1998-03-05,1998-02-10,112.27,Marseille,France,Bon app',Laurence Lebihan,Marseille,France,Alice Mutton,7,6,20 - 1 kg tins,1,Meat/Poultry,Pavlova Ltd.,Australia,Anne Dodsworth,Sales Representative,United Package,592.8
10872,55,24.0,10,0.05,GODOS,5,1998-02-05,1998-03-05,1998-02-09,175.32,Sevilla,Spain,Godos Cocina Típica,José Pedro Freyre,Sevilla,Spain,Pâté chinois,25,6,24 boxes x 2 pies,0,Meat/Poultry,Ma Maison,Canada,Steven Buchanan,Sales Manager,United Package,228.0
10872,62,49.3,20,0.05,GODOS,5,1998-02-05,1998-03-05,1998-02-09,175.32,Sevilla,Spain,Godos Cocina Típica,José Pedro Freyre,Sevilla,Spain,Tarte au sucre,29,3,48 pies,0,Confections,Forêts d'érables,Canada,Steven Buchanan,Sales Manager,United Package,936.7
10872,64,33.25,15,0.05,GODOS,5,1998-02-05,1998-03-05,1998-02-09,175.32,Sevilla,Spain,Godos Cocina Típica,José Pedro Freyre,Sevilla,Spain,Wimmers gute Semmelknödel,12,5,20 bags x 4 pieces,0,Grains/Cereals,Plutzer Lebensmittelgroßmärkte AG,Germany,Steven Buchanan,Sales Manager,United Package,473.81
10872,65,21.05,21,0.05,GODOS,5,1998-02-05,1998-03-05,1998-02-09,175.32,Sevilla,Spain,Godos Cocina Típica,José Pedro Freyre,Sevilla,Spain,Louisiana Fiery Hot Pepper Sauce,2,2,32 - 8 oz bottles,0,Condiments,New Orleans Cajun Delights,USA,Steven Buchanan,Sales Manager,United Package,419.95
10873,21,10.0,20,0.0,WILMK,4,1998-02-06,1998-03-06,1998-02-09,0.82,Helsinki,Finland,Wilman Kala,Matti Karttunen,Helsinki,Finland,Sir Rodney's Scones,8,3,24 pkgs. x 4 pieces,0,Confections,Specialty Biscuits Ltd.,UK,Margaret Peacock,Sales Representative,Speedy Express,200.0
10873,28,45.6,3,0.0,WILMK,4,1998-02-06,1998-03-06,1998-02-09,0.82,Helsinki,Finland,Wilman Kala,Matti Karttunen,Helsinki,Finland,Rössle Sauerkraut,12,7,25 - 825 g cans,1,Produce,Plutzer Lebensmittelgroßmärkte AG,Germany,Margaret Peacock,Sales Representative,Speedy Express,136.8
10874,10,31.0,10,0.0,GODOS,5,1998-02-06,1998-03-06,1998-02-11,19.58,Sevilla,Spain,Godos Cocina Típica,José Pedro Freyre,Sevilla,Spain,Ikura,4,8,12 - 200 ml jars,0,Seafood,Tokyo Traders,Japan,Steven Buchanan,Sales Manager,United Package,310.0
10875,19,9.2,25,0.0,BERGS,4,1998-02-06,1998-03-06,1998-03-03,32.37,Luleå,Sweden,Berglunds snabbköp,Christina Berglund,Luleå,Sweden,Teatime Chocolate Biscuits,8,3,10 boxes x 12 pieces,0,Confections,Specialty Biscuits Ltd.,UK,Margaret Peacock,Sales Representative,United Package,230.0
10875,47,9.5,21,0.1,BERGS,4,1998-02-06,1998-03-06,1998-03-03,32.37,Luleå,Sweden,Berglunds snabbköp,Christina Berglund,Luleå,Sweden,Zaanse koeken,22,3,10 - 4 oz boxes,0,Confections,Zaanse Snoepfabriek,Netherlands,Margaret Peacock,Sales Representative,United Package,179.55
10875,49,20.0,15,0.0,BERGS,4,1998-02-06,1998-03-06,1998-03-03,32.37,Luleå,Sweden,Berglunds snabbköp,Christina Berglund,Luleå,Sweden,Maxilaku,23,3,24 - 50 g pkgs.,0,Confections,Karkki Oy,Finland,Margaret Peacock,Sales Representative,United Package,300.0
10876,46,12.0,21,0.0,BONAP,7,1998-02-09,1998-03-09,1998-02-12,60.42,Marseille,France,Bon app',Laurence Lebihan,Marseille,France,Spegesild,21,8,4 - 450 g glasses,0,Seafood,Lyngbysild,Denmark,Robert King,Sales Representative,Federal Shipping,252.0
10876,64,33.25,20,0.0,BONAP,7,1998-02-09,1998-03-09,1998-02-12,60.42,Marseille,France,Bon app',Laurence Lebihan,Marseille,France,Wimmers gute Semmelknödel,12,5,20 bags x 4 pieces,0,Grains/Cereals,Plutzer Lebensmittelgroßmärkte AG,Germany,Robert King,Sales Representative,Federal Shipping,665.0
10877,16,17.45,30,0.25,RICAR,1,1998-02-09,1998-03-09,1998-02-19,38.06,Rio de Janeiro,Brazil,Ricardo Adocicados,Janete Limeira,Rio de Janeiro,Brazil,Pavlova,7,3,32 - 500 g boxes,0,Confections,Pavlova Ltd.,Australia,Nancy Davolio,Sales Representative,Speedy Express,392.62
10877,18,62.5,25,0.0,RICAR,1,1998-02-09,1998-03-09,1998-02-19,38.06,Rio de Janeiro,Brazil,Ricardo Adocicados,Janete Limeira,Rio de Janeiro,Brazil,Carnarvon Tigers,7,8,16 kg pkg.,0,Seafood,Pavlova Ltd.,Australia,Nancy Davolio,Sales Representative,Speedy Express,1562.5
10878,20,81.0,20,0.05,QUICK,4,1998-02-10,1998-03-10,1998-02-12,46.69,Cunewalde,Germany,QUICK-Stop,Horst Kloss,Cunewalde,Germany,Sir Rodney's Marmalade,8,3,30 gift boxes,0,Confections,Specialty Biscuits Ltd.,UK,Margaret Peacock,Sales Representative,Speedy Express,1539.0
10879,40,18.4,12,0.0,WILMK,3,1998-02-10,1998-03-10,1998-02-12,8.5,Helsinki,Finland,Wilman Kala,Matti Karttunen,Helsinki,Finland,Boston Crab Meat,19,8,24 - 4 oz tins,0,Seafood,New England Seafood Cannery,USA,Janet Leverling,Sales Representative,Federal Shipping,220.8
10879,65,21.05,10,0.0,WILMK,3,1998-02-10,1998-03-10,1998-02-12,8.5,Helsinki,Finland,Wilman Kala,Matti Karttunen,Helsinki,Finland,Louisiana Fiery Hot Pepper Sauce,2,2,32 - 8 oz bottles,0,Condiments,New Orleans Cajun Delights,USA,Janet Leverling,Sales Representative,Federal Shipping,210.5
10879,76,18.0,10,0.0,WILMK,3,1998-02-10,1998-03-10,1998-02-12,8.5,Helsinki,Finland,Wilman Kala,Matti Karttunen,Helsinki,Finland,Lakkalikööri,23,1,500 ml,0,Beverages,Karkki Oy,Finland,Janet Leverling,Sales Representative,Federal Shipping,180.0
10880,23,9.0,30,0.2,FOLKO,7,1998-02-10,1998-03-24,1998-02-18,88.01,Bräcke,Sweden,Folk och fä HB,Maria Larsson,Bräcke,Sweden,Tunnbröd,9,5,12 - 250 g pkgs.,0,Grains/Cereals,PB Knäckebröd AB,Sweden,Robert King,Sales Representative,Speedy Express,216.0
10880,61,28.5,30,0.2,FOLKO,7,1998-02-10,1998-03-24,1998-02-18,88.01,Bräcke,Sweden,Folk och fä HB,Maria Larsson,Bräcke,Sweden,Sirop d'érable,29,2,24 - 500 ml bottles,0,Condiments,Forêts d'érables,Canada,Robert King,Sales Representative,Speedy Express,684.0
10880,70,15.0,50,0.2,FOLKO,7,1998-02-10,1998-03-24,1998-02-18,88.01,Bräcke,Sweden,Folk och fä HB,Maria Larsson,Bräcke,Sweden,Outback Lager,7,1,24 - 355 ml bottles,0,Beverages,Pavlova Ltd.,Australia,Robert King,Sales Representative,Speedy Express,600.0
10881,73,15.0,10,0.0,CACTU,4,1998-02-11,1998-03-11,1998-02-18,2.84,Buenos Aires,Argentina,Cactus Comidas para llevar,Patricio Simpson,Buenos Aires,Argentina,Röd Kaviar,17,8,24 - 150 g jars,0,Seafood,Svensk Sjöföda AB,Sweden,Margaret Peacock,Sales Representative,Speedy Express,150.0
10882,42,14.0,25,0.0,SAVEA,4,1998-02-11,1998-03-11,1998-02-20,23.1,Boise,USA,Save-a-lot Markets,Jose Pavarotti,Boise,USA,Singaporean Hokkien Fried Mee,20,5,32 - 1 kg pkgs.,1,Grains/Cereals,Leka Trading,Singapore,Margaret Peacock,Sales Representative,Federal Shipping,350.0
10882,49,20.0,20,0.15,SAVEA,4,1998-02-11,1998-03-11,1998-02-20,23.1,Boise,USA,Save-a-lot Markets,Jose Pavarotti,Boise,USA,Maxilaku,23,3,24 - 50 g pkgs.,0,Confections,Karkki Oy,Finland,Margaret Peacock,Sales Representative,Federal Shipping,340.0
10882,54,7.45,32,0.15,SAVEA,4,1998-02-11,1998-03-11,1998-02-20,23.1,Boise,USA,Save-a-lot Markets,Jose Pavarotti,Boise,USA,Tourtière,25,6,16 pies,0,Meat/Poultry,Ma Maison,Canada,Margaret Peacock,Sales Representative,Federal Shipping,202.64
10883,24,4.5,8,0.0,LONEP,8,1998-02-12,1998-03-12,1998-02-20,0.53,Portland,USA,Lonesome Pine Restaurant,Fran Wilson,Portland,USA,Guaraná Fantástica,10,1,12 - 355 ml cans,1,Beverages,Refrescos Americanas LTDA,Brazil,Laura Callahan,Inside Sales Coordinator,Federal Shipping,36.0
10884,21,10.0,40,0.05,LETSS,4,1998-02-12,1998-03-12,1998-02-13,90.97,San Francisco,USA,Let's Stop N Shop,Jaime Yorres,San Francisco,USA,Sir Rodney's Scones,8,3,24 pkgs. x 4 pieces,0,Confections,Specialty Biscuits Ltd.,UK,Margaret Peacock,Sales Representative,United Package,380.0
10884,56,38.0,21,0.05,LETSS,4,1998-02-12,1998-03-12,1998-02-13,90.97,San Francisco,USA,Let's Stop N Shop,Jaime Yorres,San Francisco,USA,Gnocchi di nonna Alice,26,5,24 - 250 g pkgs.,0,Grains/Cereals,Pasta Buttini s.r.l.,Italy,Margaret Peacock,Sales Representative,United Package,758.1
10884,65,21.05,12,0.05,LETSS,4,1998-02-12,1998-03-12,1998-02-13,90.97,San Francisco,USA,Let's Stop N Shop,Jaime Yorres,San Francisco,USA,Louisiana Fiery Hot Pepper Sauce,2,2,32 - 8 oz bottles,0,Condiments,New Orleans Cajun Delights,USA,Margaret Peacock,Sales Representative,United Package,239.97
10885,2,19.0,20,0.0,SUPRD,6,1998-02-12,1998-03-12,1998-02-18,5.64,Charleroi,Belgium,Suprêmes délices,Pascale Cartrain,Charleroi,Belgium,Chang,1,1,24 - 12 oz bottles,0,Beverages,Exotic Liquids,UK,Michael Suyama,Sales Representative,Federal Shipping,380.0
10885,24,4.5,12,0.0,SUPRD,6,1998-02-12,1998-03-12,1998-02-18,5.64,Charleroi,Belgium,Suprêmes délices,Pascale Cartrain,Charleroi,Belgium,Guaraná Fantástica,10,1,12 - 355 ml cans,1,Beverages,Refrescos Americanas LTDA,Brazil,Michael Suyama,Sales Representative,Federal Shipping,54.0
10885,70,15.0,30,0.0,SUPRD,6,1998-02-12,1998-03-12,1998-02-18,5.64,Charleroi,Belgium,Suprêmes délices,Pascale Cartrain,Charleroi,Belgium,Outback Lager,7,1,24 - 355 ml bottles,0,Beverages,Pavlova Ltd.,Australia,Michael Suyama,Sales Representative,Federal Shipping,450.0
10885,77,13.0,25,0.0,SUPRD,6,1998-02-12,1998-03-12,1998-02-18,5.64,Charleroi,Belgium,Suprêmes délices,Pascale Cartrain,Charleroi,Belgium,Original Frankfurter grüne Soße,12,2,12 boxes,0,Condiments,Plutzer Lebensmittelgroßmärkte AG,Germany,Michael Suyama,Sales Representative,Federal Shipping,325.0
10886,10,31.0,70,0.0,HANAR,1,1998-02-13,1998-03-13,1998-03-02,4.99,Rio de Janeiro,Brazil,Hanari Carnes,Mario Pontes,Rio de Janeiro,Brazil,Ikura,4,8,12 - 200 ml jars,0,Seafood,Tokyo Traders,Japan,Nancy Davolio,Sales Representative,Speedy Express,2170.0
10886,31,12.5,35,0.0,HANAR,1,1998-02-13,1998-03-13,1998-03-02,4.99,Rio de Janeiro,Brazil,Hanari Carnes,Mario Pontes,Rio de Janeiro,Brazil,Gorgonzola Telino,14,4,12 - 100 g pkgs,0,Dairy Products,Formaggi Fortini s.r.l.,Italy,Nancy Davolio,Sales Representative,Speedy Express,437.5
10886,77,13.0,40,0.0,HANAR,1,1998-02-13,1998-03-13,1998-03-02,4.99,Rio de Janeiro,Brazil,Hanari Carnes,Mario Pontes,Rio de Janeiro,Brazil,Original Frankfurter grüne Soße,12,2,12 boxes,0,Condiments,Plutzer Lebensmittelgroßmärkte AG,Germany,Nancy Davolio,Sales Representative,Speedy Express,520.0
10887,25,14.0,5,0.0,GALED,8,1998-02-13,1998-03-13,1998-02-16,1.25,Barcelona,Spain,Galería del gastrónomo,Eduardo Saavedra,Barcelona,Spain,NuNuCa Nuß-Nougat-Creme,11,3,20 - 450 g glasses,0,Confections,Heli Süßwaren GmbH & Co. KG,Germany,Laura Callahan,Inside Sales Coordinator,Federal Shipping,70.0
10888,2,19.0,20,0.0,GODOS,1,1998-02-16,1998-03-16,1998-02-23,51.87,Sevilla,Spain,Godos Cocina Típica,José Pedro Freyre,Sevilla,Spain,Chang,1,1,24 - 12 oz bottles,0,Beverages,Exotic Liquids,UK,Nancy Davolio,Sales Representative,United Package,380.0
10888,68,12.5,18,0.0,GODOS,1,1998-02-16,1998-03-16,1998-02-23,51.87,Sevilla,Spain,Godos Cocina Típica,José Pedro Freyre,Sevilla,Spain,Scottish Longbreads,8,3,10 boxes x 8 pieces,0,Confections,Specialty Biscuits Ltd.,UK,Nancy Davolio,Sales Representative,United Package,225.0
10889,11,21.0,40,0.0,RATTC,9,1998-02-16,1998-03-16,1998-02-23,280.61,Albuquerque,USA,Rattlesnake Canyon Grocery,Paula Wilson,Albuquerque,USA,Queso Cabrales,5,4,1 kg pkg.,0,Dairy Products,Cooperativa de Quesos 'Las Cabras',Spain,Anne Dodsworth,Sales Representative,Federal Shipping,840.0
10889,38,263.5,40,0.0,RATTC,9,1998-02-16,1998-03-16,1998-02-23,280.61,Albuquerque,USA,Rattlesnake Canyon Grocery,Paula Wilson,Albuquerque,USA,Côte de Blaye,18,1,12 - 75 cl bottles,0,Beverages,Aux joyeux ecclésiastiques,France,Anne Dodsworth,Sales Representative,Federal Shipping,10540.0
10890,17,39.0,15,0.0,DUMON,7,1998-02-16,1998-03-16,1998-02-18,32.76,Nantes,France,Du monde entier,Janine Labrune,Nantes,France,Alice Mutton,7,6,20 - 1 kg tins,1,Meat/Poultry,Pavlova Ltd.,Australia,Robert King,Sales Representative,Speedy Express,585.0
10890,34,14.0,10,0.0,DUMON,7,1998-02-16,1998-03-16,1998-02-18,32.76,Nantes,France,Du monde entier,Janine Labrune,Nantes,France,Sasquatch Ale,16,1,24 - 12 oz bottles,0,Beverages,Bigfoot Breweries,USA,Robert King,Sales Representative,Speedy Express,140.0
10890,41,9.65,14,0.0,DUMON,7,1998-02-16,1998-03-16,1998-02-18,32.76,Nantes,France,Du monde entier,Janine Labrune,Nantes,France,Jack's New England Clam Chowder,19,8,12 - 12 oz cans,0,Seafood,New England Seafood Cannery,USA,Robert King,Sales Representative,Speedy Express,135.1
10891,30,25.89,15,0.05,LEHMS,7,1998-02-17,1998-03-17,1998-02-19,20.37,Frankfurt a.M.,Germany,Lehmanns Marktstand,Renate Messner,Frankfurt a.M.,Germany,Nord-Ost Matjeshering,13,8,10 - 200 g glasses,0,Seafood,Nord-Ost-Fisch Handelsgesellschaft mbH,Germany,Robert King,Sales Representative,United Package,368.93
10892,59,55.0,40,0.05,MAISD,4,1998-02-17,1998-03-17,1998-02-19,120.27,Bruxelles,Belgium,Maison Dewey,Catherine Dewey,Bruxelles,Belgium,Raclette Courdavault,28,4,5 kg pkg.,0,Dairy Products,Gai pâturage,France,Margaret Peacock,Sales Representative,United Package,2090.0
10893,8,40.0,30,0.0,KOENE,9,1998-02-18,1998-03-18,1998-02-20,77.78,Brandenburg,Germany,Königlich Essen,Philip Cramer,Brandenburg,Germany,Northwoods Cranberry Sauce,3,2,12 - 12 oz jars,0,Condiments,Grandma Kelly's Homestead,USA,Anne Dodsworth,Sales Representative,United Package,1200.0
10893,24,4.5,10,0.0,KOENE,9,1998-02-18,1998-03-18,1998-02-20,77.78,Brandenburg,Germany,Königlich Essen,Philip Cramer,Brandenburg,Germany,Guaraná Fantástica,10,1,12 - 355 ml cans,1,Beverages,Refrescos Americanas LTDA,Brazil,Anne Dodsworth,Sales Representative,United Package,45.0
10893,29,123.79,24,0.0,KOENE,9,1998-02-18,1998-03-18,1998-02-20,77.78,Brandenburg,Germany,Königlich Essen,Philip Cramer,Brandenburg,Germany,Thüringer Rostbratwurst,12,6,50 bags x 30 sausgs.,1,Meat/Poultry,Plutzer Lebensmittelgroßmärkte AG,Germany,Anne Dodsworth,Sales Representative,United Package,2970.96
10893,30,25.89,35,0.0,KOENE,9,1998-02-18,1998-03-18,1998-02-20,77.78,Brandenburg,Germany,Königlich Essen,Philip Cramer,Brandenburg,Germany,Nord-Ost Matjeshering,13,8,10 - 200 g glasses,0,Seafood,Nord-Ost-Fisch Handelsgesellschaft mbH,Germany,Anne Dodsworth,Sales Representative,United Package,906.15
10893,36,19.0,20,0.0,KOENE,9,1998-02-18,1998-03-18,1998-02-20,77.78,Brandenburg,Germany,Königlich Essen,Philip Cramer,Brandenburg,Germany,Inlagd Sill,17,8,24 - 250 g  jars,0,Seafood,Svensk Sjöföda AB,Sweden,Anne Dodsworth,Sales Representative,United Package,380.0
10894,13,6.0,28,0.05,SAVEA,1,1998-02-18,1998-03-18,1998-02-20,116.13,Boise,USA,Save-a-lot Markets,Jose Pavarotti,Boise,USA,Konbu,6,8,2 kg box,0,Seafood,Mayumi's,Japan,Nancy Davolio,Sales Representative,Speedy Express,159.6
10894,69,36.0,50,0.05,SAVEA,1,1998-02-18,1998-03-18,1998-02-20,116.13,Boise,USA,Save-a-lot Markets,Jose Pavarotti,Boise,USA,Gudbrandsdalsost,15,4,10 kg pkg.,0,Dairy Products,Norske Meierier,Norway,Nancy Davolio,Sales Representative,Speedy Express,1710.0
10894,75,7.75,120,0.05,SAVEA,1,1998-02-18,1998-03-18,1998-02-20,116.13,Boise,USA,Save-a-lot Markets,Jose Pavarotti,Boise,USA,Rhönbräu Klosterbier,12,1,24 - 0.5 l bottles,0,Beverages,Plutzer Lebensmittelgroßmärkte AG,Germany,Nancy Davolio,Sales Representative,Speedy Express,883.5
10895,24,4.5,110,0.0,ERNSH,3,1998-02-18,1998-03-18,1998-02-23,162.75,Graz,Austria,Ernst Handel,Roland Mendel,Graz,Austria,Guaraná Fantástica,10,1,12 - 355 ml cans,1,Beverages,Refrescos Americanas LTDA,Brazil,Janet Leverling,Sales Representative,Speedy Express,495.0
10895,39,18.0,45,0.0,ERNSH,3,1998-02-18,1998-03-18,1998-02-23,162.75,Graz,Austria,Ernst Handel,Roland Mendel,Graz,Austria,Chartreuse verte,18,1,750 cc per bottle,0,Beverages,Aux joyeux ecclésiastiques,France,Janet Leverling,Sales Representative,Speedy Express,810.0
10895,40,18.4,91,0.0,ERNSH,3,1998-02-18,1998-03-18,1998-02-23,162.75,Graz,Austria,Ernst Handel,Roland Mendel,Graz,Austria,Boston Crab Meat,19,8,24 - 4 oz tins,0,Seafood,New England Seafood Cannery,USA,Janet Leverling,Sales Representative,Speedy Express,1674.4
10895,60,34.0,100,0.0,ERNSH,3,1998-02-18,1998-03-18,1998-02-23,162.75,Graz,Austria,Ernst Handel,Roland Mendel,Graz,Austria,Camembert Pierrot,28,4,15 - 300 g rounds,0,Dairy Products,Gai pâturage,France,Janet Leverling,Sales Representative,Speedy Express,3400.0
10896,45,9.5,15,0.0,MAISD,7,1998-02-19,1998-03-19,1998-02-27,32.45,Bruxelles,Belgium,Maison Dewey,Catherine Dewey,Bruxelles,Belgium,Rogede sild,21,8,1k pkg.,0,Seafood,Lyngbysild,Denmark,Robert King,Sales Representative,Federal Shipping,142.5
10896,56,38.0,16,0.0,MAISD,7,1998-02-19,1998-03-19,1998-02-27,32.45,Bruxelles,Belgium,Maison Dewey,Catherine Dewey,Bruxelles,Belgium,Gnocchi di nonna Alice,26,5,24 - 250 g pkgs.,0,Grains/Cereals,Pasta Buttini s.r.l.,Italy,Robert King,Sales Representative,Federal Shipping,608.0
10897,29,123.79,80,0.0,HUNGO,3,1998-02-19,1998-03-19,1998-02-25,603.54,Cork,Ireland,Hungry Owl All-Night Grocers,Patricia McKenna,Cork,Ireland,Thüringer Rostbratwurst,12,6,50 bags x 30 sausgs.,1,Meat/Poultry,Plutzer Lebensmittelgroßmärkte AG,Germany,Janet Leverling,Sales Representative,United Package,9903.2
10897,30,25.89,36,0.0,HUNGO,3,1998-02-19,1998-03-19,1998-02-25,603.54,Cork,Ireland,Hungry Owl All-Night Grocers,Patricia McKenna,Cork,Ireland,Nord-Ost Matjeshering,13,8,10 - 200 g glasses,0,Seafood,Nord-Ost-Fisch Handelsgesellschaft mbH,Germany,Janet Leverling,Sales Representative,United Package,932.04
10898,13,6.0,5,0.0,OCEAN,4,1998-02-20,1998-03-20,1998-03-06,1.27,Buenos Aires,Argentina,Océano Atlántico Ltda.,Yvonne Moncada,Buenos Aires,Argentina,Konbu,6,8,2 kg box,0,Seafood,Mayumi's,Japan,Margaret Peacock,Sales Representative,United Package,30.0
10899,39,18.0,8,0.15,LILAS,5,1998-02-20,1998-03-20,1998-02-26,1.21,Barquisimeto,Venezuela,LILA-Supermercado,Carlos González,Barquisimeto,Venezuela,Chartreuse verte,18,1,750 cc per bottle,0,Beverages,Aux joyeux ecclésiastiques,France,Steven Buchanan,Sales Manager,Federal Shipping,122.4
10900,70,15.0,3,0.25,WELLI,1,1998-02-20,1998-03-20,1998-03-04,1.66,Resende,Brazil,Wellington Importadora,Paula Parente,Resende,Brazil,Outback Lager,7,1,24 - 355 ml bottles,0,Beverages,Pavlova Ltd.,Australia,Nancy Davolio,Sales Representative,United Package,33.75
10901,41,9.65,30,0.0,HILAA,4,1998-02-23,1998-03-23,1998-02-26,62.09,San Cristóbal,Venezuela,HILARION-Abastos,Carlos Hernández,San Cristóbal,Venezuela,Jack's New England Clam Chowder,19,8,12 - 12 oz cans,0,Seafood,New England Seafood Cannery,USA,Margaret Peacock,Sales Representative,Speedy Express,289.5
10901,71,21.5,30,0.0,HILAA,4,1998-02-23,1998-03-23,1998-02-26,62.09,San Cristóbal,Venezuela,HILARION-Abastos,Carlos Hernández,San Cristóbal,Venezuela,Flotemysost,15,4,10 - 500 g pkgs.,0,Dairy Products,Norske Meierier,Norway,Margaret Peacock,Sales Representative,Speedy Express,645.0
10902,55,24.0,30,0.15,FOLKO,1,1998-02-23,1998-03-23,1998-03-03,44.15,Bräcke,Sweden,Folk och fä HB,Maria Larsson,Bräcke,Sweden,Pâté chinois,25,6,24 boxes x 2 pies,0,Meat/Poultry,Ma Maison,Canada,Nancy Davolio,Sales Representative,Speedy Express,612.0
10902,62,49.3,6,0.15,FOLKO,1,1998-02-23,1998-03-23,1998-03-03,44.15,Bräcke,Sweden,Folk och fä HB,Maria Larsson,Bräcke,Sweden,Tarte au sucre,29,3,48 pies,0,Confections,Forêts d'érables,Canada,Nancy Davolio,Sales Representative,Speedy Express,251.43
10903,13,6.0,40,0.0,HANAR,3,1998-02-24,1998-03-24,1998-03-04,36.71,Rio de Janeiro,Brazil,Hanari Carnes,Mario Pontes,Rio de Janeiro,Brazil,Konbu,6,8,2 kg box,0,Seafood,Mayumi's,Japan,Janet Leverling,Sales Representative,Federal Shipping,240.0
10903,65,21.05,21,0.0,HANAR,3,1998-02-24,1998-03-24,1998-03-04,36.71,Rio de Janeiro,Brazil,Hanari Carnes,Mario Pontes,Rio de Janeiro,Brazil,Louisiana Fiery Hot Pepper Sauce,2,2,32 - 8 oz bottles,0,Condiments,New Orleans Cajun Delights,USA,Janet Leverling,Sales Representative,Federal Shipping,442.05
10903,68,12.5,20,0.0,HANAR,3,1998-02-24,1998-03-24,1998-03-04,36.71,Rio de Janeiro,Brazil,Hanari Carnes,Mario Pontes,Rio de Janeiro,Brazil,Scottish Longbreads,8,3,10 boxes x 8 pieces,0,Confections,Specialty Biscuits Ltd.,UK,Janet Leverling,Sales Representative,Federal Shipping,250.0
10904,58,13.25,15,0.0,WHITC,3,1998-02-24,1998-03-24,1998-02-27,162.95,Seattle,USA,White Clover Markets,Karl Jablonski,Seattle,USA,Escargots de Bourgogne,27,8,24 pieces,0,Seafood,Escargots Nouveaux,France,Janet Leverling,Sales Representative,Federal Shipping,198.75
10904,62,49.3,35,0.0,WHITC,3,1998-02-24,1998-03-24,1998-02-27,162.95,Seattle,USA,White Clover Markets,Karl Jablonski,Seattle,USA,Tarte au sucre,29,3,48 pies,0,Confections,Forêts d'érables,Canada,Janet Leverling,Sales Representative,Federal Shipping,1725.5
10905,1,18.0,20,0.05,WELLI,9,1998-02-24,1998-03-24,1998-03-06,13.72,Resende,Brazil,Wellington Importadora,Paula Parente,Resende,Brazil,Chai,1,1,10 boxes x 20 bags,0,Beverages,Exotic Liquids,UK,Anne Dodsworth,Sales Representative,United Package,342.0
10906,61,28.5,15,0.0,WOLZA,4,1998-02-25,1998-03-11,1998-03-03,26.29,Warszawa,Poland,Wolski  Zajazd,Zbyszek Piestrzeniewicz,Warszawa,Poland,Sirop d'érable,29,2,24 - 500 ml bottles,0,Condiments,Forêts d'érables,Canada,Margaret Peacock,Sales Representative,Federal Shipping,427.5
10907,75,7.75,14,0.0,SPECD,6,1998-02-25,1998-03-25,1998-02-27,9.19,Paris,France,Spécialités du monde,Dominique Perrier,Paris,France,Rhönbräu Klosterbier,12,1,24 - 0.5 l bottles,0,Beverages,Plutzer Lebensmittelgroßmärkte AG,Germany,Michael Suyama,Sales Representative,Federal Shipping,108.5
10908,7,30.0,20,0.05,REGGC,4,1998-02-26,1998-03-26,1998-03-06,32.96,Reggio Emilia,Italy,Reggiani Caseifici,Maurizio Moroni,Reggio Emilia,Italy,Uncle Bob's Organic Dried Pears,3,7,12 - 1 lb pkgs.,0,Produce,Grandma Kelly's Homestead,USA,Margaret Peacock,Sales Representative,United Package,570.0
10908,52,7.0,14,0.05,REGGC,4,1998-02-26,1998-03-26,1998-03-06,32.96,Reggio Emilia,Italy,Reggiani Caseifici,Maurizio Moroni,Reggio Emilia,Italy,Filo Mix,24,5,16 - 2 kg boxes,0,Grains/Cereals,G'day Mate,Australia,Margaret Peacock,Sales Representative,United Package,93.1
10909,7,30.0,12,0.0,SANTG,1,1998-02-26,1998-03-26,1998-03-10,53.05,Stavern,Norway,Santé Gourmet,Jonas Bergulfsen,Stavern,Norway,Uncle Bob's Organic Dried Pears,3,7,12 - 1 lb pkgs.,0,Produce,Grandma Kelly's Homestead,USA,Nancy Davolio,Sales Representative,United Package,360.0
10909,16,17.45,15,0.0,SANTG,1,1998-02-26,1998-03-26,1998-03-10,53.05,Stavern,Norway,Santé Gourmet,Jonas Bergulfsen,Stavern,Norway,Pavlova,7,3,32 - 500 g boxes,0,Confections,Pavlova Ltd.,Australia,Nancy Davolio,Sales Representative,United Package,261.75
10909,41,9.65,5,0.0,SANTG,1,1998-02-26,1998-03-26,1998-03-10,53.05,Stavern,Norway,Santé Gourmet,Jonas Bergulfsen,Stavern,Norway,Jack's New England Clam Chowder,19,8,12 - 12 oz cans,0,Seafood,New England Seafood Cannery,USA,Nancy Davolio,Sales Representative,United Package,48.25
10910,19,9.2,12,0.0,WILMK,1,1998-02-26,1998-03-26,1998-03-04,38.11,Helsinki,Finland,Wilman Kala,Matti Karttunen,Helsinki,Finland,Teatime Chocolate Biscuits,8,3,10 boxes x 12 pieces,0,Confections,Specialty Biscuits Ltd.,UK,Nancy Davolio,Sales Representative,Federal Shipping,110.4
10910,49,20.0,10,0.0,WILMK,1,1998-02-26,1998-03-26,1998-03-04,38.11,Helsinki,Finland,Wilman Kala,Matti Karttunen,Helsinki,Finland,Maxilaku,23,3,24 - 50 g pkgs.,0,Confections,Karkki Oy,Finland,Nancy Davolio,Sales Representative,Federal Shipping,200.0
10910,61,28.5,5,0.0,WILMK,1,1998-02-26,1998-03-26,1998-03-04,38.11,Helsinki,Finland,Wilman Kala,Matti Karttunen,Helsinki,Finland,Sirop d'érable,29,2,24 - 500 ml bottles,0,Condiments,Forêts d'érables,Canada,Nancy Davolio,Sales Representative,Federal Shipping,142.5
10911,1,18.0,10,0.0,GODOS,3,1998-02-26,1998-03-26,1998-03-05,38.19,Sevilla,Spain,Godos Cocina Típica,José Pedro Freyre,Sevilla,Spain,Chai,1,1,10 boxes x 20 bags,0,Beverages,Exotic Liquids,UK,Janet Leverling,Sales Representative,Speedy Express,180.0
10911,17,39.0,12,0.0,GODOS,3,1998-02-26,1998-03-26,1998-03-05,38.19,Sevilla,Spain,Godos Cocina Típica,José Pedro Freyre,Sevilla,Spain,Alice Mutton,7,6,20 - 1 kg tins,1,Meat/Poultry,Pavlova Ltd.,Australia,Janet Leverling,Sales Representative,Speedy Express,468.0
10911,67,14.0,15,0.0,GODOS,3,1998-02-26,1998-03-26,1998-03-05,38.19,Sevilla,Spain,Godos Cocina Típica,José Pedro Freyre,Sevilla,Spain,Laughing Lumberjack Lager,16,1,24 - 12 oz bottles,0,Beverages,Bigfoot Breweries,USA,Janet Leverling,Sales Representative,Speedy Express,210.0
10912,11,21.0,40,0.25,HUNGO,2,1998-02-26,1998-03-26,1998-03-18,580.91,Cork,Ireland,Hungry Owl All-Night Grocers,Patricia McKenna,Cork,Ireland,Queso Cabrales,5,4,1 kg pkg.,0,Dairy Products,Cooperativa de Quesos 'Las Cabras',Spain,Andrew Fuller,Vice President Sales,United Package,630.0
10912,29,123.79,60,0.25,HUNGO,2,1998-02-26,1998-03-26,1998-03-18,580.91,Cork,Ireland,Hungry Owl All-Night Grocers,Patricia McKenna,Cork,Ireland,Thüringer Rostbratwurst,12,6,50 bags x 30 sausgs.,1,Meat/Poultry,Plutzer Lebensmittelgroßmärkte AG,Germany,Andrew Fuller,Vice President Sales,United Package,5570.55
10913,4,22.0,30,0.25,QUEEN,4,1998-02-26,1998-03-26,1998-03-04,33.05,Sao Paulo,Brazil,Queen Cozinha,Lúcia Carvalho,Sao Paulo,Brazil,Chef Anton's Cajun Seasoning,2,2,48 - 6 oz jars,0,Condiments,New Orleans Cajun Delights,USA,Margaret Peacock,Sales Representative,Speedy Express,495.0
10913,33,2.5,40,0.25,QUEEN,4,1998-02-26,1998-03-26,1998-03-04,33.05,Sao Paulo,Brazil,Queen Cozinha,Lúcia Carvalho,Sao Paulo,Brazil,Geitost,15,4,500 g,0,Dairy Products,Norske Meierier,Norway,Margaret Peacock,Sales Representative,Speedy Express,75.0
10913,58,13.25,15,0.0,QUEEN,4,1998-02-26,1998-03-26,1998-03-04,33.05,Sao Paulo,Brazil,Queen Cozinha,Lúcia Carvalho,Sao Paulo,Brazil,Escargots de Bourgogne,27,8,24 pieces,0,Seafood,Escargots Nouveaux,France,Margaret Peacock,Sales Representative,Speedy Express,198.75
10914,71,21.5,25,0.0,QUEEN,6,1998-02-27,1998-03-27,1998-03-02,21.19,Sao Paulo,Brazil,Queen Cozinha,Lúcia Carvalho,Sao Paulo,Brazil,Flotemysost,15,4,10 - 500 g pkgs.,0,Dairy Products,Norske Meierier,Norway,Michael Suyama,Sales Representative,Speedy Express,537.5
10915,17,39.0,10,0.0,TORTU,2,1998-02-27,1998-03-27,1998-03-02,3.51,México D.F.,Mexico,Tortuga Restaurante,Miguel Angel Paolino,México D.F.,Mexico,Alice Mutton,7,6,20 - 1 kg tins,1,Meat/Poultry,Pavlova Ltd.,Australia,Andrew Fuller,Vice President Sales,United Package,390.0
10915,33,2.5,30,0.0,TORTU,2,1998-02-27,1998-03-27,1998-03-02,3.51,México D.F.,Mexico,Tortuga Restaurante,Miguel Angel Paolino,México D.F.,Mexico,Geitost,15,4,500 g,0,Dairy Products,Norske Meierier,Norway,Andrew Fuller,Vice President Sales,United Package,75.0
10915,54,7.45,10,0.0,TORTU,2,1998-02-27,1998-03-27,1998-03-02,3.51,México D.F.,Mexico,Tortuga Restaurante,Miguel Angel Paolino,México D.F.,Mexico,Tourtière,25,6,16 pies,0,Meat/Poultry,Ma Maison,Canada,Andrew Fuller,Vice President Sales,United Package,74.5
10916,16,17.45,6,0.0,RANCH,1,1998-02-27,1998-03-27,1998-03-09,63.77,Buenos Aires,Argentina,Rancho grande,Sergio Gutiérrez,Buenos Aires,Argentina,Pavlova,7,3,32 - 500 g boxes,0,Confections,Pavlova Ltd.,Australia,Nancy Davolio,Sales Representative,United Package,104.7
10916,32,32.0,6,0.0,RANCH,1,1998-02-27,1998-03-27,1998-03-09,63.77,Buenos Aires,Argentina,Rancho grande,Sergio Gutiérrez,Buenos Aires,Argentina,Mascarpone Fabioli,14,4,24 - 200 g pkgs.,0,Dairy Products,Formaggi Fortini s.r.l.,Italy,Nancy Davolio,Sales Representative,United Package,192.0
10916,57,19.5,20,0.0,RANCH,1,1998-02-27,1998-03-27,1998-03-09,63.77,Buenos Aires,Argentina,Rancho grande,Sergio Gutiérrez,Buenos Aires,Argentina,Ravioli Angelo,26,5,24 - 250 g pkgs.,0,Grains/Cereals,Pasta Buttini s.r.l.,Italy,Nancy Davolio,Sales Representative,United Package,390.0
10917,30,25.89,1,0.0,ROMEY,4,1998-03-02,1998-03-30,1998-03-11,8.29,Madrid,Spain,Romero y tomillo,Alejandra Camino,Madrid,Spain,Nord-Ost Matjeshering,13,8,10 - 200 g glasses,0,Seafood,Nord-Ost-Fisch Handelsgesellschaft mbH,Germany,Margaret Peacock,Sales Representative,United Package,25.89
10917,60,34.0,10,0.0,ROMEY,4,1998-03-02,1998-03-30,1998-03-11,8.29,Madrid,Spain,Romero y tomillo,Alejandra Camino,Madrid,Spain,Camembert Pierrot,28,4,15 - 300 g rounds,0,Dairy Products,Gai pâturage,France,Margaret Peacock,Sales Representative,United Package,340.0
10918,1,18.0,60,0.25,BOTTM,3,1998-03-02,1998-03-30,1998-03-11,48.83,Tsawassen,Canada,Bottom-Dollar Markets,Elizabeth Lincoln,Tsawassen,Canada,Chai,1,1,10 boxes x 20 bags,0,Beverages,Exotic Liquids,UK,Janet Leverling,Sales Representative,Federal Shipping,810.0
10918,60,34.0,25,0.25,BOTTM,3,1998-03-02,1998-03-30,1998-03-11,48.83,Tsawassen,Canada,Bottom-Dollar Markets,Elizabeth Lincoln,Tsawassen,Canada,Camembert Pierrot,28,4,15 - 300 g rounds,0,Dairy Products,Gai pâturage,France,Janet Leverling,Sales Representative,Federal Shipping,637.5
10919,16,17.45,24,0.0,LINOD,2,1998-03-02,1998-03-30,1998-03-04,19.8,I. de Margarita,Venezuela,LINO-Delicateses,Felipe Izquierdo,I. de Margarita,Venezuela,Pavlova,7,3,32 - 500 g boxes,0,Confections,Pavlova Ltd.,Australia,Andrew Fuller,Vice President Sales,United Package,418.8
10919,25,14.0,24,0.0,LINOD,2,1998-03-02,1998-03-30,1998-03-04,19.8,I. de Margarita,Venezuela,LINO-Delicateses,Felipe Izquierdo,I. de Margarita,Venezuela,NuNuCa Nuß-Nougat-Creme,11,3,20 - 450 g glasses,0,Confections,Heli Süßwaren GmbH & Co. KG,Germany,Andrew Fuller,Vice President Sales,United Package,336.0
10919,40,18.4,20,0.0,LINOD,2,1998-03-02,1998-03-30,1998-03-04,19.8,I. de Margarita,Venezuela,LINO-Delicateses,Felipe Izquierdo,I. de Margarita,Venezuela,Boston Crab Meat,19,8,24 - 4 oz tins,0,Seafood,New England Seafood Cannery,USA,Andrew Fuller,Vice President Sales,United Package,368.0
10920,50,16.25,24,0.0,AROUT,4,1998-03-03,1998-03-31,1998-03-09,29.61,Colchester,UK,Around the Horn,Thomas Hardy,London,UK,Valkoinen suklaa,23,3,12 - 100 g bars,0,Confections,Karkki Oy,Finland,Margaret Peacock,Sales Representative,United Package,390.0
10921,35,18.0,10,0.0,VAFFE,1,1998-03-03,1998-04-14,1998-03-09,176.48,Århus,Denmark,Vaffeljernet,Palle Ibsen,Århus,Denmark,Steeleye Stout,16,1,24 - 12 oz bottles,0,Beverages,Bigfoot Breweries,USA,Nancy Davolio,Sales Representative,Speedy Express,180.0
10921,63,43.9,40,0.0,VAFFE,1,1998-03-03,1998-04-14,1998-03-09,176.48,Århus,Denmark,Vaffeljernet,Palle Ibsen,Århus,Denmark,Vegie-spread,7,2,15 - 625 g jars,0,Condiments,Pavlova Ltd.,Australia,Nancy Davolio,Sales Representative,Speedy Express,1756.0
10922,17,39.0,15,0.0,HANAR,5,1998-03-03,1998-03-31,1998-03-05,62.74,Rio de Janeiro,Brazil,Hanari Carnes,Mario Pontes,Rio de Janeiro,Brazil,Alice Mutton,7,6,20 - 1 kg tins,1,Meat/Poultry,Pavlova Ltd.,Australia,Steven Buchanan,Sales Manager,Federal Shipping,585.0
10922,24,4.5,35,0.0,HANAR,5,1998-03-03,1998-03-31,1998-03-05,62.74,Rio de Janeiro,Brazil,Hanari Carnes,Mario Pontes,Rio de Janeiro,Brazil,Guaraná Fantástica,10,1,12 - 355 ml cans,1,Beverages,Refrescos Americanas LTDA,Brazil,Steven Buchanan,Sales Manager,Federal Shipping,157.5
10923,42,14.0,10,0.2,LAMAI,7,1998-03-03,1998-04-14,1998-03-13,68.26,Toulouse,France,La maison d'Asie,Annette Roulet,Toulouse,France,Singaporean Hokkien Fried Mee,20,5,32 - 1 kg pkgs.,1,Grains/Cereals,Leka Trading,Singapore,Robert King,Sales Representative,Federal Shipping,112.0
10923,43,46.0,10,0.2,LAMAI,7,1998-03-03,1998-04-14,1998-03-13,68.26,Toulouse,France,La maison d'Asie,Annette Roulet,Toulouse,France,Ipoh Coffee,20,1,16 - 500 g tins,0,Beverages,Leka Trading,Singapore,Robert King,Sales Representative,Federal Shipping,368.0
10923,67,14.0,24,0.2,LAMAI,7,1998-03-03,1998-04-14,1998-03-13,68.26,Toulouse,France,La maison d'Asie,Annette Roulet,Toulouse,France,Laughing Lumberjack Lager,16,1,24 - 12 oz bottles,0,Beverages,Bigfoot Breweries,USA,Robert King,Sales Representative,Federal Shipping,268.8
10924,10,31.0,20,0.1,BERGS,3,1998-03-04,1998-04-01,1998-04-08,151.52,Luleå,Sweden,Berglunds snabbköp,Christina Berglund,Luleå,Sweden,Ikura,4,8,12 - 200 ml jars,0,Seafood,Tokyo Traders,Japan,Janet Leverling,Sales Representative,United Package,558.0
10924,28,45.6,30,0.1,BERGS,3,1998-03-04,1998-04-01,1998-04-08,151.52,Luleå,Sweden,Berglunds snabbköp,Christina Berglund,Luleå,Sweden,Rössle Sauerkraut,12,7,25 - 825 g cans,1,Produce,Plutzer Lebensmittelgroßmärkte AG,Germany,Janet Leverling,Sales Representative,United Package,1231.2
10924,75,7.75,6,0.0,BERGS,3,1998-03-04,1998-04-01,1998-04-08,151.52,Luleå,Sweden,Berglunds snabbköp,Christina Berglund,Luleå,Sweden,Rhönbräu Klosterbier,12,1,24 - 0.5 l bottles,0,Beverages,Plutzer Lebensmittelgroßmärkte AG,Germany,Janet Leverling,Sales Representative,United Package,46.5
10925,36,19.0,25,0.15,HANAR,3,1998-03-04,1998-04-01,1998-03-13,2.27,Rio de Janeiro,Brazil,Hanari Carnes,Mario Pontes,Rio de Janeiro,Brazil,Inlagd Sill,17,8,24 - 250 g  jars,0,Seafood,Svensk Sjöföda AB,Sweden,Janet Leverling,Sales Representative,Speedy Express,403.75
10925,52,7.0,12,0.15,HANAR,3,1998-03-04,1998-04-01,1998-03-13,2.27,Rio de Janeiro,Brazil,Hanari Carnes,Mario Pontes,Rio de Janeiro,Brazil,Filo Mix,24,5,16 - 2 kg boxes,0,Grains/Cereals,G'day Mate,Australia,Janet Leverling,Sales Representative,Speedy Express,71.4
10926,11,21.0,2,0.0,ANATR,4,1998-03-04,1998-04-01,1998-03-11,39.92,México D.F.,Mexico,Ana Trujillo Emparedados y helados,Ana Trujillo,México D.F.,Mexico,Queso Cabrales,5,4,1 kg pkg.,0,Dairy Products,Cooperativa de Quesos 'Las Cabras',Spain,Margaret Peacock,Sales Representative,Federal Shipping,42.0
10926,13,6.0,10,0.0,ANATR,4,1998-03-04,1998-04-01,1998-03-11,39.92,México D.F.,Mexico,Ana Trujillo Emparedados y helados,Ana Trujillo,México D.F.,Mexico,Konbu,6,8,2 kg box,0,Seafood,Mayumi's,Japan,Margaret Peacock,Sales Representative,Federal Shipping,60.0
10926,19,9.2,7,0.0,ANATR,4,1998-03-04,1998-04-01,1998-03-11,39.92,México D.F.,Mexico,Ana Trujillo Emparedados y helados,Ana Trujillo,México D.F.,Mexico,Teatime Chocolate Biscuits,8,3,10 boxes x 12 pieces,0,Confections,Specialty Biscuits Ltd.,UK,Margaret Peacock,Sales Representative,Federal Shipping,64.4
10926,72,34.8,10,0.0,ANATR,4,1998-03-04,1998-04-01,1998-03-11,39.92,México D.F.,Mexico,Ana Trujillo Emparedados y helados,Ana Trujillo,México D.F.,Mexico,Mozzarella di Giovanni,14,4,24 - 200 g pkgs.,0,Dairy Products,Formaggi Fortini s.r.l.,Italy,Margaret Peacock,Sales Representative,Federal Shipping,348.0
10927,20,81.0,5,0.0,LACOR,4,1998-03-05,1998-04-02,1998-04-08,19.79,Versailles,France,La corne d'abondance,Daniel Tonini,Versailles,France,Sir Rodney's Marmalade,8,3,30 gift boxes,0,Confections,Specialty Biscuits Ltd.,UK,Margaret Peacock,Sales Representative,Speedy Express,405.0
10927,52,7.0,5,0.0,LACOR,4,1998-03-05,1998-04-02,1998-04-08,19.79,Versailles,France,La corne d'abondance,Daniel Tonini,Versailles,France,Filo Mix,24,5,16 - 2 kg boxes,0,Grains/Cereals,G'day Mate,Australia,Margaret Peacock,Sales Representative,Speedy Express,35.0
10927,76,18.0,20,0.0,LACOR,4,1998-03-05,1998-04-02,1998-04-08,19.79,Versailles,France,La corne d'abondance,Daniel Tonini,Versailles,France,Lakkalikööri,23,1,500 ml,0,Beverages,Karkki Oy,Finland,Margaret Peacock,Sales Representative,Speedy Express,360.0
10928,47,9.5,5,0.0,GALED,1,1998-03-05,1998-04-02,1998-03-18,1.36,Barcelona,Spain,Galería del gastrónomo,Eduardo Saavedra,Barcelona,Spain,Zaanse koeken,22,3,10 - 4 oz boxes,0,Confections,Zaanse Snoepfabriek,Netherlands,Nancy Davolio,Sales Representative,Speedy Express,47.5
10928,76,18.0,5,0.0,GALED,1,1998-03-05,1998-04-02,1998-03-18,1.36,Barcelona,Spain,Galería del gastrónomo,Eduardo Saavedra,Barcelona,Spain,Lakkalikööri,23,1,500 ml,0,Beverages,Karkki Oy,Finland,Nancy Davolio,Sales Representative,Speedy Express,90.0
10929,21,10.0,60,0.0,FRANK,6,1998-03-05,1998-04-02,1998-03-12,33.93,München,Germany,Frankenversand,Peter Franken,München,Germany,Sir Rodney's Scones,8,3,24 pkgs. x 4 pieces,0,Confections,Specialty Biscuits Ltd.,UK,Michael Suyama,Sales Representative,Speedy Express,600.0
10929,75,7.75,49,0.0,FRANK,6,1998-03-05,1998-04-02,1998-03-12,33.93,München,Germany,Frankenversand,Peter Franken,München,Germany,Rhönbräu Klosterbier,12,1,24 - 0.5 l bottles,0,Beverages,Plutzer Lebensmittelgroßmärkte AG,Germany,Michael Suyama,Sales Representative,Speedy Express,379.75
10929,77,13.0,15,0.0,FRANK,6,1998-03-05,1998-04-02,1998-03-12,33.93,München,Germany,Frankenversand,Peter Franken,München,Germany,Original Frankfurter grüne Soße,12,2,12 boxes,0,Condiments,Plutzer Lebensmittelgroßmärkte AG,Germany,Michael Suyama,Sales Representative,Speedy Express,195.0
10930,21,10.0,36,0.0,SUPRD,4,1998-03-06,1998-04-17,1998-03-18,15.55,Charleroi,Belgium,Suprêmes délices,Pascale Cartrain,Charleroi,Belgium,Sir Rodney's Scones,8,3,24 pkgs. x 4 pieces,0,Confections,Specialty Biscuits Ltd.,UK,Margaret Peacock,Sales Representative,Federal Shipping,360.0
10930,27,43.9,25,0.0,SUPRD,4,1998-03-06,1998-04-17,1998-03-18,15.55,Charleroi,Belgium,Suprêmes délices,Pascale Cartrain,Charleroi,Belgium,Schoggi Schokolade,11,3,100 - 100 g pieces,0,Confections,Heli Süßwaren GmbH & Co. KG,Germany,Margaret Peacock,Sales Representative,Federal Shipping,1097.5
10930,55,24.0,25,0.2,SUPRD,4,1998-03-06,1998-04-17,1998-03-18,15.55,Charleroi,Belgium,Suprêmes délices,Pascale Cartrain,Charleroi,Belgium,Pâté chinois,25,6,24 boxes x 2 pies,0,Meat/Poultry,Ma Maison,Canada,Margaret Peacock,Sales Representative,Federal Shipping,480.0
10930,58,13.25,30,0.2,SUPRD,4,1998-03-06,1998-04-17,1998-03-18,15.55,Charleroi,Belgium,Suprêmes délices,Pascale Cartrain,Charleroi,Belgium,Escargots de Bourgogne,27,8,24 pieces,0,Seafood,Escargots Nouveaux,France,Margaret Peacock,Sales Representative,Federal Shipping,318.0
10931,13,6.0,42,0.15,RICSU,4,1998-03-06,1998-03-20,1998-03-19,13.6,Genève,Switzerland,Richter Supermarkt,Michael Holz,Genève,Switzerland,Konbu,6,8,2 kg box,0,Seafood,Mayumi's,Japan,Margaret Peacock,Sales Representative,United Package,214.2
10931,57,19.5,30,0.0,RICSU,4,1998-03-06,1998-03-20,1998-03-19,13.6,Genève,Switzerland,Richter Supermarkt,Michael Holz,Genève,Switzerland,Ravioli Angelo,26,5,24 - 250 g pkgs.,0,Grains/Cereals,Pasta Buttini s.r.l.,Italy,Margaret Peacock,Sales Representative,United Package,585.0
10932,16,17.45,30,0.1,BONAP,8,1998-03-06,1998-04-03,1998-03-24,134.64,Marseille,France,Bon app',Laurence Lebihan,Marseille,France,Pavlova,7,3,32 - 500 g boxes,0,Confections,Pavlova Ltd.,Australia,Laura Callahan,Inside Sales Coordinator,Speedy Express,471.15
10932,62,49.3,14,0.1,BONAP,8,1998-03-06,1998-04-03,1998-03-24,134.64,Marseille,France,Bon app',Laurence Lebihan,Marseille,France,Tarte au sucre,29,3,48 pies,0,Confections,Forêts d'érables,Canada,Laura Callahan,Inside Sales Coordinator,Speedy Express,621.18
10932,72,34.8,16,0.0,BONAP,8,1998-03-06,1998-04-03,1998-03-24,134.64,Marseille,France,Bon app',Laurence Lebihan,Marseille,France,Mozzarella di Giovanni,14,4,24 - 200 g pkgs.,0,Dairy Products,Formaggi Fortini s.r.l.,Italy,Laura Callahan,Inside Sales Coordinator,Speedy Express,556.8
10932,75,7.75,20,0.1,BONAP,8,1998-03-06,1998-04-03,1998-03-24,134.64,Marseille,France,Bon app',Laurence Lebihan,Marseille,France,Rhönbräu Klosterbier,12,1,24 - 0.5 l bottles,0,Beverages,Plutzer Lebensmittelgroßmärkte AG,Germany,Laura Callahan,Inside Sales Coordinator,Speedy Express,139.5
10933,53,32.8,2,0.0,ISLAT,6,1998-03-06,1998-04-03,1998-03-16,54.15,Cowes,UK,Island Trading,Helen Bennett,Cowes,UK,Perth Pasties,24,6,48 pieces,1,Meat/Poultry,G'day Mate,Australia,Michael Suyama,Sales Representative,Federal Shipping,65.6
10933,61,28.5,30,0.0,ISLAT,6,1998-03-06,1998-04-03,1998-03-16,54.15,Cowes,UK,Island Trading,Helen Bennett,Cowes,UK,Sirop d'érable,29,2,24 - 500 ml bottles,0,Condiments,Forêts d'érables,Canada,Michael Suyama,Sales Representative,Federal Shipping,855.0
10934,6,25.0,20,0.0,LEHMS,3,1998-03-09,1998-04-06,1998-03-12,32.01,Frankfurt a.M.,Germany,Lehmanns Marktstand,Renate Messner,Frankfurt a.M.,Germany,Grandma's Boysenberry Spread,3,2,12 - 8 oz jars,0,Condiments,Grandma Kelly's Homestead,USA,Janet Leverling,Sales Representative,Federal Shipping,500.0
10935,1,18.0,21,0.0,WELLI,4,1998-03-09,1998-04-06,1998-03-18,47.59,Resende,Brazil,Wellington Importadora,Paula Parente,Resende,Brazil,Chai,1,1,10 boxes x 20 bags,0,Beverages,Exotic Liquids,UK,Margaret Peacock,Sales Representative,Federal Shipping,378.0
10935,18,62.5,4,0.25,WELLI,4,1998-03-09,1998-04-06,1998-03-18,47.59,Resende,Brazil,Wellington Importadora,Paula Parente,Resende,Brazil,Carnarvon Tigers,7,8,16 kg pkg.,0,Seafood,Pavlova Ltd.,Australia,Margaret Peacock,Sales Representative,Federal Shipping,187.5
10935,23,9.0,8,0.25,WELLI,4,1998-03-09,1998-04-06,1998-03-18,47.59,Resende,Brazil,Wellington Importadora,Paula Parente,Resende,Brazil,Tunnbröd,9,5,12 - 250 g pkgs.,0,Grains/Cereals,PB Knäckebröd AB,Sweden,Margaret Peacock,Sales Representative,Federal Shipping,54.0
10936,36,19.0,30,0.2,GREAL,3,1998-03-09,1998-04-06,1998-03-18,33.68,Eugene,USA,Great Lakes Food Market,Howard Snyder,Eugene,USA,Inlagd Sill,17,8,24 - 250 g  jars,0,Seafood,Svensk Sjöföda AB,Sweden,Janet Leverling,Sales Representative,United Package,456.0
10937,28,45.6,8,0.0,CACTU,7,1998-03-10,1998-03-24,1998-03-13,31.51,Buenos Aires,Argentina,Cactus Comidas para llevar,Patricio Simpson,Buenos Aires,Argentina,Rössle Sauerkraut,12,7,25 - 825 g cans,1,Produce,Plutzer Lebensmittelgroßmärkte AG,Germany,Robert King,Sales Representative,Federal Shipping,364.8
10937,34,14.0,20,0.0,CACTU,7,1998-03-10,1998-03-24,1998-03-13,31.51,Buenos Aires,Argentina,Cactus Comidas para llevar,Patricio Simpson,Buenos Aires,Argentina,Sasquatch Ale,16,1,24 - 12 oz bottles,0,Beverages,Bigfoot Breweries,USA,Robert King,Sales Representative,Federal Shipping,280.0
10938,13,6.0,20,0.25,QUICK,3,1998-03-10,1998-04-07,1998-03-16,31.89,Cunewalde,Germany,QUICK-Stop,Horst Kloss,Cunewalde,Germany,Konbu,6,8,2 kg box,0,Seafood,Mayumi's,Japan,Janet Leverling,Sales Representative,United Package,90.0
10938,43,46.0,24,0.25,QUICK,3,1998-03-10,1998-04-07,1998-03-16,31.89,Cunewalde,Germany,QUICK-Stop,Horst Kloss,Cunewalde,Germany,Ipoh Coffee,20,1,16 - 500 g tins,0,Beverages,Leka Trading,Singapore,Janet Leverling,Sales Representative,United Package,828.0
10938,60,34.0,49,0.25,QUICK,3,1998-03-10,1998-04-07,1998-03-16,31.89,Cunewalde,Germany,QUICK-Stop,Horst Kloss,Cunewalde,Germany,Camembert Pierrot,28,4,15 - 300 g rounds,0,Dairy Products,Gai pâturage,France,Janet Leverling,Sales Representative,United Package,1249.5
10938,71,21.5,35,0.25,QUICK,3,1998-03-10,1998-04-07,1998-03-16,31.89,Cunewalde,Germany,QUICK-Stop,Horst Kloss,Cunewalde,Germany,Flotemysost,15,4,10 - 500 g pkgs.,0,Dairy Products,Norske Meierier,Norway,Janet Leverling,Sales Representative,United Package,564.38
10939,2,19.0,10,0.15,MAGAA,2,1998-03-10,1998-04-07,1998-03-13,76.33,Bergamo,Italy,Magazzini Alimentari Riuniti,Giovanni Rovelli,Bergamo,Italy,Chang,1,1,24 - 12 oz bottles,0,Beverages,Exotic Liquids,UK,Andrew Fuller,Vice President Sales,United Package,161.5
10939,67,14.0,40,0.15,MAGAA,2,1998-03-10,1998-04-07,1998-03-13,76.33,Bergamo,Italy,Magazzini Alimentari Riuniti,Giovanni Rovelli,Bergamo,Italy,Laughing Lumberjack Lager,16,1,24 - 12 oz bottles,0,Beverages,Bigfoot Breweries,USA,Andrew Fuller,Vice President Sales,United Package,476.0
10940,7,30.0,8,0.0,BONAP,8,1998-03-11,1998-04-08,1998-03-23,19.77,Marseille,France,Bon app',Laurence Lebihan,Marseille,France,Uncle Bob's Organic Dried Pears,3,7,12 - 1 lb pkgs.,0,Produce,Grandma Kelly's Homestead,USA,Laura Callahan,Inside Sales Coordinator,Federal Shipping,240.0
10940,13,6.0,20,0.0,BONAP,8,1998-03-11,1998-04-08,1998-03-23,19.77,Marseille,France,Bon app',Laurence Lebihan,Marseille,France,Konbu,6,8,2 kg box,0,Seafood,Mayumi's,Japan,Laura Callahan,Inside Sales Coordinator,Federal Shipping,120.0
10941,31,12.5,44,0.25,SAVEA,7,1998-03-11,1998-04-08,1998-03-20,400.81,Boise,USA,Save-a-lot Markets,Jose Pavarotti,Boise,USA,Gorgonzola Telino,14,4,12 - 100 g pkgs,0,Dairy Products,Formaggi Fortini s.r.l.,Italy,Robert King,Sales Representative,United Package,412.5
10941,62,49.3,30,0.25,SAVEA,7,1998-03-11,1998-04-08,1998-03-20,400.81,Boise,USA,Save-a-lot Markets,Jose Pavarotti,Boise,USA,Tarte au sucre,29,3,48 pies,0,Confections,Forêts d'érables,Canada,Robert King,Sales Representative,United Package,1109.25
10941,68,12.5,80,0.25,SAVEA,7,1998-03-11,1998-04-08,1998-03-20,400.81,Boise,USA,Save-a-lot Markets,Jose Pavarotti,Boise,USA,Scottish Longbreads,8,3,10 boxes x 8 pieces,0,Confections,Specialty Biscuits Ltd.,UK,Robert King,Sales Representative,United Package,750.0
10941,72,34.8,50,0.0,SAVEA,7,1998-03-11,1998-04-08,1998-03-20,400.81,Boise,USA,Save-a-lot Markets,Jose Pavarotti,Boise,USA,Mozzarella di Giovanni,14,4,24 - 200 g pkgs.,0,Dairy Products,Formaggi Fortini s.r.l.,Italy,Robert King,Sales Representative,United Package,1740.0
10942,49,20.0,28,0.0,REGGC,9,1998-03-11,1998-04-08,1998-03-18,17.95,Reggio Emilia,Italy,Reggiani Caseifici,Maurizio Moroni,Reggio Emilia,Italy,Maxilaku,23,3,24 - 50 g pkgs.,0,Confections,Karkki Oy,Finland,Anne Dodsworth,Sales Representative,Federal Shipping,560.0
10943,13,6.0,15,0.0,BSBEV,4,1998-03-11,1998-04-08,1998-03-19,2.17,London,UK,B's Beverages,Victoria Ashworth,London,UK,Konbu,6,8,2 kg box,0,Seafood,Mayumi's,Japan,Margaret Peacock,Sales Representative,United Package,90.0
10943,22,21.0,21,0.0,BSBEV,4,1998-03-11,1998-04-08,1998-03-19,2.17,London,UK,B's Beverages,Victoria Ashworth,London,UK,Gustaf's Knäckebröd,9,5,24 - 500 g pkgs.,0,Grains/Cereals,PB Knäckebröd AB,Sweden,Margaret Peacock,Sales Representative,United Package,441.0
10943,46,12.0,15,0.0,BSBEV,4,1998-03-11,1998-04-08,1998-03-19,2.17,London,UK,B's Beverages,Victoria Ashworth,London,UK,Spegesild,21,8,4 - 450 g glasses,0,Seafood,Lyngbysild,Denmark,Margaret Peacock,Sales Representative,United Package,180.0
10944,11,21.0,5,0.25,BOTTM,6,1998-03-12,1998-03-26,1998-03-13,52.92,Tsawassen,Canada,Bottom-Dollar Markets,Elizabeth Lincoln,Tsawassen,Canada,Queso Cabrales,5,4,1 kg pkg.,0,Dairy Products,Cooperativa de Quesos 'Las Cabras',Spain,Michael Suyama,Sales Representative,Federal Shipping,78.75
10944,44,19.45,18,0.25,BOTTM,6,1998-03-12,1998-03-26,1998-03-13,52.92,Tsawassen,Canada,Bottom-Dollar Markets,Elizabeth Lincoln,Tsawassen,Canada,Gula Malacca,20,2,20 - 2 kg bags,0,Condiments,Leka Trading,Singapore,Michael Suyama,Sales Representative,Federal Shipping,262.58
10944,56,38.0,18,0.0,BOTTM,6,1998-03-12,1998-03-26,1998-03-13,52.92,Tsawassen,Canada,Bottom-Dollar Markets,Elizabeth Lincoln,Tsawassen,Canada,Gnocchi di nonna Alice,26,5,24 - 250 g pkgs.,0,Grains/Cereals,Pasta Buttini s.r.l.,Italy,Michael Suyama,Sales Representative,Federal Shipping,684.0
10945,13,6.0,20,0.0,MORGK,4,1998-03-12,1998-04-09,1998-03-18,10.22,Leipzig,Germany,Morgenstern Gesundkost,Alexander Feuer,Leipzig,Germany,Konbu,6,8,2 kg box,0,Seafood,Mayumi's,Japan,Margaret Peacock,Sales Representative,Speedy Express,120.0
10945,31,12.5,10,0.0,MORGK,4,1998-03-12,1998-04-09,1998-03-18,10.22,Leipzig,Germany,Morgenstern Gesundkost,Alexander Feuer,Leipzig,Germany,Gorgonzola Telino,14,4,12 - 100 g pkgs,0,Dairy Products,Formaggi Fortini s.r.l.,Italy,Margaret Peacock,Sales Representative,Speedy Express,125.0
10946,10,31.0,25,0.0,VAFFE,1,1998-03-12,1998-04-09,1998-03-19,27.2,Århus,Denmark,Vaffeljernet,Palle Ibsen,Århus,Denmark,Ikura,4,8,12 - 200 ml jars,0,Seafood,Tokyo Traders,Japan,Nancy Davolio,Sales Representative,United Package,775.0
10946,24,4.5,25,0.0,VAFFE,1,1998-03-12,1998-04-09,1998-03-19,27.2,Århus,Denmark,Vaffeljernet,Palle Ibsen,Århus,Denmark,Guaraná Fantástica,10,1,12 - 355 ml cans,1,Beverages,Refrescos Americanas LTDA,Brazil,Nancy Davolio,Sales Representative,United Package,112.5
10946,77,13.0,40,0.0,VAFFE,1,1998-03-12,1998-04-09,1998-03-19,27.2,Århus,Denmark,Vaffeljernet,Palle Ibsen,Århus,Denmark,Original Frankfurter grüne Soße,12,2,12 boxes,0,Condiments,Plutzer Lebensmittelgroßmärkte AG,Germany,Nancy Davolio,Sales Representative,United Package,520.0
10947,59,55.0,4,0.0,BSBEV,3,1998-03-13,1998-04-10,1998-03-16,3.26,London,UK,B's Beverages,Victoria Ashworth,London,UK,Raclette Courdavault,28,4,5 kg pkg.,0,Dairy Products,Gai pâturage,France,Janet Leverling,Sales Representative,United Package,220.0
10948,50,16.25,9,0.0,GODOS,3,1998-03-13,1998-04-10,1998-03-19,23.39,Sevilla,Spain,Godos Cocina Típica,José Pedro Freyre,Sevilla,Spain,Valkoinen suklaa,23,3,12 - 100 g bars,0,Confections,Karkki Oy,Finland,Janet Leverling,Sales Representative,Federal Shipping,146.25
10948,51,53.0,40,0.0,GODOS,3,1998-03-13,1998-04-10,1998-03-19,23.39,Sevilla,Spain,Godos Cocina Típica,José Pedro Freyre,Sevilla,Spain,Manjimup Dried Apples,24,7,50 - 300 g pkgs.,0,Produce,G'day Mate,Australia,Janet Leverling,Sales Representative,Federal Shipping,2120.0
10948,55,24.0,4,0.0,GODOS,3,1998-03-13,1998-04-10,1998-03-19,23.39,Sevilla,Spain,Godos Cocina Típica,José Pedro Freyre,Sevilla,Spain,Pâté chinois,25,6,24 boxes x 2 pies,0,Meat/Poultry,Ma Maison,Canada,Janet Leverling,Sales Representative,Federal Shipping,96.0
10949,6,25.0,12,0.0,BOTTM,2,1998-03-13,1998-04-10,1998-03-17,74.44,Tsawassen,Canada,Bottom-Dollar Markets,Elizabeth Lincoln,Tsawassen,Canada,Grandma's Boysenberry Spread,3,2,12 - 8 oz jars,0,Condiments,Grandma Kelly's Homestead,USA,Andrew Fuller,Vice President Sales,Federal Shipping,300.0
10949,10,31.0,30,0.0,BOTTM,2,1998-03-13,1998-04-10,1998-03-17,74.44,Tsawassen,Canada,Bottom-Dollar Markets,Elizabeth Lincoln,Tsawassen,Canada,Ikura,4,8,12 - 200 ml jars,0,Seafood,Tokyo Traders,Japan,Andrew Fuller,Vice President Sales,Federal Shipping,930.0
10949,17,39.0,6,0.0,BOTTM,2,1998-03-13,1998-04-10,1998-03-17,74.44,Tsawassen,Canada,Bottom-Dollar Markets,Elizabeth Lincoln,Tsawassen,Canada,Alice Mutton,7,6,20 - 1 kg tins,1,Meat/Poultry,Pavlova Ltd.,Australia,Andrew Fuller,Vice President Sales,Federal Shipping,234.0
10949,62,49.3,60,0.0,BOTTM,2,1998-03-13,1998-04-10,1998-03-17,74.44,Tsawassen,Canada,Bottom-Dollar Markets,Elizabeth Lincoln,Tsawassen,Canada,Tarte au sucre,29,3,48 pies,0,Confections,Forêts d'érables,Canada,Andrew Fuller,Vice President Sales,Federal Shipping,2958.0
10950,4,22.0,5,0.0,MAGAA,1,1998-03-16,1998-04-13,1998-03-23,2.5,Bergamo,Italy,Magazzini Alimentari Riuniti,Giovanni Rovelli,Bergamo,Italy,Chef Anton's Cajun Seasoning,2,2,48 - 6 oz jars,0,Condiments,New Orleans Cajun Delights,USA,Nancy Davolio,Sales Representative,United Package,110.0
10951,33,2.5,15,0.05,RICSU,9,1998-03-16,1998-04-27,1998-04-07,30.85,Genève,Switzerland,Richter Supermarkt,Michael Holz,Genève,Switzerland,Geitost,15,4,500 g,0,Dairy Products,Norske Meierier,Norway,Anne Dodsworth,Sales Representative,United Package,35.62
10951,41,9.65,6,0.05,RICSU,9,1998-03-16,1998-04-27,1998-04-07,30.85,Genève,Switzerland,Richter Supermarkt,Michael Holz,Genève,Switzerland,Jack's New England Clam Chowder,19,8,12 - 12 oz cans,0,Seafood,New England Seafood Cannery,USA,Anne Dodsworth,Sales Representative,United Package,55.0
10951,75,7.75,50,0.05,RICSU,9,1998-03-16,1998-04-27,1998-04-07,30.85,Genève,Switzerland,Richter Supermarkt,Michael Holz,Genève,Switzerland,Rhönbräu Klosterbier,12,1,24 - 0.5 l bottles,0,Beverages,Plutzer Lebensmittelgroßmärkte AG,Germany,Anne Dodsworth,Sales Representative,United Package,368.12
10952,6,25.0,16,0.05,ALFKI,1,1998-03-16,1998-04-27,1998-03-24,40.42,Berlin,Germany,Alfreds Futterkiste,Maria Anders,Berlin,Germany,Grandma's Boysenberry Spread,3,2,12 - 8 oz jars,0,Condiments,Grandma Kelly's Homestead,USA,Nancy Davolio,Sales Representative,Speedy Express,380.0
10952,28,45.6,2,0.0,ALFKI,1,1998-03-16,1998-04-27,1998-03-24,40.42,Berlin,Germany,Alfreds Futterkiste,Maria Anders,Berlin,Germany,Rössle Sauerkraut,12,7,25 - 825 g cans,1,Produce,Plutzer Lebensmittelgroßmärkte AG,Germany,Nancy Davolio,Sales Representative,Speedy Express,91.2
10953,20,81.0,50,0.05,AROUT,9,1998-03-16,1998-03-30,1998-03-25,23.72,Colchester,UK,Around the Horn,Thomas Hardy,London,UK,Sir Rodney's Marmalade,8,3,30 gift boxes,0,Confections,Specialty Biscuits Ltd.,UK,Anne Dodsworth,Sales Representative,United Package,3847.5
10953,31,12.5,50,0.05,AROUT,9,1998-03-16,1998-03-30,1998-03-25,23.72,Colchester,UK,Around the Horn,Thomas Hardy,London,UK,Gorgonzola Telino,14,4,12 - 100 g pkgs,0,Dairy Products,Formaggi Fortini s.r.l.,Italy,Anne Dodsworth,Sales Representative,United Package,593.75
10954,16,17.45,28,0.15,LINOD,5,1998-03-17,1998-04-28,1998-03-20,27.91,I. de Margarita,Venezuela,LINO-Delicateses,Felipe Izquierdo,I. de Margarita,Venezuela,Pavlova,7,3,32 - 500 g boxes,0,Confections,Pavlova Ltd.,Australia,Steven Buchanan,Sales Manager,Speedy Express,415.31
10954,31,12.5,25,0.15,LINOD,5,1998-03-17,1998-04-28,1998-03-20,27.91,I. de Margarita,Venezuela,LINO-Delicateses,Felipe Izquierdo,I. de Margarita,Venezuela,Gorgonzola Telino,14,4,12 - 100 g pkgs,0,Dairy Products,Formaggi Fortini s.r.l.,Italy,Steven Buchanan,Sales Manager,Speedy Express,265.62
10954,45,9.5,30,0.0,LINOD,5,1998-03-17,1998-04-28,1998-03-20,27.91,I. de Margarita,Venezuela,LINO-Delicateses,Felipe Izquierdo,I. de Margarita,Venezuela,Rogede sild,21,8,1k pkg.,0,Seafood,Lyngbysild,Denmark,Steven Buchanan,Sales Manager,Speedy Express,285.0
10954,60,34.0,24,0.15,LINOD,5,1998-03-17,1998-04-28,1998-03-20,27.91,I. de Margarita,Venezuela,LINO-Delicateses,Felipe Izquierdo,I. de Margarita,Venezuela,Camembert Pierrot,28,4,15 - 300 g rounds,0,Dairy Products,Gai pâturage,France,Steven Buchanan,Sales Manager,Speedy Express,693.6
10955,75,7.75,12,0.2,FOLKO,8,1998-03-17,1998-04-14,1998-03-20,3.26,Bräcke,Sweden,Folk och fä HB,Maria Larsson,Bräcke,Sweden,Rhönbräu Klosterbier,12,1,24 - 0.5 l bottles,0,Beverages,Plutzer Lebensmittelgroßmärkte AG,Germany,Laura Callahan,Inside Sales Coordinator,United Package,74.4
10956,21,10.0,12,0.0,BLAUS,6,1998-03-17,1998-04-28,1998-03-20,44.65,Mannheim,Germany,Blauer See Delikatessen,Hanna Moos,Mannheim,Germany,Sir Rodney's Scones,8,3,24 pkgs. x 4 pieces,0,Confections,Specialty Biscuits Ltd.,UK,Michael Suyama,Sales Representative,United Package,120.0
10956,47,9.5,14,0.0,BLAUS,6,1998-03-17,1998-04-28,1998-03-20,44.65,Mannheim,Germany,Blauer See Delikatessen,Hanna Moos,Mannheim,Germany,Zaanse koeken,22,3,10 - 4 oz boxes,0,Confections,Zaanse Snoepfabriek,Netherlands,Michael Suyama,Sales Representative,United Package,133.0
10956,51,53.0,8,0.0,BLAUS,6,1998-03-17,1998-04-28,1998-03-20,44.65,Mannheim,Germany,Blauer See Delikatessen,Hanna Moos,Mannheim,Germany,Manjimup Dried Apples,24,7,50 - 300 g pkgs.,0,Produce,G'day Mate,Australia,Michael Suyama,Sales Representative,United Package,424.0
10957,30,25.89,30,0.0,HILAA,8,1998-03-18,1998-04-15,1998-03-27,105.36,San Cristóbal,Venezuela,HILARION-Abastos,Carlos Hernández,San Cristóbal,Venezuela,Nord-Ost Matjeshering,13,8,10 - 200 g glasses,0,Seafood,Nord-Ost-Fisch Handelsgesellschaft mbH,Germany,Laura Callahan,Inside Sales Coordinator,Federal Shipping,776.7
10957,35,18.0,40,0.0,HILAA,8,1998-03-18,1998-04-15,1998-03-27,105.36,San Cristóbal,Venezuela,HILARION-Abastos,Carlos Hernández,San Cristóbal,Venezuela,Steeleye Stout,16,1,24 - 12 oz bottles,0,Beverages,Bigfoot Breweries,USA,Laura Callahan,Inside Sales Coordinator,Federal Shipping,720.0
10957,64,33.25,8,0.0,HILAA,8,1998-03-18,1998-04-15,1998-03-27,105.36,San Cristóbal,Venezuela,HILARION-Abastos,Carlos Hernández,San Cristóbal,Venezuela,Wimmers gute Semmelknödel,12,5,20 bags x 4 pieces,0,Grains/Cereals,Plutzer Lebensmittelgroßmärkte AG,Germany,Laura Callahan,Inside Sales Coordinator,Federal Shipping,266.0
10958,5,21.35,20,0.0,OCEAN,7,1998-03-18,1998-04-15,1998-03-27,49.56,Buenos Aires,Argentina,Océano Atlántico Ltda.,Yvonne Moncada,Buenos Aires,Argentina,Chef Anton's Gumbo Mix,2,2,36 boxes,1,Condiments,New Orleans Cajun Delights,USA,Robert King,Sales Representative,United Package,427.0
10958,7,30.0,6,0.0,OCEAN,7,1998-03-18,1998-04-15,1998-03-27,49.56,Buenos Aires,Argentina,Océano Atlántico Ltda.,Yvonne Moncada,Buenos Aires,Argentina,Uncle Bob's Organic Dried Pears,3,7,12 - 1 lb pkgs.,0,Produce,Grandma Kelly's Homestead,USA,Robert King,Sales Representative,United Package,180.0
10958,72,34.8,5,0.0,OCEAN,7,1998-03-18,1998-04-15,1998-03-27,49.56,Buenos Aires,Argentina,Océano Atlántico Ltda.,Yvonne Moncada,Buenos Aires,Argentina,Mozzarella di Giovanni,14,4,24 - 200 g pkgs.,0,Dairy Products,Formaggi Fortini s.r.l.,Italy,Robert King,Sales Representative,United Package,174.0
10959,75,7.75,20,0.15,GOURL,6,1998-03-18,1998-04-29,1998-03-23,4.98,Campinas,Brazil,Gourmet Lanchonetes,André Fonseca,Campinas,Brazil,Rhönbräu Klosterbier,12,1,24 - 0.5 l bottles,0,Beverages,Plutzer Lebensmittelgroßmärkte AG,Germany,Michael Suyama,Sales Representative,United Package,131.75
10960,24,4.5,10,0.25,HILAA,3,1998-03-19,1998-04-02,1998-04-08,2.08,San Cristóbal,Venezuela,HILARION-Abastos,Carlos Hernández,San Cristóbal,Venezuela,Guaraná Fantástica,10,1,12 - 355 ml cans,1,Beverages,Refrescos Americanas LTDA,Brazil,Janet Leverling,Sales Representative,Speedy Express,33.75
10960,41,9.65,24,0.0,HILAA,3,1998-03-19,1998-04-02,1998-04-08,2.08,San Cristóbal,Venezuela,HILARION-Abastos,Carlos Hernández,San Cristóbal,Venezuela,Jack's New England Clam Chowder,19,8,12 - 12 oz cans,0,Seafood,New England Seafood Cannery,USA,Janet Leverling,Sales Representative,Speedy Express,231.6
10961,52,7.0,6,0.05,QUEEN,8,1998-03-19,1998-04-16,1998-03-30,104.47,Sao Paulo,Brazil,Queen Cozinha,Lúcia Carvalho,Sao Paulo,Brazil,Filo Mix,24,5,16 - 2 kg boxes,0,Grains/Cereals,G'day Mate,Australia,Laura Callahan,Inside Sales Coordinator,Speedy Express,39.9
10961,76,18.0,60,0.0,QUEEN,8,1998-03-19,1998-04-16,1998-03-30,104.47,Sao Paulo,Brazil,Queen Cozinha,Lúcia Carvalho,Sao Paulo,Brazil,Lakkalikööri,23,1,500 ml,0,Beverages,Karkki Oy,Finland,Laura Callahan,Inside Sales Coordinator,Speedy Express,1080.0
10962,7,30.0,45,0.0,QUICK,8,1998-03-19,1998-04-16,1998-03-23,275.79,Cunewalde,Germany,QUICK-Stop,Horst Kloss,Cunewalde,Germany,Uncle Bob's Organic Dried Pears,3,7,12 - 1 lb pkgs.,0,Produce,Grandma Kelly's Homestead,USA,Laura Callahan,Inside Sales Coordinator,United Package,1350.0
10962,13,6.0,77,0.0,QUICK,8,1998-03-19,1998-04-16,1998-03-23,275.79,Cunewalde,Germany,QUICK-Stop,Horst Kloss,Cunewalde,Germany,Konbu,6,8,2 kg box,0,Seafood,Mayumi's,Japan,Laura Callahan,Inside Sales Coordinator,United Package,462.0
10962,53,32.8,20,0.0,QUICK,8,1998-03-19,1998-04-16,1998-03-23,275.79,Cunewalde,Germany,QUICK-Stop,Horst Kloss,Cunewalde,Germany,Perth Pasties,24,6,48 pieces,1,Meat/Poultry,G'day Mate,Australia,Laura Callahan,Inside Sales Coordinator,United Package,656.0
10962,69,36.0,9,0.0,QUICK,8,1998-03-19,1998-04-16,1998-03-23,275.79,Cunewalde,Germany,QUICK-Stop,Horst Kloss,Cunewalde,Germany,Gudbrandsdalsost,15,4,10 kg pkg.,0,Dairy Products,Norske Meierier,Norway,Laura Callahan,Inside Sales Coordinator,United Package,324.0
10962,76,18.0,44,0.0,QUICK,8,1998-03-19,1998-04-16,1998-03-23,275.79,Cunewalde,Germany,QUICK-Stop,Horst Kloss,Cunewalde,Germany,Lakkalikööri,23,1,500 ml,0,Beverages,Karkki Oy,Finland,Laura Callahan,Inside Sales Coordinator,United Package,792.0
10963,60,34.0,2,0.15,FURIB,9,1998-03-19,1998-04-16,1998-03-26,2.7,Lisboa,Portugal,Furia Bacalhau e Frutos do Mar,Lino Rodriguez,Lisboa,Portugal,Camembert Pierrot,28,4,15 - 300 g rounds,0,Dairy Products,Gai pâturage,France,Anne Dodsworth,Sales Representative,Federal Shipping,57.8
10964,18,62.5,6,0.0,SPECD,3,1998-03-20,1998-04-17,1998-03-24,87.38,Paris,France,Spécialités du monde,Dominique Perrier,Paris,France,Carnarvon Tigers,7,8,16 kg pkg.,0,Seafood,Pavlova Ltd.,Australia,Janet Leverling,Sales Representative,United Package,375.0
10964,38,263.5,5,0.0,SPECD,3,1998-03-20,1998-04-17,1998-03-24,87.38,Paris,France,Spécialités du monde,Dominique Perrier,Paris,France,Côte de Blaye,18,1,12 - 75 cl bottles,0,Beverages,Aux joyeux ecclésiastiques,France,Janet Leverling,Sales Representative,United Package,1317.5
10964,69,36.0,10,0.0,SPECD,3,1998-03-20,1998-04-17,1998-03-24,87.38,Paris,France,Spécialités du monde,Dominique Perrier,Paris,France,Gudbrandsdalsost,15,4,10 kg pkg.,0,Dairy Products,Norske Meierier,Norway,Janet Leverling,Sales Representative,United Package,360.0
10965,51,53.0,16,0.0,OLDWO,6,1998-03-20,1998-04-17,1998-03-30,144.38,Anchorage,USA,Old World Delicatessen,Rene Phillips,Anchorage,USA,Manjimup Dried Apples,24,7,50 - 300 g pkgs.,0,Produce,G'day Mate,Australia,Michael Suyama,Sales Representative,Federal Shipping,848.0
10966,37,26.0,8,0.0,CHOPS,4,1998-03-20,1998-04-17,1998-04-08,27.19,Bern,Switzerland,Chop-suey Chinese,Yang Wang,Bern,Switzerland,Gravad lax,17,8,12 - 500 g pkgs.,0,Seafood,Svensk Sjöföda AB,Sweden,Margaret Peacock,Sales Representative,Speedy Express,208.0
10966,56,38.0,12,0.15,CHOPS,4,1998-03-20,1998-04-17,1998-04-08,27.19,Bern,Switzerland,Chop-suey Chinese,Yang Wang,Bern,Switzerland,Gnocchi di nonna Alice,26,5,24 - 250 g pkgs.,0,Grains/Cereals,Pasta Buttini s.r.l.,Italy,Margaret Peacock,Sales Representative,Speedy Express,387.6
10966,62,49.3,12,0.15,CHOPS,4,1998-03-20,1998-04-17,1998-04-08,27.19,Bern,Switzerland,Chop-suey Chinese,Yang Wang,Bern,Switzerland,Tarte au sucre,29,3,48 pies,0,Confections,Forêts d'érables,Canada,Margaret Peacock,Sales Representative,Speedy Express,502.86
10967,19,9.2,12,0.0,TOMSP,2,1998-03-23,1998-04-20,1998-04-02,62.22,Münster,Germany,Toms Spezialitäten,Karin Josephs,Münster,Germany,Teatime Chocolate Biscuits,8,3,10 boxes x 12 pieces,0,Confections,Specialty Biscuits Ltd.,UK,Andrew Fuller,Vice President Sales,United Package,110.4
10967,49,20.0,40,0.0,TOMSP,2,1998-03-23,1998-04-20,1998-04-02,62.22,Münster,Germany,Toms Spezialitäten,Karin Josephs,Münster,Germany,Maxilaku,23,3,24 - 50 g pkgs.,0,Confections,Karkki Oy,Finland,Andrew Fuller,Vice President Sales,United Package,800.0
10968,12,38.0,30,0.0,ERNSH,1,1998-03-23,1998-04-20,1998-04-01,74.6,Graz,Austria,Ernst Handel,Roland Mendel,Graz,Austria,Queso Manchego La Pastora,5,4,10 - 500 g pkgs.,0,Dairy Products,Cooperativa de Quesos 'Las Cabras',Spain,Nancy Davolio,Sales Representative,Federal Shipping,1140.0
10968,24,4.5,30,0.0,ERNSH,1,1998-03-23,1998-04-20,1998-04-01,74.6,Graz,Austria,Ernst Handel,Roland Mendel,Graz,Austria,Guaraná Fantástica,10,1,12 - 355 ml cans,1,Beverages,Refrescos Americanas LTDA,Brazil,Nancy Davolio,Sales Representative,Federal Shipping,135.0
10968,64,33.25,4,0.0,ERNSH,1,1998-03-23,1998-04-20,1998-04-01,74.6,Graz,Austria,Ernst Handel,Roland Mendel,Graz,Austria,Wimmers gute Semmelknödel,12,5,20 bags x 4 pieces,0,Grains/Cereals,Plutzer Lebensmittelgroßmärkte AG,Germany,Nancy Davolio,Sales Representative,Federal Shipping,133.0
10969,46,12.0,9,0.0,COMMI,1,1998-03-23,1998-04-20,1998-03-30,0.21,Sao Paulo,Brazil,Comércio Mineiro,Pedro Afonso,Sao Paulo,Brazil,Spegesild,21,8,4 - 450 g glasses,0,Seafood,Lyngbysild,Denmark,Nancy Davolio,Sales Representative,United Package,108.0
10970,52,7.0,40,0.2,BOLID,9,1998-03-24,1998-04-07,1998-04-24,16.16,Madrid,Spain,Bólido Comidas preparadas,Martín Sommer,Madrid,Spain,Filo Mix,24,5,16 - 2 kg boxes,0,Grains/Cereals,G'day Mate,Australia,Anne Dodsworth,Sales Representative,Speedy Express,224.0
10971,29,123.79,14,0.0,FRANR,2,1998-03-24,1998-04-21,1998-04-02,121.82,Nantes,France,France restauration,Carine Schmitt,Nantes,France,Thüringer Rostbratwurst,12,6,50 bags x 30 sausgs.,1,Meat/Poultry,Plutzer Lebensmittelgroßmärkte AG,Germany,Andrew Fuller,Vice President Sales,United Package,1733.06
10972,17,39.0,6,0.0,LACOR,4,1998-03-24,1998-04-21,1998-03-26,0.02,Versailles,France,La corne d'abondance,Daniel Tonini,Versailles,France,Alice Mutton,7,6,20 - 1 kg tins,1,Meat/Poultry,Pavlova Ltd.,Australia,Margaret Peacock,Sales Representative,United Package,234.0
10972,33,2.5,7,0.0,LACOR,4,1998-03-24,1998-04-21,1998-03-26,0.02,Versailles,France,La corne d'abondance,Daniel Tonini,Versailles,France,Geitost,15,4,500 g,0,Dairy Products,Norske Meierier,Norway,Margaret Peacock,Sales Representative,United Package,17.5
10973,26,31.23,5,0.0,LACOR,6,1998-03-24,1998-04-21,1998-03-27,15.17,Versailles,France,La corne d'abondance,Daniel Tonini,Versailles,France,Gumbär Gummibärchen,11,3,100 - 250 g bags,0,Confections,Heli Süßwaren GmbH & Co. KG,Germany,Michael Suyama,Sales Representative,United Package,156.15
10973,41,9.65,6,0.0,LACOR,6,1998-03-24,1998-04-21,1998-03-27,15.17,Versailles,France,La corne d'abondance,Daniel Tonini,Versailles,France,Jack's New England Clam Chowder,19,8,12 - 12 oz cans,0,Seafood,New England Seafood Cannery,USA,Michael Suyama,Sales Representative,United Package,57.9
10973,75,7.75,10,0.0,LACOR,6,1998-03-24,1998-04-21,1998-03-27,15.17,Versailles,France,La corne d'abondance,Daniel Tonini,Versailles,France,Rhönbräu Klosterbier,12,1,24 - 0.5 l bottles,0,Beverages,Plutzer Lebensmittelgroßmärkte AG,Germany,Michael Suyama,Sales Representative,United Package,77.5
10974,63,43.9,10,0.0,SPLIR,3,1998-03-25,1998-04-08,1998-04-03,12.96,Lander,USA,Split Rail Beer & Ale,Art Braunschweiger,Lander,USA,Vegie-spread,7,2,15 - 625 g jars,0,Condiments,Pavlova Ltd.,Australia,Janet Leverling,Sales Representative,Federal Shipping,439.0
10975,8,40.0,16,0.0,BOTTM,1,1998-03-25,1998-04-22,1998-03-27,32.27,Tsawassen,Canada,Bottom-Dollar Markets,Elizabeth Lincoln,Tsawassen,Canada,Northwoods Cranberry Sauce,3,2,12 - 12 oz jars,0,Condiments,Grandma Kelly's Homestead,USA,Nancy Davolio,Sales Representative,Federal Shipping,640.0
10975,75,7.75,10,0.0,BOTTM,1,1998-03-25,1998-04-22,1998-03-27,32.27,Tsawassen,Canada,Bottom-Dollar Markets,Elizabeth Lincoln,Tsawassen,Canada,Rhönbräu Klosterbier,12,1,24 - 0.5 l bottles,0,Beverages,Plutzer Lebensmittelgroßmärkte AG,Germany,Nancy Davolio,Sales Representative,Federal Shipping,77.5
10976,28,45.6,20,0.0,HILAA,1,1998-03-25,1998-05-06,1998-04-03,37.97,San Cristóbal,Venezuela,HILARION-Abastos,Carlos Hernández,San Cristóbal,Venezuela,Rössle Sauerkraut,12,7,25 - 825 g cans,1,Produce,Plutzer Lebensmittelgroßmärkte AG,Germany,Nancy Davolio,Sales Representative,Speedy Express,912.0
10977,39,18.0,30,0.0,FOLKO,8,1998-03-26,1998-04-23,1998-04-10,208.5,Bräcke,Sweden,Folk och fä HB,Maria Larsson,Bräcke,Sweden,Chartreuse verte,18,1,750 cc per bottle,0,Beverages,Aux joyeux ecclésiastiques,France,Laura Callahan,Inside Sales Coordinator,Federal Shipping,540.0
10977,47,9.5,30,0.0,FOLKO,8,1998-03-26,1998-04-23,1998-04-10,208.5,Bräcke,Sweden,Folk och fä HB,Maria Larsson,Bräcke,Sweden,Zaanse koeken,22,3,10 - 4 oz boxes,0,Confections,Zaanse Snoepfabriek,Netherlands,Laura Callahan,Inside Sales Coordinator,Federal Shipping,285.0
10977,51,53.0,10,0.0,FOLKO,8,1998-03-26,1998-04-23,1998-04-10,208.5,Bräcke,Sweden,Folk och fä HB,Maria Larsson,Bräcke,Sweden,Manjimup Dried Apples,24,7,50 - 300 g pkgs.,0,Produce,G'day Mate,Australia,Laura Callahan,Inside Sales Coordinator,Federal Shipping,530.0
10977,63,43.9,20,0.0,FOLKO,8,1998-03-26,1998-04-23,1998-04-10,208.5,Bräcke,Sweden,Folk och fä HB,Maria Larsson,Bräcke,Sweden,Vegie-spread,7,2,15 - 625 g jars,0,Condiments,Pavlova Ltd.,Australia,Laura Callahan,Inside Sales Coordinator,Federal Shipping,878.0
10978,8,40.0,20,0.15,MAISD,9,1998-03-26,1998-04-23,1998-04-23,32.82,Bruxelles,Belgium,Maison Dewey,Catherine Dewey,Bruxelles,Belgium,Northwoods Cranberry Sauce,3,2,12 - 12 oz jars,0,Condiments,Grandma Kelly's Homestead,USA,Anne Dodsworth,Sales Representative,United Package,680.0
10978,21,10.0,40,0.15,MAISD,9,1998-03-26,1998-04-23,1998-04-23,32.82,Bruxelles,Belgium,Maison Dewey,Catherine Dewey,Bruxelles,Belgium,Sir Rodney's Scones,8,3,24 pkgs. x 4 pieces,0,Confections,Specialty Biscuits Ltd.,UK,Anne Dodsworth,Sales Representative,United Package,340.0
10978,40,18.4,10,0.0,MAISD,9,1998-03-26,1998-04-23,1998-04-23,32.82,Bruxelles,Belgium,Maison Dewey,Catherine Dewey,Bruxelles,Belgium,Boston Crab Meat,19,8,24 - 4 oz tins,0,Seafood,New England Seafood Cannery,USA,Anne Dodsworth,Sales Representative,United Package,184.0
10978,44,19.45,6,0.15,MAISD,9,1998-03-26,1998-04-23,1998-04-23,32.82,Bruxelles,Belgium,Maison Dewey,Catherine Dewey,Bruxelles,Belgium,Gula Malacca,20,2,20 - 2 kg bags,0,Condiments,Leka Trading,Singapore,Anne Dodsworth,Sales Representative,United Package,99.2
10979,7,30.0,18,0.0,ERNSH,8,1998-03-26,1998-04-23,1998-03-31,353.07,Graz,Austria,Ernst Handel,Roland Mendel,Graz,Austria,Uncle Bob's Organic Dried Pears,3,7,12 - 1 lb pkgs.,0,Produce,Grandma Kelly's Homestead,USA,Laura Callahan,Inside Sales Coordinator,United Package,540.0
10979,12,38.0,20,0.0,ERNSH,8,1998-03-26,1998-04-23,1998-03-31,353.07,Graz,Austria,Ernst Handel,Roland Mendel,Graz,Austria,Queso Manchego La Pastora,5,4,10 - 500 g pkgs.,0,Dairy Products,Cooperativa de Quesos 'Las Cabras',Spain,Laura Callahan,Inside Sales Coordinator,United Package,760.0
10979,24,4.5,80,0.0,ERNSH,8,1998-03-26,1998-04-23,1998-03-31,353.07,Graz,Austria,Ernst Handel,Roland Mendel,Graz,Austria,Guaraná Fantástica,10,1,12 - 355 ml cans,1,Beverages,Refrescos Americanas LTDA,Brazil,Laura Callahan,Inside Sales Coordinator,United Package,360.0
10979,27,43.9,30,0.0,ERNSH,8,1998-03-26,1998-04-23,1998-03-31,353.07,Graz,Austria,Ernst Handel,Roland Mendel,Graz,Austria,Schoggi Schokolade,11,3,100 - 100 g pieces,0,Confections,Heli Süßwaren GmbH & Co. KG,Germany,Laura Callahan,Inside Sales Coordinator,United Package,1317.0
10979,31,12.5,24,0.0,ERNSH,8,1998-03-26,1998-04-23,1998-03-31,353.07,Graz,Austria,Ernst Handel,Roland Mendel,Graz,Austria,Gorgonzola Telino,14,4,12 - 100 g pkgs,0,Dairy Products,Formaggi Fortini s.r.l.,Italy,Laura Callahan,Inside Sales Coordinator,United Package,300.0
10979,63,43.9,35,0.0,ERNSH,8,1998-03-26,1998-04-23,1998-03-31,353.07,Graz,Austria,Ernst Handel,Roland Mendel,Graz,Austria,Vegie-spread,7,2,15 - 625 g jars,0,Condiments,Pavlova Ltd.,Australia,Laura Callahan,Inside Sales Coordinator,United Package,1536.5
10980,75,7.75,40,0.2,FOLKO,4,1998-03-27,1998-05-08,1998-04-17,1.26,Bräcke,Sweden,Folk och fä HB,Maria Larsson,Bräcke,Sweden,Rhönbräu Klosterbier,12,1,24 - 0.5 l bottles,0,Beverages,Plutzer Lebensmittelgroßmärkte AG,Germany,Margaret Peacock,Sales Representative,Speedy Express,248.0
10981,38,263.5,60,0.0,HANAR,1,1998-03-27,1998-04-24,1998-04-02,193.37,Rio de Janeiro,Brazil,Hanari Carnes,Mario Pontes,Rio de Janeiro,Brazil,Côte de Blaye,18,1,12 - 75 cl bottles,0,Beverages,Aux joyeux ecclésiastiques,France,Nancy Davolio,Sales Representative,United Package,15810.0
10982,7,30.0,20,0.0,BOTTM,2,1998-03-27,1998-04-24,1998-04-08,14.01,Tsawassen,Canada,Bottom-Dollar Markets,Elizabeth Lincoln,Tsawassen,Canada,Uncle Bob's Organic Dried Pears,3,7,12 - 1 lb pkgs.,0,Produce,Grandma Kelly's Homestead,USA,Andrew Fuller,Vice President Sales,Speedy Express,600.0
10982,43,46.0,9,0.0,BOTTM,2,1998-03-27,1998-04-24,1998-04-08,14.01,Tsawassen,Canada,Bottom-Dollar Markets,Elizabeth Lincoln,Tsawassen,Canada,Ipoh Coffee,20,1,16 - 500 g tins,0,Beverages,Leka Trading,Singapore,Andrew Fuller,Vice President Sales,Speedy Express,414.0
10983,13,6.0,84,0.15,SAVEA,2,1998-03-27,1998-04-24,1998-04-06,657.54,Boise,USA,Save-a-lot Markets,Jose Pavarotti,Boise,USA,Konbu,6,8,2 kg box,0,Seafood,Mayumi's,Japan,Andrew Fuller,Vice President Sales,United Package,428.4
10983,57,19.5,15,0.0,SAVEA,2,1998-03-27,1998-04-24,1998-04-06,657.54,Boise,USA,Save-a-lot Markets,Jose Pavarotti,Boise,USA,Ravioli Angelo,26,5,24 - 250 g pkgs.,0,Grains/Cereals,Pasta Buttini s.r.l.,Italy,Andrew Fuller,Vice President Sales,United Package,292.5
10984,16,17.45,55,0.0,SAVEA,1,1998-03-30,1998-04-27,1998-04-03,211.22,Boise,USA,Save-a-lot Markets,Jose Pavarotti,Boise,USA,Pavlova,7,3,32 - 500 g boxes,0,Confections,Pavlova Ltd.,Australia,Nancy Davolio,Sales Representative,Federal Shipping,959.75
10984,24,4.5,20,0.0,SAVEA,1,1998-03-30,1998-04-27,1998-04-03,211.22,Boise,USA,Save-a-lot Markets,Jose Pavarotti,Boise,USA,Guaraná Fantástica,10,1,12 - 355 ml cans,1,Beverages,Refrescos Americanas LTDA,Brazil,Nancy Davolio,Sales Representative,Federal Shipping,90.0
10984,36,19.0,40,0.0,SAVEA,1,1998-03-30,1998-04-27,1998-04-03,211.22,Boise,USA,Save-a-lot Markets,Jose Pavarotti,Boise,USA,Inlagd Sill,17,8,24 - 250 g  jars,0,Seafood,Svensk Sjöföda AB,Sweden,Nancy Davolio,Sales Representative,Federal Shipping,760.0
10985,16,17.45,36,0.1,HUNGO,2,1998-03-30,1998-04-27,1998-04-02,91.51,Cork,Ireland,Hungry Owl All-Night Grocers,Patricia McKenna,Cork,Ireland,Pavlova,7,3,32 - 500 g boxes,0,Confections,Pavlova Ltd.,Australia,Andrew Fuller,Vice President Sales,Speedy Express,565.38
10985,18,62.5,8,0.1,HUNGO,2,1998-03-30,1998-04-27,1998-04-02,91.51,Cork,Ireland,Hungry Owl All-Night Grocers,Patricia McKenna,Cork,Ireland,Carnarvon Tigers,7,8,16 kg pkg.,0,Seafood,Pavlova Ltd.,Australia,Andrew Fuller,Vice President Sales,Speedy Express,450.0
10985,32,32.0,35,0.1,HUNGO,2,1998-03-30,1998-04-27,1998-04-02,91.51,Cork,Ireland,Hungry Owl All-Night Grocers,Patricia McKenna,Cork,Ireland,Mascarpone Fabioli,14,4,24 - 200 g pkgs.,0,Dairy Products,Formaggi Fortini s.r.l.,Italy,Andrew Fuller,Vice President Sales,Speedy Express,1008.0
10986,11,21.0,30,0.0,OCEAN,8,1998-03-30,1998-04-27,1998-04-21,217.86,Buenos Aires,Argentina,Océano Atlántico Ltda.,Yvonne Moncada,Buenos Aires,Argentina,Queso Cabrales,5,4,1 kg pkg.,0,Dairy Products,Cooperativa de Quesos 'Las Cabras',Spain,Laura Callahan,Inside Sales Coordinator,United Package,630.0
10986,20,81.0,15,0.0,OCEAN,8,1998-03-30,1998-04-27,1998-04-21,217.86,Buenos Aires,Argentina,Océano Atlántico Ltda.,Yvonne Moncada,Buenos Aires,Argentina,Sir Rodney's Marmalade,8,3,30 gift boxes,0,Confections,Specialty Biscuits Ltd.,UK,Laura Callahan,Inside Sales Coordinator,United Package,1215.0
10986,76,18.0,10,0.0,OCEAN,8,1998-03-30,1998-04-27,1998-04-21,217.86,Buenos Aires,Argentina,Océano Atlántico Ltda.,Yvonne Moncada,Buenos Aires,Argentina,Lakkalikööri,23,1,500 ml,0,Beverages,Karkki Oy,Finland,Laura Callahan,Inside Sales Coordinator,United Package,180.0
10986,77,13.0,15,0.0,OCEAN,8,1998-03-30,1998-04-27,1998-04-21,217.86,Buenos Aires,Argentina,Océano Atlántico Ltda.,Yvonne Moncada,Buenos Aires,Argentina,Original Frankfurter grüne Soße,12,2,12 boxes,0,Condiments,Plutzer Lebensmittelgroßmärkte AG,Germany,Laura Callahan,Inside Sales Coordinator,United Package,195.0
10987,7,30.0,60,0.0,EASTC,8,1998-03-31,1998-04-28,1998-04-06,185.48,London,UK,Eastern Connection,Ann Devon,London,UK,Uncle Bob's Organic Dried Pears,3,7,12 - 1 lb pkgs.,0,Produce,Grandma Kelly's Homestead,USA,Laura Callahan,Inside Sales Coordinator,Speedy Express,1800.0
10987,43,46.0,6,0.0,EASTC,8,1998-03-31,1998-04-28,1998-04-06,185.48,London,UK,Eastern Connection,Ann Devon,London,UK,Ipoh Coffee,20,1,16 - 500 g tins,0,Beverages,Leka Trading,Singapore,Laura Callahan,Inside Sales Coordinator,Speedy Express,276.0
10987,72,34.8,20,0.0,EASTC,8,1998-03-31,1998-04-28,1998-04-06,185.48,London,UK,Eastern Connection,Ann Devon,London,UK,Mozzarella di Giovanni,14,4,24 - 200 g pkgs.,0,Dairy Products,Formaggi Fortini s.r.l.,Italy,Laura Callahan,Inside Sales Coordinator,Speedy Express,696.0
10988,7,30.0,60,0.0,RATTC,3,1998-03-31,1998-04-28,1998-04-10,61.14,Albuquerque,USA,Rattlesnake Canyon Grocery,Paula Wilson,Albuquerque,USA,Uncle Bob's Organic Dried Pears,3,7,12 - 1 lb pkgs.,0,Produce,Grandma Kelly's Homestead,USA,Janet Leverling,Sales Representative,United Package,1800.0
10988,62,49.3,40,0.1,RATTC,3,1998-03-31,1998-04-28,1998-04-10,61.14,Albuquerque,USA,Rattlesnake Canyon Grocery,Paula Wilson,Albuquerque,USA,Tarte au sucre,29,3,48 pies,0,Confections,Forêts d'érables,Canada,Janet Leverling,Sales Representative,United Package,1774.8
10989,6,25.0,40,0.0,QUEDE,2,1998-03-31,1998-04-28,1998-04-02,34.76,Rio de Janeiro,Brazil,Que Delícia,Bernardo Batista, 12Rio de Janeiro,Brazil,Grandma's Boysenberry Spread,3,2,12 - 8 oz jars,0,Condiments,Grandma Kelly's Homestead,USA,Andrew Fuller,Vice President Sales,Speedy Express,1000.0
10989,11,21.0,15,0.0,QUEDE,2,1998-03-31,1998-04-28,1998-04-02,34.76,Rio de Janeiro,Brazil,Que Delícia,Bernardo Batista, 12Rio de Janeiro,Brazil,Queso Cabrales,5,4,1 kg pkg.,0,Dairy Products,Cooperativa de Quesos 'Las Cabras',Spain,Andrew Fuller,Vice President Sales,Speedy Express,315.0
10989,41,9.65,4,0.0,QUEDE,2,1998-03-31,1998-04-28,1998-04-02,34.76,Rio de Janeiro,Brazil,Que Delícia,Bernardo Batista, 12Rio de Janeiro,Brazil,Jack's New England Clam Chowder,19,8,12 - 12 oz cans,0,Seafood,New England Seafood Cannery,USA,Andrew Fuller,Vice President Sales,Speedy Express,38.6
10990,21,10.0,65,0.0,ERNSH,2,1998-04-01,1998-05-13,1998-04-07,117.61,Graz,Austria,Ernst Handel,Roland Mendel,Graz,Austria,Sir Rodney's Scones,8,3,24 pkgs. x 4 pieces,0,Confections,Specialty Biscuits Ltd.,UK,Andrew Fuller,Vice President Sales,Federal Shipping,650.0
10990,34,14.0,60,0.15,ERNSH,2,1998-04-01,1998-05-13,1998-04-07,117.61,Graz,Austria,Ernst Handel,Roland Mendel,Graz,Austria,Sasquatch Ale,16,1,24 - 12 oz bottles,0,Beverages,Bigfoot Breweries,USA,Andrew Fuller,Vice President Sales,Federal Shipping,714.0
10990,55,24.0,65,0.15,ERNSH,2,1998-04-01,1998-05-13,1998-04-07,117.61,Graz,Austria,Ernst Handel,Roland Mendel,Graz,Austria,Pâté chinois,25,6,24 boxes x 2 pies,0,Meat/Poultry,Ma Maison,Canada,Andrew Fuller,Vice President Sales,Federal Shipping,1326.0
10990,61,28.5,66,0.15,ERNSH,2,1998-04-01,1998-05-13,1998-04-07,117.61,Graz,Austria,Ernst Handel,Roland Mendel,Graz,Austria,Sirop d'érable,29,2,24 - 500 ml bottles,0,Condiments,Forêts d'érables,Canada,Andrew Fuller,Vice President Sales,Federal Shipping,1598.85
10991,2,19.0,50,0.2,QUICK,1,1998-04-01,1998-04-29,1998-04-07,38.51,Cunewalde,Germany,QUICK-Stop,Horst Kloss,Cunewalde,Germany,Chang,1,1,24 - 12 oz bottles,0,Beverages,Exotic Liquids,UK,Nancy Davolio,Sales Representative,Speedy Express,760.0
10991,70,15.0,20,0.2,QUICK,1,1998-04-01,1998-04-29,1998-04-07,38.51,Cunewalde,Germany,QUICK-Stop,Horst Kloss,Cunewalde,Germany,Outback Lager,7,1,24 - 355 ml bottles,0,Beverages,Pavlova Ltd.,Australia,Nancy Davolio,Sales Representative,Speedy Express,240.0
10991,76,18.0,90,0.2,QUICK,1,1998-04-01,1998-04-29,1998-04-07,38.51,Cunewalde,Germany,QUICK-Stop,Horst Kloss,Cunewalde,Germany,Lakkalikööri,23,1,500 ml,0,Beverages,Karkki Oy,Finland,Nancy Davolio,Sales Representative,Speedy Express,1296.0
10992,72,34.8,2,0.0,THEBI,1,1998-04-01,1998-04-29,1998-04-03,4.27,Portland,USA,The Big Cheese,Liz Nixon,Portland,USA,Mozzarella di Giovanni,14,4,24 - 200 g pkgs.,0,Dairy Products,Formaggi Fortini s.r.l.,Italy,Nancy Davolio,Sales Representative,Federal Shipping,69.6
10993,29,123.79,50,0.25,FOLKO,7,1998-04-01,1998-04-29,1998-04-10,8.81,Bräcke,Sweden,Folk och fä HB,Maria Larsson,Bräcke,Sweden,Thüringer Rostbratwurst,12,6,50 bags x 30 sausgs.,1,Meat/Poultry,Plutzer Lebensmittelgroßmärkte AG,Germany,Robert King,Sales Representative,Federal Shipping,4642.12
10993,41,9.65,35,0.25,FOLKO,7,1998-04-01,1998-04-29,1998-04-10,8.81,Bräcke,Sweden,Folk och fä HB,Maria Larsson,Bräcke,Sweden,Jack's New England Clam Chowder,19,8,12 - 12 oz cans,0,Seafood,New England Seafood Cannery,USA,Robert King,Sales Representative,Federal Shipping,253.31
10994,59,55.0,18,0.05,VAFFE,2,1998-04-02,1998-04-16,1998-04-09,65.53,Århus,Denmark,Vaffeljernet,Palle Ibsen,Århus,Denmark,Raclette Courdavault,28,4,5 kg pkg.,0,Dairy Products,Gai pâturage,France,Andrew Fuller,Vice President Sales,Federal Shipping,940.5
10995,51,53.0,20,0.0,PERIC,1,1998-04-02,1998-04-30,1998-04-06,46.0,México D.F.,Mexico,Pericles Comidas clásicas,Guillermo Fernández,México D.F.,Mexico,Manjimup Dried Apples,24,7,50 - 300 g pkgs.,0,Produce,G'day Mate,Australia,Nancy Davolio,Sales Representative,Federal Shipping,1060.0
10995,60,34.0,4,0.0,PERIC,1,1998-04-02,1998-04-30,1998-04-06,46.0,México D.F.,Mexico,Pericles Comidas clásicas,Guillermo Fernández,México D.F.,Mexico,Camembert Pierrot,28,4,15 - 300 g rounds,0,Dairy Products,Gai pâturage,France,Nancy Davolio,Sales Representative,Federal Shipping,136.0
10996,42,14.0,40,0.0,QUICK,4,1998-04-02,1998-04-30,1998-04-10,1.12,Cunewalde,Germany,QUICK-Stop,Horst Kloss,Cunewalde,Germany,Singaporean Hokkien Fried Mee,20,5,32 - 1 kg pkgs.,1,Grains/Cereals,Leka Trading,Singapore,Margaret Peacock,Sales Representative,United Package,560.0
10997,32,32.0,50,0.0,LILAS,8,1998-04-03,1998-05-15,1998-04-13,73.91,Barquisimeto,Venezuela,LILA-Supermercado,Carlos González,Barquisimeto,Venezuela,Mascarpone Fabioli,14,4,24 - 200 g pkgs.,0,Dairy Products,Formaggi Fortini s.r.l.,Italy,Laura Callahan,Inside Sales Coordinator,United Package,1600.0
10997,46,12.0,20,0.25,LILAS,8,1998-04-03,1998-05-15,1998-04-13,73.91,Barquisimeto,Venezuela,LILA-Supermercado,Carlos González,Barquisimeto,Venezuela,Spegesild,21,8,4 - 450 g glasses,0,Seafood,Lyngbysild,Denmark,Laura Callahan,Inside Sales Coordinator,United Package,180.0
10997,52,7.0,20,0.25,LILAS,8,1998-04-03,1998-05-15,1998-04-13,73.91,Barquisimeto,Venezuela,LILA-Supermercado,Carlos González,Barquisimeto,Venezuela,Filo Mix,24,5,16 - 2 kg boxes,0,Grains/Cereals,G'day Mate,Australia,Laura Callahan,Inside Sales Coordinator,United Package,105.0
10998,24,4.5,12,0.0,WOLZA,8,1998-04-03,1998-04-17,1998-04-17,20.31,Warszawa,Poland,Wolski  Zajazd,Zbyszek Piestrzeniewicz,Warszawa,Poland,Guaraná Fantástica,10,1,12 - 355 ml cans,1,Beverages,Refrescos Americanas LTDA,Brazil,Laura Callahan,Inside Sales Coordinator,United Package,54.0
10998,61,28.5,7,0.0,WOLZA,8,1998-04-03,1998-04-17,1998-04-17,20.31,Warszawa,Poland,Wolski  Zajazd,Zbyszek Piestrzeniewicz,Warszawa,Poland,Sirop d'érable,29,2,24 - 500 ml bottles,0,Condiments,Forêts d'érables,Canada,Laura Callahan,Inside Sales Coordinator,United Package,199.5
10998,74,10.0,20,0.0,WOLZA,8,1998-04-03,1998-04-17,1998-04-17,20.31,Warszawa,Poland,Wolski  Zajazd,Zbyszek Piestrzeniewicz,Warszawa,Poland,Longlife Tofu,4,7,5 kg pkg.,0,Produce,Tokyo Traders,Japan,Laura Callahan,Inside Sales Coordinator,United Package,200.0
10998,75,7.75,30,0.0,WOLZA,8,1998-04-03,1998-04-17,1998-04-17,20.31,Warszawa,Poland,Wolski  Zajazd,Zbyszek Piestrzeniewicz,Warszawa,Poland,Rhönbräu Klosterbier,12,1,24 - 0.5 l bottles,0,Beverages,Plutzer Lebensmittelgroßmärkte AG,Germany,Laura Callahan,Inside Sales Coordinator,United Package,232.5
10999,41,9.65,20,0.05,OTTIK,6,1998-04-03,1998-05-01,1998-04-10,96.35,Köln,Germany,Ottilies Käseladen,Henriette Pfalzheim,Köln,Germany,Jack's New England Clam Chowder,19,8,12 - 12 oz cans,0,Seafood,New England Seafood Cannery,USA,Michael Suyama,Sales Representative,United Package,183.35
10999,51,53.0,15,0.05,OTTIK,6,1998-04-03,1998-05-01,1998-04-10,96.35,Köln,Germany,Ottilies Käseladen,Henriette Pfalzheim,Köln,Germany,Manjimup Dried Apples,24,7,50 - 300 g pkgs.,0,Produce,G'day Mate,Australia,Michael Suyama,Sales Representative,United Package,755.25
10999,77,13.0,21,0.05,OTTIK,6,1998-04-03,1998-05-01,1998-04-10,96.35,Köln,Germany,Ottilies Käseladen,Henriette Pfalzheim,Köln,Germany,Original Frankfurter grüne Soße,12,2,12 boxes,0,Condiments,Plutzer Lebensmittelgroßmärkte AG,Germany,Michael Suyama,Sales Representative,United Package,259.35
11000,4,22.0,25,0.25,RATTC,2,1998-04-06,1998-05-04,1998-04-14,55.12,Albuquerque,USA,Rattlesnake Canyon Grocery,Paula Wilson,Albuquerque,USA,Chef Anton's Cajun Seasoning,2,2,48 - 6 oz jars,0,Condiments,New Orleans Cajun Delights,USA,Andrew Fuller,Vice President Sales,Federal Shipping,412.5
11000,24,4.5,30,0.25,RATTC,2,1998-04-06,1998-05-04,1998-04-14,55.12,Albuquerque,USA,Rattlesnake Canyon Grocery,Paula Wilson,Albuquerque,USA,Guaraná Fantástica,10,1,12 - 355 ml cans,1,Beverages,Refrescos Americanas LTDA,Brazil,Andrew Fuller,Vice President Sales,Federal Shipping,101.25
11000,77,13.0,30,0.0,RATTC,2,1998-04-06,1998-05-04,1998-04-14,55.12,Albuquerque,USA,Rattlesnake Canyon Grocery,Paula Wilson,Albuquerque,USA,Original Frankfurter grüne Soße,12,2,12 boxes,0,Condiments,Plutzer Lebensmittelgroßmärkte AG,Germany,Andrew Fuller,Vice President Sales,Federal Shipping,390.0
11001,7,30.0,60,0.0,FOLKO,2,1998-04-06,1998-05-04,1998-04-14,197.3,Bräcke,Sweden,Folk och fä HB,Maria Larsson,Bräcke,Sweden,Uncle Bob's Organic Dried Pears,3,7,12 - 1 lb pkgs.,0,Produce,Grandma Kelly's Homestead,USA,Andrew Fuller,Vice President Sales,United Package,1800.0
11001,22,21.0,25,0.0,FOLKO,2,1998-04-06,1998-05-04,1998-04-14,197.3,Bräcke,Sweden,Folk och fä HB,Maria Larsson,Bräcke,Sweden,Gustaf's Knäckebröd,9,5,24 - 500 g pkgs.,0,Grains/Cereals,PB Knäckebröd AB,Sweden,Andrew Fuller,Vice President Sales,United Package,525.0
11001,46,12.0,25,0.0,FOLKO,2,1998-04-06,1998-05-04,1998-04-14,197.3,Bräcke,Sweden,Folk och fä HB,Maria Larsson,Bräcke,Sweden,Spegesild,21,8,4 - 450 g glasses,0,Seafood,Lyngbysild,Denmark,Andrew Fuller,Vice President Sales,United Package,300.0
11001,55,24.0,6,0.0,FOLKO,2,1998-04-06,1998-05-04,1998-04-14,197.3,Bräcke,Sweden,Folk och fä HB,Maria Larsson,Bräcke,Sweden,Pâté chinois,25,6,24 boxes x 2 pies,0,Meat/Poultry,Ma Maison,Canada,Andrew Fuller,Vice President Sales,United Package,144.0
11002,13,6.0,56,0.0,SAVEA,4,1998-04-06,1998-05-04,1998-04-16,141.16,Boise,USA,Save-a-lot Markets,Jose Pavarotti,Boise,USA,Konbu,6,8,2 kg box,0,Seafood,Mayumi's,Japan,Margaret Peacock,Sales Representative,Speedy Express,336.0
11002,35,18.0,15,0.15,SAVEA,4,1998-04-06,1998-05-04,1998-04-16,141.16,Boise,USA,Save-a-lot Markets,Jose Pavarotti,Boise,USA,Steeleye Stout,16,1,24 - 12 oz bottles,0,Beverages,Bigfoot Breweries,USA,Margaret Peacock,Sales Representative,Speedy Express,229.5
11002,42,14.0,24,0.15,SAVEA,4,1998-04-06,1998-05-04,1998-04-16,141.16,Boise,USA,Save-a-lot Markets,Jose Pavarotti,Boise,USA,Singaporean Hokkien Fried Mee,20,5,32 - 1 kg pkgs.,1,Grains/Cereals,Leka Trading,Singapore,Margaret Peacock,Sales Representative,Speedy Express,285.6
11002,55,24.0,40,0.0,SAVEA,4,1998-04-06,1998-05-04,1998-04-16,141.16,Boise,USA,Save-a-lot Markets,Jose Pavarotti,Boise,USA,Pâté chinois,25,6,24 boxes x 2 pies,0,Meat/Poultry,Ma Maison,Canada,Margaret Peacock,Sales Representative,Speedy Express,960.0
11003,1,18.0,4,0.0,THECR,3,1998-04-06,1998-05-04,1998-04-08,14.91,Butte,USA,The Cracker Box,Liu Wong,Butte,USA,Chai,1,1,10 boxes x 20 bags,0,Beverages,Exotic Liquids,UK,Janet Leverling,Sales Representative,Federal Shipping,72.0
11003,40,18.4,10,0.0,THECR,3,1998-04-06,1998-05-04,1998-04-08,14.91,Butte,USA,The Cracker Box,Liu Wong,Butte,USA,Boston Crab Meat,19,8,24 - 4 oz tins,0,Seafood,New England Seafood Cannery,USA,Janet Leverling,Sales Representative,Federal Shipping,184.0
11003,52,7.0,10,0.0,THECR,3,1998-04-06,1998-05-04,1998-04-08,14.91,Butte,USA,The Cracker Box,Liu Wong,Butte,USA,Filo Mix,24,5,16 - 2 kg boxes,0,Grains/Cereals,G'day Mate,Australia,Janet Leverling,Sales Representative,Federal Shipping,70.0
11004,26,31.23,6,0.0,MAISD,3,1998-04-07,1998-05-05,1998-04-20,44.84,Bruxelles,Belgium,Maison Dewey,Catherine Dewey,Bruxelles,Belgium,Gumbär Gummibärchen,11,3,100 - 250 g bags,0,Confections,Heli Süßwaren GmbH & Co. KG,Germany,Janet Leverling,Sales Representative,Speedy Express,187.38
11004,76,18.0,6,0.0,MAISD,3,1998-04-07,1998-05-05,1998-04-20,44.84,Bruxelles,Belgium,Maison Dewey,Catherine Dewey,Bruxelles,Belgium,Lakkalikööri,23,1,500 ml,0,Beverages,Karkki Oy,Finland,Janet Leverling,Sales Representative,Speedy Express,108.0
11005,1,18.0,2,0.0,WILMK,2,1998-04-07,1998-05-05,1998-04-10,0.75,Helsinki,Finland,Wilman Kala,Matti Karttunen,Helsinki,Finland,Chai,1,1,10 boxes x 20 bags,0,Beverages,Exotic Liquids,UK,Andrew Fuller,Vice President Sales,Speedy Express,36.0
11005,59,55.0,10,0.0,WILMK,2,1998-04-07,1998-05-05,1998-04-10,0.75,Helsinki,Finland,Wilman Kala,Matti Karttunen,Helsinki,Finland,Raclette Courdavault,28,4,5 kg pkg.,0,Dairy Products,Gai pâturage,France,Andrew Fuller,Vice President Sales,Speedy Express,550.0
11006,1,18.0,8,0.0,GREAL,3,1998-04-07,1998-05-05,1998-04-15,25.19,Eugene,USA,Great Lakes Food Market,Howard Snyder,Eugene,USA,Chai,1,1,10 boxes x 20 bags,0,Beverages,Exotic Liquids,UK,Janet Leverling,Sales Representative,United Package,144.0
11006,29,123.79,2,0.25,GREAL,3,1998-04-07,1998-05-05,1998-04-15,25.19,Eugene,USA,Great Lakes Food Market,Howard Snyder,Eugene,USA,Thüringer Rostbratwurst,12,6,50 bags x 30 sausgs.,1,Meat/Poultry,Plutzer Lebensmittelgroßmärkte AG,Germany,Janet Leverling,Sales Representative,United Package,185.68
11007,8,40.0,30,0.0,PRINI,8,1998-04-08,1998-05-06,1998-04-13,202.24,Lisboa,Portugal,Princesa Isabel Vinhos,Isabel de Castro,Lisboa,Portugal,Northwoods Cranberry Sauce,3,2,12 - 12 oz jars,0,Condiments,Grandma Kelly's Homestead,USA,Laura Callahan,Inside Sales Coordinator,United Package,1200.0
11007,29,123.79,10,0.0,PRINI,8,1998-04-08,1998-05-06,1998-04-13,202.24,Lisboa,Portugal,Princesa Isabel Vinhos,Isabel de Castro,Lisboa,Portugal,Thüringer Rostbratwurst,12,6,50 bags x 30 sausgs.,1,Meat/Poultry,Plutzer Lebensmittelgroßmärkte AG,Germany,Laura Callahan,Inside Sales Coordinator,United Package,1237.9
11007,42,14.0,14,0.0,PRINI,8,1998-04-08,1998-05-06,1998-04-13,202.24,Lisboa,Portugal,Princesa Isabel Vinhos,Isabel de Castro,Lisboa,Portugal,Singaporean Hokkien Fried Mee,20,5,32 - 1 kg pkgs.,1,Grains/Cereals,Leka Trading,Singapore,Laura Callahan,Inside Sales Coordinator,United Package,196.0
11008,28,45.6,70,0.05,ERNSH,7,1998-04-08,1998-05-06,,79.46,Graz,Austria,Ernst Handel,Roland Mendel,Graz,Austria,Rössle Sauerkraut,12,7,25 - 825 g cans,1,Produce,Plutzer Lebensmittelgroßmärkte AG,Germany,Robert King,Sales Representative,Federal Shipping,3032.4
11008,34,14.0,90,0.05,ERNSH,7,1998-04-08,1998-05-06,,79.46,Graz,Austria,Ernst Handel,Roland Mendel,Graz,Austria,Sasquatch Ale,16,1,24 - 12 oz bottles,0,Beverages,Bigfoot Breweries,USA,Robert King,Sales Representative,Federal Shipping,1197.0
11008,71,21.5,21,0.0,ERNSH,7,1998-04-08,1998-05-06,,79.46,Graz,Austria,Ernst Handel,Roland Mendel,Graz,Austria,Flotemysost,15,4,10 - 500 g pkgs.,0,Dairy Products,Norske Meierier,Norway,Robert King,Sales Representative,Federal Shipping,451.5
11009,24,4.5,12,0.0,GODOS,2,1998-04-08,1998-05-06,1998-04-10,59.11,Sevilla,Spain,Godos Cocina Típica,José Pedro Freyre,Sevilla,Spain,Guaraná Fantástica,10,1,12 - 355 ml cans,1,Beverages,Refrescos Americanas LTDA,Brazil,Andrew Fuller,Vice President Sales,Speedy Express,54.0
11009,36,19.0,18,0.25,GODOS,2,1998-04-08,1998-05-06,1998-04-10,59.11,Sevilla,Spain,Godos Cocina Típica,José Pedro Freyre,Sevilla,Spain,Inlagd Sill,17,8,24 - 250 g  jars,0,Seafood,Svensk Sjöföda AB,Sweden,Andrew Fuller,Vice President Sales,Speedy Express,256.5
11009,60,34.0,9,0.0,GODOS,2,1998-04-08,1998-05-06,1998-04-10,59.11,Sevilla,Spain,Godos Cocina Típica,José Pedro Freyre,Sevilla,Spain,Camembert Pierrot,28,4,15 - 300 g rounds,0,Dairy Products,Gai pâturage,France,Andrew Fuller,Vice President Sales,Speedy Express,306.0
11010,7,30.0,20,0.0,REGGC,2,1998-04-09,1998-05-07,1998-04-21,28.71,Reggio Emilia,Italy,Reggiani Caseifici,Maurizio Moroni,Reggio Emilia,Italy,Uncle Bob's Organic Dried Pears,3,7,12 - 1 lb pkgs.,0,Produce,Grandma Kelly's Homestead,USA,Andrew Fuller,Vice President Sales,United Package,600.0
11010,24,4.5,10,0.0,REGGC,2,1998-04-09,1998-05-07,1998-04-21,28.71,Reggio Emilia,Italy,Reggiani Caseifici,Maurizio Moroni,Reggio Emilia,Italy,Guaraná Fantástica,10,1,12 - 355 ml cans,1,Beverages,Refrescos Americanas LTDA,Brazil,Andrew Fuller,Vice President Sales,United Package,45.0
11011,58,13.25,40,0.05,ALFKI,3,1998-04-09,1998-05-07,1998-04-13,1.21,Berlin,Germany,Alfreds Futterkiste,Maria Anders,Berlin,Germany,Escargots de Bourgogne,27,8,24 pieces,0,Seafood,Escargots Nouveaux,France,Janet Leverling,Sales Representative,Speedy Express,503.5
11011,71,21.5,20,0.0,ALFKI,3,1998-04-09,1998-05-07,1998-04-13,1.21,Berlin,Germany,Alfreds Futterkiste,Maria Anders,Berlin,Germany,Flotemysost,15,4,10 - 500 g pkgs.,0,Dairy Products,Norske Meierier,Norway,Janet Leverling,Sales Representative,Speedy Express,430.0
11012,19,9.2,50,0.05,FRANK,1,1998-04-09,1998-04-23,1998-04-17,242.95,München,Germany,Frankenversand,Peter Franken,München,Germany,Teatime Chocolate Biscuits,8,3,10 boxes x 12 pieces,0,Confections,Specialty Biscuits Ltd.,UK,Nancy Davolio,Sales Representative,Federal Shipping,437.0
11012,60,34.0,36,0.05,FRANK,1,1998-04-09,1998-04-23,1998-04-17,242.95,München,Germany,Frankenversand,Peter Franken,München,Germany,Camembert Pierrot,28,4,15 - 300 g rounds,0,Dairy Products,Gai pâturage,France,Nancy Davolio,Sales Representative,Federal Shipping,1162.8
11012,71,21.5,60,0.05,FRANK,1,1998-04-09,1998-04-23,1998-04-17,242.95,München,Germany,Frankenversand,Peter Franken,München,Germany,Flotemysost,15,4,10 - 500 g pkgs.,0,Dairy Products,Norske Meierier,Norway,Nancy Davolio,Sales Representative,Federal Shipping,1225.5
11013,23,9.0,10,0.0,ROMEY,2,1998-04-09,1998-05-07,1998-04-10,32.99,Madrid,Spain,Romero y tomillo,Alejandra Camino,Madrid,Spain,Tunnbröd,9,5,12 - 250 g pkgs.,0,Grains/Cereals,PB Knäckebröd AB,Sweden,Andrew Fuller,Vice President Sales,Speedy Express,90.0
11013,42,14.0,4,0.0,ROMEY,2,1998-04-09,1998-05-07,1998-04-10,32.99,Madrid,Spain,Romero y tomillo,Alejandra Camino,Madrid,Spain,Singaporean Hokkien Fried Mee,20,5,32 - 1 kg pkgs.,1,Grains/Cereals,Leka Trading,Singapore,Andrew Fuller,Vice President Sales,Speedy Express,56.0
11013,45,9.5,20,0.0,ROMEY,2,1998-04-09,1998-05-07,1998-04-10,32.99,Madrid,Spain,Romero y tomillo,Alejandra Camino,Madrid,Spain,Rogede sild,21,8,1k pkg.,0,Seafood,Lyngbysild,Denmark,Andrew Fuller,Vice President Sales,Speedy Express,190.0
11013,68,12.5,2,0.0,ROMEY,2,1998-04-09,1998-05-07,1998-04-10,32.99,Madrid,Spain,Romero y tomillo,Alejandra Camino,Madrid,Spain,Scottish Longbreads,8,3,10 boxes x 8 pieces,0,Confections,Specialty Biscuits Ltd.,UK,Andrew Fuller,Vice President Sales,Speedy Express,25.0
11014,41,9.65,28,0.1,LINOD,2,1998-04-10,1998-05-08,1998-04-15,23.6,I. de Margarita,Venezuela,LINO-Delicateses,Felipe Izquierdo,I. de Margarita,Venezuela,Jack's New England Clam Chowder,19,8,12 - 12 oz cans,0,Seafood,New England Seafood Cannery,USA,Andrew Fuller,Vice President Sales,Federal Shipping,243.18
11015,30,25.89,15,0.0,SANTG,2,1998-04-10,1998-04-24,1998-04-20,4.62,Stavern,Norway,Santé Gourmet,Jonas Bergulfsen,Stavern,Norway,Nord-Ost Matjeshering,13,8,10 - 200 g glasses,0,Seafood,Nord-Ost-Fisch Handelsgesellschaft mbH,Germany,Andrew Fuller,Vice President Sales,United Package,388.35
11015,77,13.0,18,0.0,SANTG,2,1998-04-10,1998-04-24,1998-04-20,4.62,Stavern,Norway,Santé Gourmet,Jonas Bergulfsen,Stavern,Norway,Original Frankfurter grüne Soße,12,2,12 boxes,0,Condiments,Plutzer Lebensmittelgroßmärkte AG,Germany,Andrew Fuller,Vice President Sales,United Package,234.0
11016,31,12.5,15,0.0,AROUT,9,1998-04-10,1998-05-08,1998-04-13,33.8,Colchester,UK,Around the Horn,Thomas Hardy,London,UK,Gorgonzola Telino,14,4,12 - 100 g pkgs,0,Dairy Products,Formaggi Fortini s.r.l.,Italy,Anne Dodsworth,Sales Representative,United Package,187.5
11016,36,19.0,16,0.0,AROUT,9,1998-04-10,1998-05-08,1998-04-13,33.8,Colchester,UK,Around the Horn,Thomas Hardy,London,UK,Inlagd Sill,17,8,24 - 250 g  jars,0,Seafood,Svensk Sjöföda AB,Sweden,Anne Dodsworth,Sales Representative,United Package,304.0
11017,3,10.0,25,0.0,ERNSH,9,1998-04-13,1998-05-11,1998-04-20,754.26,Graz,Austria,Ernst Handel,Roland Mendel,Graz,Austria,Aniseed Syrup,1,2,12 - 550 ml bottles,0,Condiments,Exotic Liquids,UK,Anne Dodsworth,Sales Representative,United Package,250.0
11017,59,55.0,110,0.0,ERNSH,9,1998-04-13,1998-05-11,1998-04-20,754.26,Graz,Austria,Ernst Handel,Roland Mendel,Graz,Austria,Raclette Courdavault,28,4,5 kg pkg.,0,Dairy Products,Gai pâturage,France,Anne Dodsworth,Sales Representative,United Package,6050.0
11017,70,15.0,30,0.0,ERNSH,9,1998-04-13,1998-05-11,1998-04-20,754.26,Graz,Austria,Ernst Handel,Roland Mendel,Graz,Austria,Outback Lager,7,1,24 - 355 ml bottles,0,Beverages,Pavlova Ltd.,Australia,Anne Dodsworth,Sales Representative,United Package,450.0
11018,12,38.0,20,0.0,LONEP,4,1998-04-13,1998-05-11,1998-04-16,11.65,Portland,USA,Lonesome Pine Restaurant,Fran Wilson,Portland,USA,Queso Manchego La Pastora,5,4,10 - 500 g pkgs.,0,Dairy Products,Cooperativa de Quesos 'Las Cabras',Spain,Margaret Peacock,Sales Representative,United Package,760.0
11018,18,62.5,10,0.0,LONEP,4,1998-04-13,1998-05-11,1998-04-16,11.65,Portland,USA,Lonesome Pine Restaurant,Fran Wilson,Portland,USA,Carnarvon Tigers,7,8,16 kg pkg.,0,Seafood,Pavlova Ltd.,Australia,Margaret Peacock,Sales Representative,United Package,625.0
11018,56,38.0,5,0.0,LONEP,4,1998-04-13,1998-05-11,1998-04-16,11.65,Portland,USA,Lonesome Pine Restaurant,Fran Wilson,Portland,USA,Gnocchi di nonna Alice,26,5,24 - 250 g pkgs.,0,Grains/Cereals,Pasta Buttini s.r.l.,Italy,Margaret Peacock,Sales Representative,United Package,190.0
11019,46,12.0,3,0.0,RANCH,6,1998-04-13,1998-05-11,,3.17,Buenos Aires,Argentina,Rancho grande,Sergio Gutiérrez,Buenos Aires,Argentina,Spegesild,21,8,4 - 450 g glasses,0,Seafood,Lyngbysild,Denmark,Michael Suyama,Sales Representative,Federal Shipping,36.0
11019,49,20.0,2,0.0,RANCH,6,1998-04-13,1998-05-11,,3.17,Buenos Aires,Argentina,Rancho grande,Sergio Gutiérrez,Buenos Aires,Argentina,Maxilaku,23,3,24 - 50 g pkgs.,0,Confections,Karkki Oy,Finland,Michael Suyama,Sales Representative,Federal Shipping,40.0
11020,10,31.0,24,0.15,OTTIK,2,1998-04-14,1998-05-12,1998-04-16,43.3,Köln,Germany,Ottilies Käseladen,Henriette Pfalzheim,Köln,Germany,Ikura,4,8,12 - 200 ml jars,0,Seafood,Tokyo Traders,Japan,Andrew Fuller,Vice President Sales,United Package,632.4
11021,2,19.0,11,0.25,QUICK,3,1998-04-14,1998-05-12,1998-04-21,297.18,Cunewalde,Germany,QUICK-Stop,Horst Kloss,Cunewalde,Germany,Chang,1,1,24 - 12 oz bottles,0,Beverages,Exotic Liquids,UK,Janet Leverling,Sales Representative,Speedy Express,156.75
11021,20,81.0,15,0.0,QUICK,3,1998-04-14,1998-05-12,1998-04-21,297.18,Cunewalde,Germany,QUICK-Stop,Horst Kloss,Cunewalde,Germany,Sir Rodney's Marmalade,8,3,30 gift boxes,0,Confections,Specialty Biscuits Ltd.,UK,Janet Leverling,Sales Representative,Speedy Express,1215.0
11021,26,31.23,63,0.0,QUICK,3,1998-04-14,1998-05-12,1998-04-21,297.18,Cunewalde,Germany,QUICK-Stop,Horst Kloss,Cunewalde,Germany,Gumbär Gummibärchen,11,3,100 - 250 g bags,0,Confections,Heli Süßwaren GmbH & Co. KG,Germany,Janet Leverling,Sales Representative,Speedy Express,1967.49
11021,51,53.0,44,0.25,QUICK,3,1998-04-14,1998-05-12,1998-04-21,297.18,Cunewalde,Germany,QUICK-Stop,Horst Kloss,Cunewalde,Germany,Manjimup Dried Apples,24,7,50 - 300 g pkgs.,0,Produce,G'day Mate,Australia,Janet Leverling,Sales Representative,Speedy Express,1749.0
11021,72,34.8,35,0.0,QUICK,3,1998-04-14,1998-05-12,1998-04-21,297.18,Cunewalde,Germany,QUICK-Stop,Horst Kloss,Cunewalde,Germany,Mozzarella di Giovanni,14,4,24 - 200 g pkgs.,0,Dairy Products,Formaggi Fortini s.r.l.,Italy,Janet Leverling,Sales Representative,Speedy Express,1218.0
11022,19,9.2,35,0.0,HANAR,9,1998-04-14,1998-05-12,1998-05-04,6.27,Rio de Janeiro,Brazil,Hanari Carnes,Mario Pontes,Rio de Janeiro,Brazil,Teatime Chocolate Biscuits,8,3,10 boxes x 12 pieces,0,Confections,Specialty Biscuits Ltd.,UK,Anne Dodsworth,Sales Representative,United Package,322.0
11022,69,36.0,30,0.0,HANAR,9,1998-04-14,1998-05-12,1998-05-04,6.27,Rio de Janeiro,Brazil,Hanari Carnes,Mario Pontes,Rio de Janeiro,Brazil,Gudbrandsdalsost,15,4,10 kg pkg.,0,Dairy Products,Norske Meierier,Norway,Anne Dodsworth,Sales Representative,United Package,1080.0
11023,7,30.0,4,0.0,BSBEV,1,1998-04-14,1998-04-28,1998-04-24,123.83,London,UK,B's Beverages,Victoria Ashworth,London,UK,Uncle Bob's Organic Dried Pears,3,7,12 - 1 lb pkgs.,0,Produce,Grandma Kelly's Homestead,USA,Nancy Davolio,Sales Representative,United Package,120.0
11023,43,46.0,30,0.0,BSBEV,1,1998-04-14,1998-04-28,1998-04-24,123.83,London,UK,B's Beverages,Victoria Ashworth,London,UK,Ipoh Coffee,20,1,16 - 500 g tins,0,Beverages,Leka Trading,Singapore,Nancy Davolio,Sales Representative,United Package,1380.0
11024,26,31.23,12,0.0,EASTC,4,1998-04-15,1998-05-13,1998-04-20,74.36,London,UK,Eastern Connection,Ann Devon,London,UK,Gumbär Gummibärchen,11,3,100 - 250 g bags,0,Confections,Heli Süßwaren GmbH & Co. KG,Germany,Margaret Peacock,Sales Representative,Speedy Express,374.76
11024,33,2.5,30,0.0,EASTC,4,1998-04-15,1998-05-13,1998-04-20,74.36,London,UK,Eastern Connection,Ann Devon,London,UK,Geitost,15,4,500 g,0,Dairy Products,Norske Meierier,Norway,Margaret Peacock,Sales Representative,Speedy Express,75.0
11024,65,21.05,21,0.0,EASTC,4,1998-04-15,1998-05-13,1998-04-20,74.36,London,UK,Eastern Connection,Ann Devon,London,UK,Louisiana Fiery Hot Pepper Sauce,2,2,32 - 8 oz bottles,0,Condiments,New Orleans Cajun Delights,USA,Margaret Peacock,Sales Representative,Speedy Express,442.05
11024,71,21.5,50,0.0,EASTC,4,1998-04-15,1998-05-13,1998-04-20,74.36,London,UK,Eastern Connection,Ann Devon,London,UK,Flotemysost,15,4,10 - 500 g pkgs.,0,Dairy Products,Norske Meierier,Norway,Margaret Peacock,Sales Representative,Speedy Express,1075.0
11025,1,18.0,10,0.1,WARTH,6,1998-04-15,1998-05-13,1998-04-24,29.17,Oulu,Finland,Wartian Herkku,Pirkko Koskitalo,Oulu,Finland,Chai,1,1,10 boxes x 20 bags,0,Beverages,Exotic Liquids,UK,Michael Suyama,Sales Representative,Federal Shipping,162.0
11025,13,6.0,20,0.1,WARTH,6,1998-04-15,1998-05-13,1998-04-24,29.17,Oulu,Finland,Wartian Herkku,Pirkko Koskitalo,Oulu,Finland,Konbu,6,8,2 kg box,0,Seafood,Mayumi's,Japan,Michael Suyama,Sales Representative,Federal Shipping,108.0
11026,18,62.5,8,0.0,FRANS,4,1998-04-15,1998-05-13,1998-04-28,47.09,Torino,Italy,Franchi S.p.A.,Paolo Accorti,Torino,Italy,Carnarvon Tigers,7,8,16 kg pkg.,0,Seafood,Pavlova Ltd.,Australia,Margaret Peacock,Sales Representative,Speedy Express,500.0
11026,51,53.0,10,0.0,FRANS,4,1998-04-15,1998-05-13,1998-04-28,47.09,Torino,Italy,Franchi S.p.A.,Paolo Accorti,Torino,Italy,Manjimup Dried Apples,24,7,50 - 300 g pkgs.,0,Produce,G'day Mate,Australia,Margaret Peacock,Sales Representative,Speedy Express,530.0
11027,24,4.5,30,0.25,BOTTM,1,1998-04-16,1998-05-14,1998-04-20,52.52,Tsawassen,Canada,Bottom-Dollar Markets,Elizabeth Lincoln,Tsawassen,Canada,Guaraná Fantástica,10,1,12 - 355 ml cans,1,Beverages,Refrescos Americanas LTDA,Brazil,Nancy Davolio,Sales Representative,Speedy Express,101.25
11027,62,49.3,21,0.25,BOTTM,1,1998-04-16,1998-05-14,1998-04-20,52.52,Tsawassen,Canada,Bottom-Dollar Markets,Elizabeth Lincoln,Tsawassen,Canada,Tarte au sucre,29,3,48 pies,0,Confections,Forêts d'érables,Canada,Nancy Davolio,Sales Representative,Speedy Express,776.47
11028,55,24.0,35,0.0,KOENE,2,1998-04-16,1998-05-14,1998-04-22,29.59,Brandenburg,Germany,Königlich Essen,Philip Cramer,Brandenburg,Germany,Pâté chinois,25,6,24 boxes x 2 pies,0,Meat/Poultry,Ma Maison,Canada,Andrew Fuller,Vice President Sales,Speedy Express,840.0
11028,59,55.0,24,0.0,KOENE,2,1998-04-16,1998-05-14,1998-04-22,29.59,Brandenburg,Germany,Königlich Essen,Philip Cramer,Brandenburg,Germany,Raclette Courdavault,28,4,5 kg pkg.,0,Dairy Products,Gai pâturage,France,Andrew Fuller,Vice President Sales,Speedy Express,1320.0
11029,56,38.0,20,0.0,CHOPS,4,1998-04-16,1998-05-14,1998-04-27,47.84,Bern,Switzerland,Chop-suey Chinese,Yang Wang,Bern,Switzerland,Gnocchi di nonna Alice,26,5,24 - 250 g pkgs.,0,Grains/Cereals,Pasta Buttini s.r.l.,Italy,Margaret Peacock,Sales Representative,Speedy Express,760.0
11029,63,43.9,12,0.0,CHOPS,4,1998-04-16,1998-05-14,1998-04-27,47.84,Bern,Switzerland,Chop-suey Chinese,Yang Wang,Bern,Switzerland,Vegie-spread,7,2,15 - 625 g jars,0,Condiments,Pavlova Ltd.,Australia,Margaret Peacock,Sales Representative,Speedy Express,526.8
11030,2,19.0,100,0.25,SAVEA,7,1998-04-17,1998-05-15,1998-04-27,830.75,Boise,USA,Save-a-lot Markets,Jose Pavarotti,Boise,USA,Chang,1,1,24 - 12 oz bottles,0,Beverages,Exotic Liquids,UK,Robert King,Sales Representative,United Package,1425.0
11030,5,21.35,70,0.0,SAVEA,7,1998-04-17,1998-05-15,1998-04-27,830.75,Boise,USA,Save-a-lot Markets,Jose Pavarotti,Boise,USA,Chef Anton's Gumbo Mix,2,2,36 boxes,1,Condiments,New Orleans Cajun Delights,USA,Robert King,Sales Representative,United Package,1494.5
11030,29,123.79,60,0.25,SAVEA,7,1998-04-17,1998-05-15,1998-04-27,830.75,Boise,USA,Save-a-lot Markets,Jose Pavarotti,Boise,USA,Thüringer Rostbratwurst,12,6,50 bags x 30 sausgs.,1,Meat/Poultry,Plutzer Lebensmittelgroßmärkte AG,Germany,Robert King,Sales Representative,United Package,5570.55
11030,59,55.0,100,0.25,SAVEA,7,1998-04-17,1998-05-15,1998-04-27,830.75,Boise,USA,Save-a-lot Markets,Jose Pavarotti,Boise,USA,Raclette Courdavault,28,4,5 kg pkg.,0,Dairy Products,Gai pâturage,France,Robert King,Sales Representative,United Package,4125.0
11031,1,18.0,45,0.0,SAVEA,6,1998-04-17,1998-05-15,1998-04-24,227.22,Boise,USA,Save-a-lot Markets,Jose Pavarotti,Boise,USA,Chai,1,1,10 boxes x 20 bags,0,Beverages,Exotic Liquids,UK,Michael Suyama,Sales Representative,United Package,810.0
11031,13,6.0,80,0.0,SAVEA,6,1998-04-17,1998-05-15,1998-04-24,227.22,Boise,USA,Save-a-lot Markets,Jose Pavarotti,Boise,USA,Konbu,6,8,2 kg box,0,Seafood,Mayumi's,Japan,Michael Suyama,Sales Representative,United Package,480.0
11031,24,4.5,21,0.0,SAVEA,6,1998-04-17,1998-05-15,1998-04-24,227.22,Boise,USA,Save-a-lot Markets,Jose Pavarotti,Boise,USA,Guaraná Fantástica,10,1,12 - 355 ml cans,1,Beverages,Refrescos Americanas LTDA,Brazil,Michael Suyama,Sales Representative,United Package,94.5
11031,64,33.25,20,0.0,SAVEA,6,1998-04-17,1998-05-15,1998-04-24,227.22,Boise,USA,Save-a-lot Markets,Jose Pavarotti,Boise,USA,Wimmers gute Semmelknödel,12,5,20 bags x 4 pieces,0,Grains/Cereals,Plutzer Lebensmittelgroßmärkte AG,Germany,Michael Suyama,Sales Representative,United Package,665.0
11031,71,21.5,16,0.0,SAVEA,6,1998-04-17,1998-05-15,1998-04-24,227.22,Boise,USA,Save-a-lot Markets,Jose Pavarotti,Boise,USA,Flotemysost,15,4,10 - 500 g pkgs.,0,Dairy Products,Norske Meierier,Norway,Michael Suyama,Sales Representative,United Package,344.0
11032,36,19.0,35,0.0,WHITC,2,1998-04-17,1998-05-15,1998-04-23,606.19,Seattle,USA,White Clover Markets,Karl Jablonski,Seattle,USA,Inlagd Sill,17,8,24 - 250 g  jars,0,Seafood,Svensk Sjöföda AB,Sweden,Andrew Fuller,Vice President Sales,Federal Shipping,665.0
11032,38,263.5,25,0.0,WHITC,2,1998-04-17,1998-05-15,1998-04-23,606.19,Seattle,USA,White Clover Markets,Karl Jablonski,Seattle,USA,Côte de Blaye,18,1,12 - 75 cl bottles,0,Beverages,Aux joyeux ecclésiastiques,France,Andrew Fuller,Vice President Sales,Federal Shipping,6587.5
11032,59,55.0,30,0.0,WHITC,2,1998-04-17,1998-05-15,1998-04-23,606.19,Seattle,USA,White Clover Markets,Karl Jablonski,Seattle,USA,Raclette Courdavault,28,4,5 kg pkg.,0,Dairy Products,Gai pâturage,France,Andrew Fuller,Vice President Sales,Federal Shipping,1650.0
11033,53,32.8,70,0.1,RICSU,7,1998-04-17,1998-05-15,1998-04-23,84.74,Genève,Switzerland,Richter Supermarkt,Michael Holz,Genève,Switzerland,Perth Pasties,24,6,48 pieces,1,Meat/Poultry,G'day Mate,Australia,Robert King,Sales Representative,Federal Shipping,2066.4
11033,69,36.0,36,0.1,RICSU,7,1998-04-17,1998-05-15,1998-04-23,84.74,Genève,Switzerland,Richter Supermarkt,Michael Holz,Genève,Switzerland,Gudbrandsdalsost,15,4,10 kg pkg.,0,Dairy Products,Norske Meierier,Norway,Robert King,Sales Representative,Federal Shipping,1166.4
11034,21,10.0,15,0.1,OLDWO,8,1998-04-20,1998-06-01,1998-04-27,40.32,Anchorage,USA,Old World Delicatessen,Rene Phillips,Anchorage,USA,Sir Rodney's Scones,8,3,24 pkgs. x 4 pieces,0,Confections,Specialty Biscuits Ltd.,UK,Laura Callahan,Inside Sales Coordinator,Speedy Express,135.0
11034,44,19.45,12,0.0,OLDWO,8,1998-04-20,1998-06-01,1998-04-27,40.32,Anchorage,USA,Old World Delicatessen,Rene Phillips,Anchorage,USA,Gula Malacca,20,2,20 - 2 kg bags,0,Condiments,Leka Trading,Singapore,Laura Callahan,Inside Sales Coordinator,Speedy Express,233.4
11034,61,28.5,6,0.0,OLDWO,8,1998-04-20,1998-06-01,1998-04-27,40.32,Anchorage,USA,Old World Delicatessen,Rene Phillips,Anchorage,USA,Sirop d'érable,29,2,24 - 500 ml bottles,0,Condiments,Forêts d'érables,Canada,Laura Callahan,Inside Sales Coordinator,Speedy Express,171.0
11035,1,18.0,10,0.0,SUPRD,2,1998-04-20,1998-05-18,1998-04-24,0.17,Charleroi,Belgium,Suprêmes délices,Pascale Cartrain,Charleroi,Belgium,Chai,1,1,10 boxes x 20 bags,0,Beverages,Exotic Liquids,UK,Andrew Fuller,Vice President Sales,United Package,180.0
11035,35,18.0,60,0.0,SUPRD,2,1998-04-20,1998-05-18,1998-04-24,0.17,Charleroi,Belgium,Suprêmes délices,Pascale Cartrain,Charleroi,Belgium,Steeleye Stout,16,1,24 - 12 oz bottles,0,Beverages,Bigfoot Breweries,USA,Andrew Fuller,Vice President Sales,United Package,1080.0
11035,42,14.0,30,0.0,SUPRD,2,1998-04-20,1998-05-18,1998-04-24,0.17,Charleroi,Belgium,Suprêmes délices,Pascale Cartrain,Charleroi,Belgium,Singaporean Hokkien Fried Mee,20,5,32 - 1 kg pkgs.,1,Grains/Cereals,Leka Trading,Singapore,Andrew Fuller,Vice President Sales,United Package,420.0
11035,54,7.45,10,0.0,SUPRD,2,1998-04-20,1998-05-18,1998-04-24,0.17,Charleroi,Belgium,Suprêmes délices,Pascale Cartrain,Charleroi,Belgium,Tourtière,25,6,16 pies,0,Meat/Poultry,Ma Maison,Canada,Andrew Fuller,Vice President Sales,United Package,74.5
11036,13,6.0,7,0.0,DRACD,8,1998-04-20,1998-05-18,1998-04-22,149.47,Aachen,Germany,Drachenblut Delikatessen,Sven Ottlieb,Aachen,Germany,Konbu,6,8,2 kg box,0,Seafood,Mayumi's,Japan,Laura Callahan,Inside Sales Coordinator,Federal Shipping,42.0
11036,59,55.0,30,0.0,DRACD,8,1998-04-20,1998-05-18,1998-04-22,149.47,Aachen,Germany,Drachenblut Delikatessen,Sven Ottlieb,Aachen,Germany,Raclette Courdavault,28,4,5 kg pkg.,0,Dairy Products,Gai pâturage,France,Laura Callahan,Inside Sales Coordinator,Federal Shipping,1650.0
11037,70,15.0,4,0.0,GODOS,7,1998-04-21,1998-05-19,1998-04-27,3.2,Sevilla,Spain,Godos Cocina Típica,José Pedro Freyre,Sevilla,Spain,Outback Lager,7,1,24 - 355 ml bottles,0,Beverages,Pavlova Ltd.,Australia,Robert King,Sales Representative,Speedy Express,60.0
11038,40,18.4,5,0.2,SUPRD,1,1998-04-21,1998-05-19,1998-04-30,29.59,Charleroi,Belgium,Suprêmes délices,Pascale Cartrain,Charleroi,Belgium,Boston Crab Meat,19,8,24 - 4 oz tins,0,Seafood,New England Seafood Cannery,USA,Nancy Davolio,Sales Representative,United Package,73.6
11038,52,7.0,2,0.0,SUPRD,1,1998-04-21,1998-05-19,1998-04-30,29.59,Charleroi,Belgium,Suprêmes délices,Pascale Cartrain,Charleroi,Belgium,Filo Mix,24,5,16 - 2 kg boxes,0,Grains/Cereals,G'day Mate,Australia,Nancy Davolio,Sales Representative,United Package,14.0
11038,71,21.5,30,0.0,SUPRD,1,1998-04-21,1998-05-19,1998-04-30,29.59,Charleroi,Belgium,Suprêmes délices,Pascale Cartrain,Charleroi,Belgium,Flotemysost,15,4,10 - 500 g pkgs.,0,Dairy Products,Norske Meierier,Norway,Nancy Davolio,Sales Representative,United Package,645.0
11039,28,45.6,20,0.0,LINOD,1,1998-04-21,1998-05-19,,65.0,I. de Margarita,Venezuela,LINO-Delicateses,Felipe Izquierdo,I. de Margarita,Venezuela,Rössle Sauerkraut,12,7,25 - 825 g cans,1,Produce,Plutzer Lebensmittelgroßmärkte AG,Germany,Nancy Davolio,Sales Representative,United Package,912.0
11039,35,18.0,24,0.0,LINOD,1,1998-04-21,1998-05-19,,65.0,I. de Margarita,Venezuela,LINO-Delicateses,Felipe Izquierdo,I. de Margarita,Venezuela,Steeleye Stout,16,1,24 - 12 oz bottles,0,Beverages,Bigfoot Breweries,USA,Nancy Davolio,Sales Representative,United Package,432.0
11039,49,20.0,60,0.0,LINOD,1,1998-04-21,1998-05-19,,65.0,I. de Margarita,Venezuela,LINO-Delicateses,Felipe Izquierdo,I. de Margarita,Venezuela,Maxilaku,23,3,24 - 50 g pkgs.,0,Confections,Karkki Oy,Finland,Nancy Davolio,Sales Representative,United Package,1200.0
11039,57,19.5,28,0.0,LINOD,1,1998-04-21,1998-05-19,,65.0,I. de Margarita,Venezuela,LINO-Delicateses,Felipe Izquierdo,I. de Margarita,Venezuela,Ravioli Angelo,26,5,24 - 250 g pkgs.,0,Grains/Cereals,Pasta Buttini s.r.l.,Italy,Nancy Davolio,Sales Representative,United Package,546.0
11040,21,10.0,20,0.0,GREAL,4,1998-04-22,1998-05-20,,18.84,Eugene,USA,Great Lakes Food Market,Howard Snyder,Eugene,USA,Sir Rodney's Scones,8,3,24 pkgs. x 4 pieces,0,Confections,Specialty Biscuits Ltd.,UK,Margaret Peacock,Sales Representative,Federal Shipping,200.0
11041,2,19.0,30,0.2,CHOPS,3,1998-04-22,1998-05-20,1998-04-28,48.22,Bern,Switzerland,Chop-suey Chinese,Yang Wang,Bern,Switzerland,Chang,1,1,24 - 12 oz bottles,0,Beverages,Exotic Liquids,UK,Janet Leverling,Sales Representative,United Package,456.0
11041,63,43.9,30,0.0,CHOPS,3,1998-04-22,1998-05-20,1998-04-28,48.22,Bern,Switzerland,Chop-suey Chinese,Yang Wang,Bern,Switzerland,Vegie-spread,7,2,15 - 625 g jars,0,Condiments,Pavlova Ltd.,Australia,Janet Leverling,Sales Representative,United Package,1317.0
11042,44,19.45,15,0.0,COMMI,2,1998-04-22,1998-05-06,1998-05-01,29.99,Sao Paulo,Brazil,Comércio Mineiro,Pedro Afonso,Sao Paulo,Brazil,Gula Malacca,20,2,20 - 2 kg bags,0,Condiments,Leka Trading,Singapore,Andrew Fuller,Vice President Sales,Speedy Express,291.75
11042,61,28.5,4,0.0,COMMI,2,1998-04-22,1998-05-06,1998-05-01,29.99,Sao Paulo,Brazil,Comércio Mineiro,Pedro Afonso,Sao Paulo,Brazil,Sirop d'érable,29,2,24 - 500 ml bottles,0,Condiments,Forêts d'érables,Canada,Andrew Fuller,Vice President Sales,Speedy Express,114.0
11043,11,21.0,10,0.0,SPECD,5,1998-04-22,1998-05-20,1998-04-29,8.8,Paris,France,Spécialités du monde,Dominique Perrier,Paris,France,Queso Cabrales,5,4,1 kg pkg.,0,Dairy Products,Cooperativa de Quesos 'Las Cabras',Spain,Steven Buchanan,Sales Manager,United Package,210.0
11044,62,49.3,12,0.0,WOLZA,4,1998-04-23,1998-05-21,1998-05-01,8.72,Warszawa,Poland,Wolski  Zajazd,Zbyszek Piestrzeniewicz,Warszawa,Poland,Tarte au sucre,29,3,48 pies,0,Confections,Forêts d'érables,Canada,Margaret Peacock,Sales Representative,Speedy Express,591.6
11045,33,2.5,15,0.0,BOTTM,6,1998-04-23,1998-05-21,,70.58,Tsawassen,Canada,Bottom-Dollar Markets,Elizabeth Lincoln,Tsawassen,Canada,Geitost,15,4,500 g,0,Dairy Products,Norske Meierier,Norway,Michael Suyama,Sales Representative,United Package,37.5
11045,51,53.0,24,0.0,BOTTM,6,1998-04-23,1998-05-21,,70.58,Tsawassen,Canada,Bottom-Dollar Markets,Elizabeth Lincoln,Tsawassen,Canada,Manjimup Dried Apples,24,7,50 - 300 g pkgs.,0,Produce,G'day Mate,Australia,Michael Suyama,Sales Representative,United Package,1272.0
11046,12,38.0,20,0.05,WANDK,8,1998-04-23,1998-05-21,1998-04-24,71.64,Stuttgart,Germany,Die Wandernde Kuh,Rita Müller,Stuttgart,Germany,Queso Manchego La Pastora,5,4,10 - 500 g pkgs.,0,Dairy Products,Cooperativa de Quesos 'Las Cabras',Spain,Laura Callahan,Inside Sales Coordinator,United Package,722.0
11046,32,32.0,15,0.05,WANDK,8,1998-04-23,1998-05-21,1998-04-24,71.64,Stuttgart,Germany,Die Wandernde Kuh,Rita Müller,Stuttgart,Germany,Mascarpone Fabioli,14,4,24 - 200 g pkgs.,0,Dairy Products,Formaggi Fortini s.r.l.,Italy,Laura Callahan,Inside Sales Coordinator,United Package,456.0
11046,35,18.0,18,0.05,WANDK,8,1998-04-23,1998-05-21,1998-04-24,71.64,Stuttgart,Germany,Die Wandernde Kuh,Rita Müller,Stuttgart,Germany,Steeleye Stout,16,1,24 - 12 oz bottles,0,Beverages,Bigfoot Breweries,USA,Laura Callahan,Inside Sales Coordinator,United Package,307.8
11047,1,18.0,25,0.25,EASTC,7,1998-04-24,1998-05-22,1998-05-01,46.62,London,UK,Eastern Connection,Ann Devon,London,UK,Chai,1,1,10 boxes x 20 bags,0,Beverages,Exotic Liquids,UK,Robert King,Sales Representative,Federal Shipping,337.5
11047,5,21.35,30,0.25,EASTC,7,1998-04-24,1998-05-22,1998-05-01,46.62,London,UK,Eastern Connection,Ann Devon,London,UK,Chef Anton's Gumbo Mix,2,2,36 boxes,1,Condiments,New Orleans Cajun Delights,USA,Robert King,Sales Representative,Federal Shipping,480.38
11048,68,12.5,42,0.0,BOTTM,7,1998-04-24,1998-05-22,1998-04-30,24.12,Tsawassen,Canada,Bottom-Dollar Markets,Elizabeth Lincoln,Tsawassen,Canada,Scottish Longbreads,8,3,10 boxes x 8 pieces,0,Confections,Specialty Biscuits Ltd.,UK,Robert King,Sales Representative,Federal Shipping,525.0
11049,2,19.0,10,0.2,GOURL,3,1998-04-24,1998-05-22,1998-05-04,8.34,Campinas,Brazil,Gourmet Lanchonetes,André Fonseca,Campinas,Brazil,Chang,1,1,24 - 12 oz bottles,0,Beverages,Exotic Liquids,UK,Janet Leverling,Sales Representative,Speedy Express,152.0
11049,12,38.0,4,0.2,GOURL,3,1998-04-24,1998-05-22,1998-05-04,8.34,Campinas,Brazil,Gourmet Lanchonetes,André Fonseca,Campinas,Brazil,Queso Manchego La Pastora,5,4,10 - 500 g pkgs.,0,Dairy Products,Cooperativa de Quesos 'Las Cabras',Spain,Janet Leverling,Sales Representative,Speedy Express,121.6
11050,76,18.0,50,0.1,FOLKO,8,1998-04-27,1998-05-25,1998-05-05,59.41,Bräcke,Sweden,Folk och fä HB,Maria Larsson,Bräcke,Sweden,Lakkalikööri,23,1,500 ml,0,Beverages,Karkki Oy,Finland,Laura Callahan,Inside Sales Coordinator,United Package,810.0
11051,24,4.5,10,0.2,LAMAI,7,1998-04-27,1998-05-25,,2.79,Toulouse,France,La maison d'Asie,Annette Roulet,Toulouse,France,Guaraná Fantástica,10,1,12 - 355 ml cans,1,Beverages,Refrescos Americanas LTDA,Brazil,Robert King,Sales Representative,Federal Shipping,36.0
11052,43,46.0,30,0.2,HANAR,3,1998-04-27,1998-05-25,1998-05-01,67.26,Rio de Janeiro,Brazil,Hanari Carnes,Mario Pontes,Rio de Janeiro,Brazil,Ipoh Coffee,20,1,16 - 500 g tins,0,Beverages,Leka Trading,Singapore,Janet Leverling,Sales Representative,Speedy Express,1104.0
11052,61,28.5,10,0.2,HANAR,3,1998-04-27,1998-05-25,1998-05-01,67.26,Rio de Janeiro,Brazil,Hanari Carnes,Mario Pontes,Rio de Janeiro,Brazil,Sirop d'érable,29,2,24 - 500 ml bottles,0,Condiments,Forêts d'érables,Canada,Janet Leverling,Sales Representative,Speedy Express,228.0
11053,18,62.5,35,0.2,PICCO,2,1998-04-27,1998-05-25,1998-04-29,53.05,Salzburg,Austria,Piccolo und mehr,Georg Pipps,Salzburg,Austria,Carnarvon Tigers,7,8,16 kg pkg.,0,Seafood,Pavlova Ltd.,Australia,Andrew Fuller,Vice President Sales,United Package,1750.0
11053,32,32.0,20,0.0,PICCO,2,1998-04-27,1998-05-25,1998-04-29,53.05,Salzburg,Austria,Piccolo und mehr,Georg Pipps,Salzburg,Austria,Mascarpone Fabioli,14,4,24 - 200 g pkgs.,0,Dairy Products,Formaggi Fortini s.r.l.,Italy,Andrew Fuller,Vice President Sales,United Package,640.0
11053,64,33.25,25,0.2,PICCO,2,1998-04-27,1998-05-25,1998-04-29,53.05,Salzburg,Austria,Piccolo und mehr,Georg Pipps,Salzburg,Austria,Wimmers gute Semmelknödel,12,5,20 bags x 4 pieces,0,Grains/Cereals,Plutzer Lebensmittelgroßmärkte AG,Germany,Andrew Fuller,Vice President Sales,United Package,665.0
11054,33,2.5,10,0.0,CACTU,8,1998-04-28,1998-05-26,,0.33,Buenos Aires,Argentina,Cactus Comidas para llevar,Patricio Simpson,Buenos Aires,Argentina,Geitost,15,4,500 g,0,Dairy Products,Norske Meierier,Norway,Laura Callahan,Inside Sales Coordinator,Speedy Express,25.0
11054,67,14.0,20,0.0,CACTU,8,1998-04-28,1998-05-26,,0.33,Buenos Aires,Argentina,Cactus Comidas para llevar,Patricio Simpson,Buenos Aires,Argentina,Laughing Lumberjack Lager,16,1,24 - 12 oz bottles,0,Beverages,Bigfoot Breweries,USA,Laura Callahan,Inside Sales Coordinator,Speedy Express,280.0
11055,24,4.5,15,0.0,HILAA,7,1998-04-28,1998-05-26,1998-05-05,120.92,San Cristóbal,Venezuela,HILARION-Abastos,Carlos Hernández,San Cristóbal,Venezuela,Guaraná Fantástica,10,1,12 - 355 ml cans,1,Beverages,Refrescos Americanas LTDA,Brazil,Robert King,Sales Representative,United Package,67.5
11055,25,14.0,15,0.0,HILAA,7,1998-04-28,1998-05-26,1998-05-05,120.92,San Cristóbal,Venezuela,HILARION-Abastos,Carlos Hernández,San Cristóbal,Venezuela,NuNuCa Nuß-Nougat-Creme,11,3,20 - 450 g glasses,0,Confections,Heli Süßwaren GmbH & Co. KG,Germany,Robert King,Sales Representative,United Package,210.0
11055,51,53.0,20,0.0,HILAA,7,1998-04-28,1998-05-26,1998-05-05,120.92,San Cristóbal,Venezuela,HILARION-Abastos,Carlos Hernández,San Cristóbal,Venezuela,Manjimup Dried Apples,24,7,50 - 300 g pkgs.,0,Produce,G'day Mate,Australia,Robert King,Sales Representative,United Package,1060.0
11055,57,19.5,20,0.0,HILAA,7,1998-04-28,1998-05-26,1998-05-05,120.92,San Cristóbal,Venezuela,HILARION-Abastos,Carlos Hernández,San Cristóbal,Venezuela,Ravioli Angelo,26,5,24 - 250 g pkgs.,0,Grains/Cereals,Pasta Buttini s.r.l.,Italy,Robert King,Sales Representative,United Package,390.0
11056,7,30.0,40,0.0,EASTC,8,1998-04-28,1998-05-12,1998-05-01,278.96,London,UK,Eastern Connection,Ann Devon,London,UK,Uncle Bob's Organic Dried Pears,3,7,12 - 1 lb pkgs.,0,Produce,Grandma Kelly's Homestead,USA,Laura Callahan,Inside Sales Coordinator,United Package,1200.0
11056,55,24.0,35,0.0,EASTC,8,1998-04-28,1998-05-12,1998-05-01,278.96,London,UK,Eastern Connection,Ann Devon,London,UK,Pâté chinois,25,6,24 boxes x 2 pies,0,Meat/Poultry,Ma Maison,Canada,Laura Callahan,Inside Sales Coordinator,United Package,840.0
11056,60,34.0,50,0.0,EASTC,8,1998-04-28,1998-05-12,1998-05-01,278.96,London,UK,Eastern Connection,Ann Devon,London,UK,Camembert Pierrot,28,4,15 - 300 g rounds,0,Dairy Products,Gai pâturage,France,Laura Callahan,Inside Sales Coordinator,United Package,1700.0
11057,70,15.0,3,0.0,NORTS,3,1998-04-29,1998-05-27,1998-05-01,4.13,London,UK,North/South,Simon Crowther,London,UK,Outback Lager,7,1,24 - 355 ml bottles,0,Beverages,Pavlova Ltd.,Australia,Janet Leverling,Sales Representative,Federal Shipping,45.0
11058,21,10.0,3,0.0,BLAUS,9,1998-04-29,1998-05-27,,31.14,Mannheim,Germany,Blauer See Delikatessen,Hanna Moos,Mannheim,Germany,Sir Rodney's Scones,8,3,24 pkgs. x 4 pieces,0,Confections,Specialty Biscuits Ltd.,UK,Anne Dodsworth,Sales Representative,Federal Shipping,30.0
11058,60,34.0,21,0.0,BLAUS,9,1998-04-29,1998-05-27,,31.14,Mannheim,Germany,Blauer See Delikatessen,Hanna Moos,Mannheim,Germany,Camembert Pierrot,28,4,15 - 300 g rounds,0,Dairy Products,Gai pâturage,France,Anne Dodsworth,Sales Representative,Federal Shipping,714.0
11058,61,28.5,4,0.0,BLAUS,9,1998-04-29,1998-05-27,,31.14,Mannheim,Germany,Blauer See Delikatessen,Hanna Moos,Mannheim,Germany,Sirop d'érable,29,2,24 - 500 ml bottles,0,Condiments,Forêts d'érables,Canada,Anne Dodsworth,Sales Representative,Federal Shipping,114.0
11059,13,6.0,30,0.0,RICAR,2,1998-04-29,1998-06-10,,85.8,Rio de Janeiro,Brazil,Ricardo Adocicados,Janete Limeira,Rio de Janeiro,Brazil,Konbu,6,8,2 kg box,0,Seafood,Mayumi's,Japan,Andrew Fuller,Vice President Sales,United Package,180.0
11059,17,39.0,12,0.0,RICAR,2,1998-04-29,1998-06-10,,85.8,Rio de Janeiro,Brazil,Ricardo Adocicados,Janete Limeira,Rio de Janeiro,Brazil,Alice Mutton,7,6,20 - 1 kg tins,1,Meat/Poultry,Pavlova Ltd.,Australia,Andrew Fuller,Vice President Sales,United Package,468.0
11059,60,34.0,35,0.0,RICAR,2,1998-04-29,1998-06-10,,85.8,Rio de Janeiro,Brazil,Ricardo Adocicados,Janete Limeira,Rio de Janeiro,Brazil,Camembert Pierrot,28,4,15 - 300 g rounds,0,Dairy Products,Gai pâturage,France,Andrew Fuller,Vice President Sales,United Package,1190.0
11060,60,34.0,4,0.0,FRANS,2,1998-04-30,1998-05-28,1998-05-04,10.98,Torino,Italy,Franchi S.p.A.,Paolo Accorti,Torino,Italy,Camembert Pierrot,28,4,15 - 300 g rounds,0,Dairy Products,Gai pâturage,France,Andrew Fuller,Vice President Sales,United Package,136.0
11060,77,13.0,10,0.0,FRANS,2,1998-04-30,1998-05-28,1998-05-04,10.98,Torino,Italy,Franchi S.p.A.,Paolo Accorti,Torino,Italy,Original Frankfurter grüne Soße,12,2,12 boxes,0,Condiments,Plutzer Lebensmittelgroßmärkte AG,Germany,Andrew Fuller,Vice President Sales,United Package,130.0
11061,60,34.0,15,0.0,GREAL,4,1998-04-30,1998-06-11,,14.01,Eugene,USA,Great Lakes Food Market,Howard Snyder,Eugene,USA,Camembert Pierrot,28,4,15 - 300 g rounds,0,Dairy Products,Gai pâturage,France,Margaret Peacock,Sales Representative,Federal Shipping,510.0
11062,53,32.8,10,0.2,REGGC,4,1998-04-30,1998-05-28,,29.93,Reggio Emilia,Italy,Reggiani Caseifici,Maurizio Moroni,Reggio Emilia,Italy,Perth Pasties,24,6,48 pieces,1,Meat/Poultry,G'day Mate,Australia,Margaret Peacock,Sales Representative,United Package,262.4
11062,70,15.0,12,0.2,REGGC,4,1998-04-30,1998-05-28,,29.93,Reggio Emilia,Italy,Reggiani Caseifici,Maurizio Moroni,Reggio Emilia,Italy,Outback Lager,7,1,24 - 355 ml bottles,0,Beverages,Pavlova Ltd.,Australia,Margaret Peacock,Sales Representative,United Package,144.0
11063,34,14.0,30,0.0,HUNGO,3,1998-04-30,1998-05-28,1998-05-06,81.73,Cork,Ireland,Hungry Owl All-Night Grocers,Patricia McKenna,Cork,Ireland,Sasquatch Ale,16,1,24 - 12 oz bottles,0,Beverages,Bigfoot Breweries,USA,Janet Leverling,Sales Representative,United Package,420.0
11063,40,18.4,40,0.1,HUNGO,3,1998-04-30,1998-05-28,1998-05-06,81.73,Cork,Ireland,Hungry Owl All-Night Grocers,Patricia McKenna,Cork,Ireland,Boston Crab Meat,19,8,24 - 4 oz tins,0,Seafood,New England Seafood Cannery,USA,Janet Leverling,Sales Representative,United Package,662.4
11063,41,9.65,30,0.1,HUNGO,3,1998-04-30,1998-05-28,1998-05-06,81.73,Cork,Ireland,Hungry Owl All-Night Grocers,Patricia McKenna,Cork,Ireland,Jack's New England Clam Chowder,19,8,12 - 12 oz cans,0,Seafood,New England Seafood Cannery,USA,Janet Leverling,Sales Representative,United Package,260.55
11064,17,39.0,77,0.1,SAVEA,1,1998-05-01,1998-05-29,1998-05-04,30.09,Boise,USA,Save-a-lot Markets,Jose Pavarotti,Boise,USA,Alice Mutton,7,6,20 - 1 kg tins,1,Meat/Poultry,Pavlova Ltd.,Australia,Nancy Davolio,Sales Representative,Speedy Express,2702.7
11064,41,9.65,12,0.0,SAVEA,1,1998-05-01,1998-05-29,1998-05-04,30.09,Boise,USA,Save-a-lot Markets,Jose Pavarotti,Boise,USA,Jack's New England Clam Chowder,19,8,12 - 12 oz cans,0,Seafood,New England Seafood Cannery,USA,Nancy Davolio,Sales Representative,Speedy Express,115.8
11064,53,32.8,25,0.1,SAVEA,1,1998-05-01,1998-05-29,1998-05-04,30.09,Boise,USA,Save-a-lot Markets,Jose Pavarotti,Boise,USA,Perth Pasties,24,6,48 pieces,1,Meat/Poultry,G'day Mate,Australia,Nancy Davolio,Sales Representative,Speedy Express,738.0
11064,55,24.0,4,0.1,SAVEA,1,1998-05-01,1998-05-29,1998-05-04,30.09,Boise,USA,Save-a-lot Markets,Jose Pavarotti,Boise,USA,Pâté chinois,25,6,24 boxes x 2 pies,0,Meat/Poultry,Ma Maison,Canada,Nancy Davolio,Sales Representative,Speedy Express,86.4
11064,68,12.5,55,0.0,SAVEA,1,1998-05-01,1998-05-29,1998-05-04,30.09,Boise,USA,Save-a-lot Markets,Jose Pavarotti,Boise,USA,Scottish Longbreads,8,3,10 boxes x 8 pieces,0,Confections,Specialty Biscuits Ltd.,UK,Nancy Davolio,Sales Representative,Speedy Express,687.5
11065,30,25.89,4,0.25,LILAS,8,1998-05-01,1998-05-29,,12.91,Barquisimeto,Venezuela,LILA-Supermercado,Carlos González,Barquisimeto,Venezuela,Nord-Ost Matjeshering,13,8,10 - 200 g glasses,0,Seafood,Nord-Ost-Fisch Handelsgesellschaft mbH,Germany,Laura Callahan,Inside Sales Coordinator,Speedy Express,77.67
11065,54,7.45,20,0.25,LILAS,8,1998-05-01,1998-05-29,,12.91,Barquisimeto,Venezuela,LILA-Supermercado,Carlos González,Barquisimeto,Venezuela,Tourtière,25,6,16 pies,0,Meat/Poultry,Ma Maison,Canada,Laura Callahan,Inside Sales Coordinator,Speedy Express,111.75
11066,16,17.45,3,0.0,WHITC,7,1998-05-01,1998-05-29,1998-05-04,44.72,Seattle,USA,White Clover Markets,Karl Jablonski,Seattle,USA,Pavlova,7,3,32 - 500 g boxes,0,Confections,Pavlova Ltd.,Australia,Robert King,Sales Representative,United Package,52.35
11066,19,9.2,42,0.0,WHITC,7,1998-05-01,1998-05-29,1998-05-04,44.72,Seattle,USA,White Clover Markets,Karl Jablonski,Seattle,USA,Teatime Chocolate Biscuits,8,3,10 boxes x 12 pieces,0,Confections,Specialty Biscuits Ltd.,UK,Robert King,Sales Representative,United Package,386.4
11066,34,14.0,35,0.0,WHITC,7,1998-05-01,1998-05-29,1998-05-04,44.72,Seattle,USA,White Clover Markets,Karl Jablonski,Seattle,USA,Sasquatch Ale,16,1,24 - 12 oz bottles,0,Beverages,Bigfoot Breweries,USA,Robert King,Sales Representative,United Package,490.0
11067,41,9.65,9,0.0,DRACD,1,1998-05-04,1998-05-18,1998-05-06,7.98,Aachen,Germany,Drachenblut Delikatessen,Sven Ottlieb,Aachen,Germany,Jack's New England Clam Chowder,19,8,12 - 12 oz cans,0,Seafood,New England Seafood Cannery,USA,Nancy Davolio,Sales Representative,United Package,86.85
11068,28,45.6,8,0.15,QUEEN,8,1998-05-04,1998-06-01,,81.75,Sao Paulo,Brazil,Queen Cozinha,Lúcia Carvalho,Sao Paulo,Brazil,Rössle Sauerkraut,12,7,25 - 825 g cans,1,Produce,Plutzer Lebensmittelgroßmärkte AG,Germany,Laura Callahan,Inside Sales Coordinator,United Package,310.08
11068,43,46.0,36,0.15,QUEEN,8,1998-05-04,1998-06-01,,81.75,Sao Paulo,Brazil,Queen Cozinha,Lúcia Carvalho,Sao Paulo,Brazil,Ipoh Coffee,20,1,16 - 500 g tins,0,Beverages,Leka Trading,Singapore,Laura Callahan,Inside Sales Coordinator,United Package,1407.6
11068,77,13.0,28,0.15,QUEEN,8,1998-05-04,1998-06-01,,81.75,Sao Paulo,Brazil,Queen Cozinha,Lúcia Carvalho,Sao Paulo,Brazil,Original Frankfurter grüne Soße,12,2,12 boxes,0,Condiments,Plutzer Lebensmittelgroßmärkte AG,Germany,Laura Callahan,Inside Sales Coordinator,United Package,309.4
11069,39,18.0,20,0.0,TORTU,1,1998-05-04,1998-06-01,1998-05-06,15.67,México D.F.,Mexico,Tortuga Restaurante,Miguel Angel Paolino,México D.F.,Mexico,Chartreuse verte,18,1,750 cc per bottle,0,Beverages,Aux joyeux ecclésiastiques,France,Nancy Davolio,Sales Representative,United Package,360.0
11070,1,18.0,40,0.15,LEHMS,2,1998-05-05,1998-06-02,,136.0,Frankfurt a.M.,Germany,Lehmanns Marktstand,Renate Messner,Frankfurt a.M.,Germany,Chai,1,1,10 boxes x 20 bags,0,Beverages,Exotic Liquids,UK,Andrew Fuller,Vice President Sales,Speedy Express,612.0
11070,2,19.0,20,0.15,LEHMS,2,1998-05-05,1998-06-02,,136.0,Frankfurt a.M.,Germany,Lehmanns Marktstand,Renate Messner,Frankfurt a.M.,Germany,Chang,1,1,24 - 12 oz bottles,0,Beverages,Exotic Liquids,UK,Andrew Fuller,Vice President Sales,Speedy Express,323.0
11070,16,17.45,30,0.15,LEHMS,2,1998-05-05,1998-06-02,,136.0,Frankfurt a.M.,Germany,Lehmanns Marktstand,Renate Messner,Frankfurt a.M.,Germany,Pavlova,7,3,32 - 500 g boxes,0,Confections,Pavlova Ltd.,Australia,Andrew Fuller,Vice President Sales,Speedy Express,444.98
11070,31,12.5,20,0.0,LEHMS,2,1998-05-05,1998-06-02,,136.0,Frankfurt a.M.,Germany,Lehmanns Marktstand,Renate Messner,Frankfurt a.M.,Germany,Gorgonzola Telino,14,4,12 - 100 g pkgs,0,Dairy Products,Formaggi Fortini s.r.l.,Italy,Andrew Fuller,Vice President Sales,Speedy Express,250.0
11071,7,30.0,15,0.05,LILAS,1,1998-05-05,1998-06-02,,0.93,Barquisimeto,Venezuela,LILA-Supermercado,Carlos González,Barquisimeto,Venezuela,Uncle Bob's Organic Dried Pears,3,7,12 - 1 lb pkgs.,0,Produce,Grandma Kelly's Homestead,USA,Nancy Davolio,Sales Representative,Speedy Express,427.5
11071,13,6.0,10,0.05,LILAS,1,1998-05-05,1998-06-02,,0.93,Barquisimeto,Venezuela,LILA-Supermercado,Carlos González,Barquisimeto,Venezuela,Konbu,6,8,2 kg box,0,Seafood,Mayumi's,Japan,Nancy Davolio,Sales Representative,Speedy Express,57.0
11072,2,19.0,8,0.0,ERNSH,4,1998-05-05,1998-06-02,,258.64,Graz,Austria,Ernst Handel,Roland Mendel,Graz,Austria,Chang,1,1,24 - 12 oz bottles,0,Beverages,Exotic Liquids,UK,Margaret Peacock,Sales Representative,United Package,152.0
11072,41,9.65,40,0.0,ERNSH,4,1998-05-05,1998-06-02,,258.64,Graz,Austria,Ernst Handel,Roland Mendel,Graz,Austria,Jack's New England Clam Chowder,19,8,12 - 12 oz cans,0,Seafood,New England Seafood Cannery,USA,Margaret Peacock,Sales Representative,United Package,386.0
11072,50,16.25,22,0.0,ERNSH,4,1998-05-05,1998-06-02,,258.64,Graz,Austria,Ernst Handel,Roland Mendel,Graz,Austria,Valkoinen suklaa,23,3,12 - 100 g bars,0,Confections,Karkki Oy,Finland,Margaret Peacock,Sales Representative,United Package,357.5
11072,64,33.25,130,0.0,ERNSH,4,1998-05-05,1998-06-02,,258.64,Graz,Austria,Ernst Handel,Roland Mendel,Graz,Austria,Wimmers gute Semmelknödel,12,5,20 bags x 4 pieces,0,Grains/Cereals,Plutzer Lebensmittelgroßmärkte AG,Germany,Margaret Peacock,Sales Representative,United Package,4322.5
11073,11,21.0,10,0.0,PERIC,2,1998-05-05,1998-06-02,,24.95,México D.F.,Mexico,Pericles Comidas clásicas,Guillermo Fernández,México D.F.,Mexico,Queso Cabrales,5,4,1 kg pkg.,0,Dairy Products,Cooperativa de Quesos 'Las Cabras',Spain,Andrew Fuller,Vice President Sales,United Package,210.0
11073,24,4.5,20,0.0,PERIC,2,1998-05-05,1998-06-02,,24.95,México D.F.,Mexico,Pericles Comidas clásicas,Guillermo Fernández,México D.F.,Mexico,Guaraná Fantástica,10,1,12 - 355 ml cans,1,Beverages,Refrescos Americanas LTDA,Brazil,Andrew Fuller,Vice President Sales,United Package,90.0
11074,16,17.45,14,0.05,SIMOB,7,1998-05-06,1998-06-03,,18.44,Kobenhavn,Denmark,Simons bistro,Jytte Petersen,Kobenhavn,Denmark,Pavlova,7,3,32 - 500 g boxes,0,Confections,Pavlova Ltd.,Australia,Robert King,Sales Representative,United Package,232.08
11075,2,19.0,10,0.15,RICSU,8,1998-05-06,1998-06-03,,6.19,Genève,Switzerland,Richter Supermarkt,Michael Holz,Genève,Switzerland,Chang,1,1,24 - 12 oz bottles,0,Beverages,Exotic Liquids,UK,Laura Callahan,Inside Sales Coordinator,United Package,161.5
11075,46,12.0,30,0.15,RICSU,8,1998-05-06,1998-06-03,,6.19,Genève,Switzerland,Richter Supermarkt,Michael Holz,Genève,Switzerland,Spegesild,21,8,4 - 450 g glasses,0,Seafood,Lyngbysild,Denmark,Laura Callahan,Inside Sales Coordinator,United Package,306.0
11075,76,18.0,2,0.15,RICSU,8,1998-05-06,1998-06-03,,6.19,Genève,Switzerland,Richter Supermarkt,Michael Holz,Genève,Switzerland,Lakkalikööri,23,1,500 ml,0,Beverages,Karkki Oy,Finland,Laura Callahan,Inside Sales Coordinator,United Package,30.6
11076,6,25.0,20,0.25,BONAP,4,1998-05-06,1998-06-03,,38.28,Marseille,France,Bon app',Laurence Lebihan,Marseille,France,Grandma's Boysenberry Spread,3,2,12 - 8 oz jars,0,Condiments,Grandma Kelly's Homestead,USA,Margaret Peacock,Sales Representative,United Package,375.0
11076,14,23.25,20,0.25,BONAP,4,1998-05-06,1998-06-03,,38.28,Marseille,France,Bon app',Laurence Lebihan,Marseille,France,Tofu,6,7,40 - 100 g pkgs.,0,Produce,Mayumi's,Japan,Margaret Peacock,Sales Representative,United Package,348.75
11076,19,9.2,10,0.25,BONAP,4,1998-05-06,1998-06-03,,38.28,Marseille,France,Bon app',Laurence Lebihan,Marseille,France,Teatime Chocolate Biscuits,8,3,10 boxes x 12 pieces,0,Confections,Specialty Biscuits Ltd.,UK,Margaret Peacock,Sales Representative,United Package,69.0
11077,2,19.0,24,0.2,RATTC,1,1998-05-06,1998-06-03,,8.53,Albuquerque,USA,Rattlesnake Canyon Grocery,Paula Wilson,Albuquerque,USA,Chang,1,1,24 - 12 oz bottles,0,Beverages,Exotic Liquids,UK,Nancy Davolio,Sales Representative,United Package,364.8
11077,3,10.0,4,0.0,RATTC,1,1998-05-06,1998-06-03,,8.53,Albuquerque,USA,Rattlesnake Canyon Grocery,Paula Wilson,Albuquerque,USA,Aniseed Syrup,1,2,12 - 550 ml bottles,0,Condiments,Exotic Liquids,UK,Nancy Davolio,Sales Representative,United Package,40.0
11077,4,22.0,1,0.0,RATTC,1,1998-05-06,1998-06-03,,8.53,Albuquerque,USA,Rattlesnake Canyon Grocery,Paula Wilson,Albuquerque,USA,Chef Anton's Cajun Seasoning,2,2,48 - 6 oz jars,0,Condiments,New Orleans Cajun Delights,USA,Nancy Davolio,Sales Representative,United Package,22.0
11077,6,25.0,1,0.02,RATTC,1,1998-05-06,1998-06-03,,8.53,Albuquerque,USA,Rattlesnake Canyon Grocery,Paula Wilson,Albuquerque,USA,Grandma's Boysenberry Spread,3,2,12 - 8 oz jars,0,Condiments,Grandma Kelly's Homestead,USA,Nancy Davolio,Sales Representative,United Package,24.5
11077,7,30.0,1,0.05,RATTC,1,1998-05-06,1998-06-03,,8.53,Albuquerque,USA,Rattlesnake Canyon Grocery,Paula Wilson,Albuquerque,USA,Uncle Bob's Organic Dried Pears,3,7,12 - 1 lb pkgs.,0,Produce,Grandma Kelly's Homestead,USA,Nancy Davolio,Sales Representative,United Package,28.5
11077,8,40.0,2,0.1,RATTC,1,1998-05-06,1998-06-03,,8.53,Albuquerque,USA,Rattlesnake Canyon Grocery,Paula Wilson,Albuquerque,USA,Northwoods Cranberry Sauce,3,2,12 - 12 oz jars,0,Condiments,Grandma Kelly's Homestead,USA,Nancy Davolio,Sales Representative,United Package,72.0
11077,10,31.0,1,0.0,RATTC,1,1998-05-06,1998-06-03,,8.53,Albuquerque,USA,Rattlesnake Canyon Grocery,Paula Wilson,Albuquerque,USA,Ikura,4,8,12 - 200 ml jars,0,Seafood,Tokyo Traders,Japan,Nancy Davolio,Sales Representative,United Package,31.0
11077,12,38.0,2,0.05,RATTC,1,1998-05-06,1998-06-03,,8.53,Albuquerque,USA,Rattlesnake Canyon Grocery,Paula Wilson,Albuquerque,USA,Queso Manchego La Pastora,5,4,10 - 500 g pkgs.,0,Dairy Products,Cooperativa de Quesos 'Las Cabras',Spain,Nancy Davolio,Sales Representative,United Package,72.2
11077,13,6.0,4,0.0,RATTC,1,1998-05-06,1998-06-03,,8.53,Albuquerque,USA,Rattlesnake Canyon Grocery,Paula Wilson,Albuquerque,USA,Konbu,6,8,2 kg box,0,Seafood,Mayumi's,Japan,Nancy Davolio,Sales Representative,United Package,24.0
11077,14,23.25,1,0.03,RATTC,1,1998-05-06,1998-06-03,,8.53,Albuquerque,USA,Rattlesnake Canyon Grocery,Paula Wilson,Albuquerque,USA,Tofu,6,7,40 - 100 g pkgs.,0,Produce,Mayumi's,Japan,Nancy Davolio,Sales Representative,United Package,22.55
11077,16,17.45,2,0.03,RATTC,1,1998-05-06,1998-06-03,,8.53,Albuquerque,USA,Rattlesnake Canyon Grocery,Paula Wilson,Albuquerque,USA,Pavlova,7,3,32 - 500 g boxes,0,Confections,Pavlova Ltd.,Australia,Nancy Davolio,Sales Representative,United Package,33.85
11077,20,81.0,1,0.04,RATTC,1,1998-05-06,1998-06-03,,8.53,Albuquerque,USA,Rattlesnake Canyon Grocery,Paula Wilson,Albuquerque,USA,Sir Rodney's Marmalade,8,3,30 gift boxes,0,Confections,Specialty Biscuits Ltd.,UK,Nancy Davolio,Sales Representative,United Package,77.76
11077,23,9.0,2,0.0,RATTC,1,1998-05-06,1998-06-03,,8.53,Albuquerque,USA,Rattlesnake Canyon Grocery,Paula Wilson,Albuquerque,USA,Tunnbröd,9,5,12 - 250 g pkgs.,0,Grains/Cereals,PB Knäckebröd AB,Sweden,Nancy Davolio,Sales Representative,United Package,18.0
11077,32,32.0,1,0.0,RATTC,1,1998-05-06,1998-06-03,,8.53,Albuquerque,USA,Rattlesnake Canyon Grocery,Paula Wilson,Albuquerque,USA,Mascarpone Fabioli,14,4,24 - 200 g pkgs.,0,Dairy Products,Formaggi Fortini s.r.l.,Italy,Nancy Davolio,Sales Representative,United Package,32.0
11077,39,18.0,2,0.05,RATTC,1,1998-05-06,1998-06-03,,8.53,Albuquerque,USA,Rattlesnake Canyon Grocery,Paula Wilson,Albuquerque,USA,Chartreuse verte,18,1,750 cc per bottle,0,Beverages,Aux joyeux ecclésiastiques,France,Nancy Davolio,Sales Representative,United Package,34.2
11077,41,9.65,3,0.0,RATTC,1,1998-05-06,1998-06-03,,8.53,Albuquerque,USA,Rattlesnake Canyon Grocery,Paula Wilson,Albuquerque,USA,Jack's New England Clam Chowder,19,8,12 - 12 oz cans,0,Seafood,New England Seafood Cannery,USA,Nancy Davolio,Sales Representative,United Package,28.95
11077,46,12.0,3,0.02,RATTC,1,1998-05-06,1998-06-03,,8.53,Albuquerque,USA,Rattlesnake Canyon Grocery,Paula Wilson,Albuquerque,USA,Spegesild,21,8,4 - 450 g glasses,0,Seafood,Lyngbysild,Denmark,Nancy Davolio,Sales Representative,United Package,35.28
11077,52,7.0,2,0.0,RATTC,1,1998-05-06,1998-06-03,,8.53,Albuquerque,USA,Rattlesnake Canyon Grocery,Paula Wilson,Albuquerque,USA,Filo Mix,24,5,16 - 2 kg boxes,0,Grains/Cereals,G'day Mate,Australia,Nancy Davolio,Sales Representative,United Package,14.0
11077,55,24.0,2,0.0,RATTC,1,1998-05-06,1998-06-03,,8.53,Albuquerque,USA,Rattlesnake Canyon Grocery,Paula Wilson,Albuquerque,USA,Pâté chinois,25,6,24 boxes x 2 pies,0,Meat/Poultry,Ma Maison,Canada,Nancy Davolio,Sales Representative,United Package,48.0
11077,60,34.0,2,0.06,RATTC,1,1998-05-06,1998-06-03,,8.53,Albuquerque,USA,Rattlesnake Canyon Grocery,Paula Wilson,Albuquerque,USA,Camembert Pierrot,28,4,15 - 300 g rounds,0,Dairy Products,Gai pâturage,France,Nancy Davolio,Sales Representative,United Package,63.92
11077,64,33.25,2,0.03,RATTC,1,1998-05-06,1998-06-03,,8.53,Albuquerque,USA,Rattlesnake Canyon Grocery,Paula Wilson,Albuquerque,USA,Wimmers gute Semmelknödel,12,5,20 bags x 4 pieces,0,Grains/Cereals,Plutzer Lebensmittelgroßmärkte AG,Germany,Nancy Davolio,Sales Representative,United Package,64.5
11077,66,17.0,1,0.0,RATTC,1,1998-05-06,1998-06-03,,8.53,Albuquerque,USA,Rattlesnake Canyon Grocery,Paula Wilson,Albuquerque,USA,Louisiana Hot Spiced Okra,2,2,24 - 8 oz jars,0,Condiments,New Orleans Cajun Delights,USA,Nancy Davolio,Sales Representative,United Package,17.0
11077,73,15.0,2,0.01,RATTC,1,1998-05-06,1998-06-03,,8.53,Albuquerque,USA,Rattlesnake Canyon Grocery,Paula Wilson,Albuquerque,USA,Röd Kaviar,17,8,24 - 150 g jars,0,Seafood,Svensk Sjöföda AB,Sweden,Nancy Davolio,Sales Representative,United Package,29.7
11077,75,7.75,4,0.0,RATTC,1,1998-05-06,1998-06-03,,8.53,Albuquerque,USA,Rattlesnake Canyon Grocery,Paula Wilson,Albuquerque,USA,Rhönbräu Klosterbier,12,1,24 - 0.5 l bottles,0,Beverages,Plutzer Lebensmittelgroßmärkte AG,Germany,Nancy Davolio,Sales Representative,United Package,31.0
11077,77,13.0,2,0.0,RATTC,1,1998-05-06,1998-06-03,,8.53,Albuquerque,USA,Rattlesnake Canyon Grocery,Paula Wilson,Albuquerque,USA,Original Frankfurter grüne Soße,12,2,12 boxes,0,Condiments,Plutzer Lebensmittelgroßmärkte AG,Germany,Nancy Davolio,Sales Representative,United Package,26.0
